[0.094s] DEBUG:colcon:Command line arguments: ['/usr/bin/colcon', 'build']
[0.094s] DEBUG:colcon:Parsed command line arguments: Namespace(log_base=None, log_level=None, verb_name='build', build_base='build', install_base='install', merge_install=False, symlink_install=False, test_result_base=None, continue_on_error=False, executor='parallel', parallel_workers=8, event_handlers=None, ignore_user_meta=False, metas=['./colcon.meta'], base_paths=['.'], packages_ignore=None, packages_ignore_regex=None, paths=None, packages_up_to=None, packages_up_to_regex=None, packages_above=None, packages_above_and_dependencies=None, packages_above_depth=None, packages_select_by_dep=None, packages_skip_by_dep=None, packages_skip_up_to=None, packages_select_build_failed=False, packages_skip_build_finished=False, packages_select_test_failures=False, packages_skip_test_passed=False, packages_select=None, packages_skip=None, packages_select_regex=None, packages_skip_regex=None, packages_start=None, packages_end=None, allow_overriding=[], cmake_args=None, cmake_target=None, cmake_target_skip_unavailable=False, cmake_clean_cache=False, cmake_clean_first=False, cmake_force_configure=False, ament_cmake_args=None, catkin_cmake_args=None, catkin_skip_building_tests=False, mixin_files=None, mixin=None, verb_parser=<colcon_mixin.mixin.mixin_argument.MixinArgumentDecorator object at 0x7b959248f2b0>, verb_extension=<colcon_core.verb.build.BuildVerb object at 0x7b959248edd0>, main=<bound method BuildVerb.main of <colcon_core.verb.build.BuildVerb object at 0x7b959248edd0>>, mixin_verb=('build',))
[0.246s] Level 1:colcon.colcon_core.package_discovery:discover_packages(colcon_meta) check parameters
[0.247s] Level 1:colcon.colcon_core.package_discovery:discover_packages(recursive) check parameters
[0.247s] Level 1:colcon.colcon_core.package_discovery:discover_packages(ignore) check parameters
[0.247s] Level 1:colcon.colcon_core.package_discovery:discover_packages(path) check parameters
[0.247s] Level 1:colcon.colcon_core.package_discovery:discover_packages(colcon_meta) discover
[0.247s] Level 1:colcon.colcon_core.package_discovery:discover_packages(recursive) discover
[0.247s] INFO:colcon.colcon_core.package_discovery:Crawling recursively for packages in '/home/unknown/ROS2_Workspaces/bumperbot_ws'
[0.247s] Level 1:colcon.colcon_core.package_identification:_identify(.) by extensions ['ignore', 'ignore_ament_install']
[0.247s] Level 1:colcon.colcon_core.package_identification:_identify(.) by extension 'ignore'
[0.247s] Level 1:colcon.colcon_core.package_identification:_identify(.) by extension 'ignore_ament_install'
[0.247s] Level 1:colcon.colcon_core.package_identification:_identify(.) by extensions ['colcon_pkg']
[0.247s] Level 1:colcon.colcon_core.package_identification:_identify(.) by extension 'colcon_pkg'
[0.247s] Level 1:colcon.colcon_core.package_identification:_identify(.) by extensions ['colcon_meta']
[0.247s] Level 1:colcon.colcon_core.package_identification:_identify(.) by extension 'colcon_meta'
[0.247s] Level 1:colcon.colcon_core.package_identification:_identify(.) by extensions ['ros']
[0.247s] Level 1:colcon.colcon_core.package_identification:_identify(.) by extension 'ros'
[0.264s] Level 1:colcon.colcon_core.package_identification:_identify(.) by extensions ['cmake', 'python']
[0.264s] Level 1:colcon.colcon_core.package_identification:_identify(.) by extension 'cmake'
[0.264s] Level 1:colcon.colcon_core.package_identification:_identify(.) by extension 'python'
[0.264s] Level 1:colcon.colcon_core.package_identification:_identify(.) by extensions ['python_setup_py']
[0.264s] Level 1:colcon.colcon_core.package_identification:_identify(.) by extension 'python_setup_py'
[0.264s] Level 1:colcon.colcon_core.package_identification:_identify(build) by extensions ['ignore', 'ignore_ament_install']
[0.264s] Level 1:colcon.colcon_core.package_identification:_identify(build) by extension 'ignore'
[0.264s] Level 1:colcon.colcon_core.package_identification:_identify(build) ignored
[0.264s] Level 1:colcon.colcon_core.package_identification:_identify(install) by extensions ['ignore', 'ignore_ament_install']
[0.264s] Level 1:colcon.colcon_core.package_identification:_identify(install) by extension 'ignore'
[0.264s] Level 1:colcon.colcon_core.package_identification:_identify(install) ignored
[0.264s] Level 1:colcon.colcon_core.package_identification:_identify(log) by extensions ['ignore', 'ignore_ament_install']
[0.264s] Level 1:colcon.colcon_core.package_identification:_identify(log) by extension 'ignore'
[0.264s] Level 1:colcon.colcon_core.package_identification:_identify(log) ignored
[0.265s] Level 1:colcon.colcon_core.package_identification:_identify(src) by extensions ['ignore', 'ignore_ament_install']
[0.265s] Level 1:colcon.colcon_core.package_identification:_identify(src) by extension 'ignore'
[0.265s] Level 1:colcon.colcon_core.package_identification:_identify(src) by extension 'ignore_ament_install'
[0.265s] Level 1:colcon.colcon_core.package_identification:_identify(src) by extensions ['colcon_pkg']
[0.265s] Level 1:colcon.colcon_core.package_identification:_identify(src) by extension 'colcon_pkg'
[0.265s] Level 1:colcon.colcon_core.package_identification:_identify(src) by extensions ['colcon_meta']
[0.265s] Level 1:colcon.colcon_core.package_identification:_identify(src) by extension 'colcon_meta'
[0.265s] Level 1:colcon.colcon_core.package_identification:_identify(src) by extensions ['ros']
[0.265s] Level 1:colcon.colcon_core.package_identification:_identify(src) by extension 'ros'
[0.265s] Level 1:colcon.colcon_core.package_identification:_identify(src) by extensions ['cmake', 'python']
[0.265s] Level 1:colcon.colcon_core.package_identification:_identify(src) by extension 'cmake'
[0.265s] Level 1:colcon.colcon_core.package_identification:_identify(src) by extension 'python'
[0.265s] Level 1:colcon.colcon_core.package_identification:_identify(src) by extensions ['python_setup_py']
[0.265s] Level 1:colcon.colcon_core.package_identification:_identify(src) by extension 'python_setup_py'
[0.265s] Level 1:colcon.colcon_core.package_identification:_identify(src/bumper_bot) by extensions ['ignore', 'ignore_ament_install']
[0.265s] Level 1:colcon.colcon_core.package_identification:_identify(src/bumper_bot) by extension 'ignore'
[0.265s] Level 1:colcon.colcon_core.package_identification:_identify(src/bumper_bot) by extension 'ignore_ament_install'
[0.265s] Level 1:colcon.colcon_core.package_identification:_identify(src/bumper_bot) by extensions ['colcon_pkg']
[0.265s] Level 1:colcon.colcon_core.package_identification:_identify(src/bumper_bot) by extension 'colcon_pkg'
[0.265s] Level 1:colcon.colcon_core.package_identification:_identify(src/bumper_bot) by extensions ['colcon_meta']
[0.265s] Level 1:colcon.colcon_core.package_identification:_identify(src/bumper_bot) by extension 'colcon_meta'
[0.265s] Level 1:colcon.colcon_core.package_identification:_identify(src/bumper_bot) by extensions ['ros']
[0.266s] Level 1:colcon.colcon_core.package_identification:_identify(src/bumper_bot) by extension 'ros'
[0.269s] DEBUG:colcon.colcon_core.package_identification:Package 'src/bumper_bot' with type 'ros.ament_cmake' and name 'bumper_bot'
[0.269s] Level 1:colcon.colcon_core.package_identification:_identify(src/bumper_bot_py) by extensions ['ignore', 'ignore_ament_install']
[0.270s] Level 1:colcon.colcon_core.package_identification:_identify(src/bumper_bot_py) by extension 'ignore'
[0.270s] Level 1:colcon.colcon_core.package_identification:_identify(src/bumper_bot_py) by extension 'ignore_ament_install'
[0.270s] Level 1:colcon.colcon_core.package_identification:_identify(src/bumper_bot_py) by extensions ['colcon_pkg']
[0.270s] Level 1:colcon.colcon_core.package_identification:_identify(src/bumper_bot_py) by extension 'colcon_pkg'
[0.270s] Level 1:colcon.colcon_core.package_identification:_identify(src/bumper_bot_py) by extensions ['colcon_meta']
[0.270s] Level 1:colcon.colcon_core.package_identification:_identify(src/bumper_bot_py) by extension 'colcon_meta'
[0.270s] Level 1:colcon.colcon_core.package_identification:_identify(src/bumper_bot_py) by extensions ['ros']
[0.270s] Level 1:colcon.colcon_core.package_identification:_identify(src/bumper_bot_py) by extension 'ros'
[0.270s] DEBUG:colcon.colcon_core.package_identification:Package 'src/bumper_bot_py' with type 'ros.ament_python' and name 'bumper_bot_py'
[0.270s] Level 1:colcon.colcon_core.package_identification:_identify(src/bumperbot_controller) by extensions ['ignore', 'ignore_ament_install']
[0.271s] Level 1:colcon.colcon_core.package_identification:_identify(src/bumperbot_controller) by extension 'ignore'
[0.271s] Level 1:colcon.colcon_core.package_identification:_identify(src/bumperbot_controller) by extension 'ignore_ament_install'
[0.271s] Level 1:colcon.colcon_core.package_identification:_identify(src/bumperbot_controller) by extensions ['colcon_pkg']
[0.271s] Level 1:colcon.colcon_core.package_identification:_identify(src/bumperbot_controller) by extension 'colcon_pkg'
[0.271s] Level 1:colcon.colcon_core.package_identification:_identify(src/bumperbot_controller) by extensions ['colcon_meta']
[0.271s] Level 1:colcon.colcon_core.package_identification:_identify(src/bumperbot_controller) by extension 'colcon_meta'
[0.271s] Level 1:colcon.colcon_core.package_identification:_identify(src/bumperbot_controller) by extensions ['ros']
[0.271s] Level 1:colcon.colcon_core.package_identification:_identify(src/bumperbot_controller) by extension 'ros'
[0.272s] DEBUG:colcon.colcon_core.package_identification:Package 'src/bumperbot_controller' with type 'ros.ament_cmake' and name 'bumperbot_controller'
[0.272s] Level 1:colcon.colcon_core.package_identification:_identify(src/bumperbot_firmware) by extensions ['ignore', 'ignore_ament_install']
[0.272s] Level 1:colcon.colcon_core.package_identification:_identify(src/bumperbot_firmware) by extension 'ignore'
[0.272s] Level 1:colcon.colcon_core.package_identification:_identify(src/bumperbot_firmware) by extension 'ignore_ament_install'
[0.272s] Level 1:colcon.colcon_core.package_identification:_identify(src/bumperbot_firmware) by extensions ['colcon_pkg']
[0.272s] Level 1:colcon.colcon_core.package_identification:_identify(src/bumperbot_firmware) by extension 'colcon_pkg'
[0.272s] Level 1:colcon.colcon_core.package_identification:_identify(src/bumperbot_firmware) by extensions ['colcon_meta']
[0.272s] Level 1:colcon.colcon_core.package_identification:_identify(src/bumperbot_firmware) by extension 'colcon_meta'
[0.272s] Level 1:colcon.colcon_core.package_identification:_identify(src/bumperbot_firmware) by extensions ['ros']
[0.272s] Level 1:colcon.colcon_core.package_identification:_identify(src/bumperbot_firmware) by extension 'ros'
[0.273s] DEBUG:colcon.colcon_core.package_identification:Package 'src/bumperbot_firmware' with type 'ros.ament_cmake' and name 'bumperbot_firmware'
[0.273s] Level 1:colcon.colcon_core.package_identification:_identify(src/bumperbot_localisation) by extensions ['ignore', 'ignore_ament_install']
[0.273s] Level 1:colcon.colcon_core.package_identification:_identify(src/bumperbot_localisation) by extension 'ignore'
[0.273s] Level 1:colcon.colcon_core.package_identification:_identify(src/bumperbot_localisation) by extension 'ignore_ament_install'
[0.273s] Level 1:colcon.colcon_core.package_identification:_identify(src/bumperbot_localisation) by extensions ['colcon_pkg']
[0.273s] Level 1:colcon.colcon_core.package_identification:_identify(src/bumperbot_localisation) by extension 'colcon_pkg'
[0.273s] Level 1:colcon.colcon_core.package_identification:_identify(src/bumperbot_localisation) by extensions ['colcon_meta']
[0.273s] Level 1:colcon.colcon_core.package_identification:_identify(src/bumperbot_localisation) by extension 'colcon_meta'
[0.273s] Level 1:colcon.colcon_core.package_identification:_identify(src/bumperbot_localisation) by extensions ['ros']
[0.273s] Level 1:colcon.colcon_core.package_identification:_identify(src/bumperbot_localisation) by extension 'ros'
[0.274s] DEBUG:colcon.colcon_core.package_identification:Package 'src/bumperbot_localisation' with type 'ros.ament_cmake' and name 'bumperbot_localisation'
[0.274s] Level 1:colcon.colcon_core.package_identification:_identify(src/bumperbot_msgs) by extensions ['ignore', 'ignore_ament_install']
[0.274s] Level 1:colcon.colcon_core.package_identification:_identify(src/bumperbot_msgs) by extension 'ignore'
[0.274s] Level 1:colcon.colcon_core.package_identification:_identify(src/bumperbot_msgs) by extension 'ignore_ament_install'
[0.274s] Level 1:colcon.colcon_core.package_identification:_identify(src/bumperbot_msgs) by extensions ['colcon_pkg']
[0.275s] Level 1:colcon.colcon_core.package_identification:_identify(src/bumperbot_msgs) by extension 'colcon_pkg'
[0.275s] Level 1:colcon.colcon_core.package_identification:_identify(src/bumperbot_msgs) by extensions ['colcon_meta']
[0.275s] Level 1:colcon.colcon_core.package_identification:_identify(src/bumperbot_msgs) by extension 'colcon_meta'
[0.275s] Level 1:colcon.colcon_core.package_identification:_identify(src/bumperbot_msgs) by extensions ['ros']
[0.275s] Level 1:colcon.colcon_core.package_identification:_identify(src/bumperbot_msgs) by extension 'ros'
[0.275s] DEBUG:colcon.colcon_core.package_identification:Package 'src/bumperbot_msgs' with type 'ros.ament_cmake' and name 'bumperbot_msgs'
[0.275s] Level 1:colcon.colcon_core.package_identification:_identify(src/bumperbot_utils) by extensions ['ignore', 'ignore_ament_install']
[0.275s] Level 1:colcon.colcon_core.package_identification:_identify(src/bumperbot_utils) by extension 'ignore'
[0.275s] Level 1:colcon.colcon_core.package_identification:_identify(src/bumperbot_utils) by extension 'ignore_ament_install'
[0.276s] Level 1:colcon.colcon_core.package_identification:_identify(src/bumperbot_utils) by extensions ['colcon_pkg']
[0.276s] Level 1:colcon.colcon_core.package_identification:_identify(src/bumperbot_utils) by extension 'colcon_pkg'
[0.276s] Level 1:colcon.colcon_core.package_identification:_identify(src/bumperbot_utils) by extensions ['colcon_meta']
[0.276s] Level 1:colcon.colcon_core.package_identification:_identify(src/bumperbot_utils) by extension 'colcon_meta'
[0.276s] Level 1:colcon.colcon_core.package_identification:_identify(src/bumperbot_utils) by extensions ['ros']
[0.276s] Level 1:colcon.colcon_core.package_identification:_identify(src/bumperbot_utils) by extension 'ros'
[0.276s] DEBUG:colcon.colcon_core.package_identification:Package 'src/bumperbot_utils' with type 'ros.ament_cmake' and name 'bumperbot_utils'
[0.276s] Level 1:colcon.colcon_core.package_identification:_identify(src/cpp_folder) by extensions ['ignore', 'ignore_ament_install']
[0.276s] Level 1:colcon.colcon_core.package_identification:_identify(src/cpp_folder) by extension 'ignore'
[0.276s] Level 1:colcon.colcon_core.package_identification:_identify(src/cpp_folder) by extension 'ignore_ament_install'
[0.277s] Level 1:colcon.colcon_core.package_identification:_identify(src/cpp_folder) by extensions ['colcon_pkg']
[0.277s] Level 1:colcon.colcon_core.package_identification:_identify(src/cpp_folder) by extension 'colcon_pkg'
[0.277s] Level 1:colcon.colcon_core.package_identification:_identify(src/cpp_folder) by extensions ['colcon_meta']
[0.277s] Level 1:colcon.colcon_core.package_identification:_identify(src/cpp_folder) by extension 'colcon_meta'
[0.277s] Level 1:colcon.colcon_core.package_identification:_identify(src/cpp_folder) by extensions ['ros']
[0.277s] Level 1:colcon.colcon_core.package_identification:_identify(src/cpp_folder) by extension 'ros'
[0.278s] DEBUG:colcon.colcon_core.package_identification:Package 'src/cpp_folder' with type 'ros.ament_cmake' and name 'cpp_folder'
[0.278s] Level 1:colcon.colcon_core.package_identification:_identify(src/gz_ros2_control) by extensions ['ignore', 'ignore_ament_install']
[0.278s] Level 1:colcon.colcon_core.package_identification:_identify(src/gz_ros2_control) by extension 'ignore'
[0.278s] Level 1:colcon.colcon_core.package_identification:_identify(src/gz_ros2_control) by extension 'ignore_ament_install'
[0.278s] Level 1:colcon.colcon_core.package_identification:_identify(src/gz_ros2_control) by extensions ['colcon_pkg']
[0.278s] Level 1:colcon.colcon_core.package_identification:_identify(src/gz_ros2_control) by extension 'colcon_pkg'
[0.278s] Level 1:colcon.colcon_core.package_identification:_identify(src/gz_ros2_control) by extensions ['colcon_meta']
[0.278s] Level 1:colcon.colcon_core.package_identification:_identify(src/gz_ros2_control) by extension 'colcon_meta'
[0.278s] Level 1:colcon.colcon_core.package_identification:_identify(src/gz_ros2_control) by extensions ['ros']
[0.278s] Level 1:colcon.colcon_core.package_identification:_identify(src/gz_ros2_control) by extension 'ros'
[0.278s] Level 1:colcon.colcon_core.package_identification:_identify(src/gz_ros2_control) by extensions ['cmake', 'python']
[0.278s] Level 1:colcon.colcon_core.package_identification:_identify(src/gz_ros2_control) by extension 'cmake'
[0.278s] Level 1:colcon.colcon_core.package_identification:_identify(src/gz_ros2_control) by extension 'python'
[0.278s] Level 1:colcon.colcon_core.package_identification:_identify(src/gz_ros2_control) by extensions ['python_setup_py']
[0.278s] Level 1:colcon.colcon_core.package_identification:_identify(src/gz_ros2_control) by extension 'python_setup_py'
[0.278s] Level 1:colcon.colcon_core.package_identification:_identify(src/gz_ros2_control/Dockerfile) by extensions ['ignore', 'ignore_ament_install']
[0.278s] Level 1:colcon.colcon_core.package_identification:_identify(src/gz_ros2_control/Dockerfile) by extension 'ignore'
[0.278s] Level 1:colcon.colcon_core.package_identification:_identify(src/gz_ros2_control/Dockerfile) by extension 'ignore_ament_install'
[0.278s] Level 1:colcon.colcon_core.package_identification:_identify(src/gz_ros2_control/Dockerfile) by extensions ['colcon_pkg']
[0.278s] Level 1:colcon.colcon_core.package_identification:_identify(src/gz_ros2_control/Dockerfile) by extension 'colcon_pkg'
[0.279s] Level 1:colcon.colcon_core.package_identification:_identify(src/gz_ros2_control/Dockerfile) by extensions ['colcon_meta']
[0.279s] Level 1:colcon.colcon_core.package_identification:_identify(src/gz_ros2_control/Dockerfile) by extension 'colcon_meta'
[0.279s] Level 1:colcon.colcon_core.package_identification:_identify(src/gz_ros2_control/Dockerfile) by extensions ['ros']
[0.279s] Level 1:colcon.colcon_core.package_identification:_identify(src/gz_ros2_control/Dockerfile) by extension 'ros'
[0.279s] Level 1:colcon.colcon_core.package_identification:_identify(src/gz_ros2_control/Dockerfile) by extensions ['cmake', 'python']
[0.279s] Level 1:colcon.colcon_core.package_identification:_identify(src/gz_ros2_control/Dockerfile) by extension 'cmake'
[0.279s] Level 1:colcon.colcon_core.package_identification:_identify(src/gz_ros2_control/Dockerfile) by extension 'python'
[0.279s] Level 1:colcon.colcon_core.package_identification:_identify(src/gz_ros2_control/Dockerfile) by extensions ['python_setup_py']
[0.279s] Level 1:colcon.colcon_core.package_identification:_identify(src/gz_ros2_control/Dockerfile) by extension 'python_setup_py'
[0.279s] Level 1:colcon.colcon_core.package_identification:_identify(src/gz_ros2_control/doc) by extensions ['ignore', 'ignore_ament_install']
[0.279s] Level 1:colcon.colcon_core.package_identification:_identify(src/gz_ros2_control/doc) by extension 'ignore'
[0.279s] Level 1:colcon.colcon_core.package_identification:_identify(src/gz_ros2_control/doc) by extension 'ignore_ament_install'
[0.279s] Level 1:colcon.colcon_core.package_identification:_identify(src/gz_ros2_control/doc) by extensions ['colcon_pkg']
[0.279s] Level 1:colcon.colcon_core.package_identification:_identify(src/gz_ros2_control/doc) by extension 'colcon_pkg'
[0.279s] Level 1:colcon.colcon_core.package_identification:_identify(src/gz_ros2_control/doc) by extensions ['colcon_meta']
[0.279s] Level 1:colcon.colcon_core.package_identification:_identify(src/gz_ros2_control/doc) by extension 'colcon_meta'
[0.279s] Level 1:colcon.colcon_core.package_identification:_identify(src/gz_ros2_control/doc) by extensions ['ros']
[0.279s] Level 1:colcon.colcon_core.package_identification:_identify(src/gz_ros2_control/doc) by extension 'ros'
[0.279s] Level 1:colcon.colcon_core.package_identification:_identify(src/gz_ros2_control/doc) by extensions ['cmake', 'python']
[0.279s] Level 1:colcon.colcon_core.package_identification:_identify(src/gz_ros2_control/doc) by extension 'cmake'
[0.279s] Level 1:colcon.colcon_core.package_identification:_identify(src/gz_ros2_control/doc) by extension 'python'
[0.279s] Level 1:colcon.colcon_core.package_identification:_identify(src/gz_ros2_control/doc) by extensions ['python_setup_py']
[0.279s] Level 1:colcon.colcon_core.package_identification:_identify(src/gz_ros2_control/doc) by extension 'python_setup_py'
[0.280s] Level 1:colcon.colcon_core.package_identification:_identify(src/gz_ros2_control/doc/img) by extensions ['ignore', 'ignore_ament_install']
[0.280s] Level 1:colcon.colcon_core.package_identification:_identify(src/gz_ros2_control/doc/img) by extension 'ignore'
[0.280s] Level 1:colcon.colcon_core.package_identification:_identify(src/gz_ros2_control/doc/img) by extension 'ignore_ament_install'
[0.280s] Level 1:colcon.colcon_core.package_identification:_identify(src/gz_ros2_control/doc/img) by extensions ['colcon_pkg']
[0.280s] Level 1:colcon.colcon_core.package_identification:_identify(src/gz_ros2_control/doc/img) by extension 'colcon_pkg'
[0.280s] Level 1:colcon.colcon_core.package_identification:_identify(src/gz_ros2_control/doc/img) by extensions ['colcon_meta']
[0.280s] Level 1:colcon.colcon_core.package_identification:_identify(src/gz_ros2_control/doc/img) by extension 'colcon_meta'
[0.280s] Level 1:colcon.colcon_core.package_identification:_identify(src/gz_ros2_control/doc/img) by extensions ['ros']
[0.280s] Level 1:colcon.colcon_core.package_identification:_identify(src/gz_ros2_control/doc/img) by extension 'ros'
[0.280s] Level 1:colcon.colcon_core.package_identification:_identify(src/gz_ros2_control/doc/img) by extensions ['cmake', 'python']
[0.280s] Level 1:colcon.colcon_core.package_identification:_identify(src/gz_ros2_control/doc/img) by extension 'cmake'
[0.280s] Level 1:colcon.colcon_core.package_identification:_identify(src/gz_ros2_control/doc/img) by extension 'python'
[0.280s] Level 1:colcon.colcon_core.package_identification:_identify(src/gz_ros2_control/doc/img) by extensions ['python_setup_py']
[0.280s] Level 1:colcon.colcon_core.package_identification:_identify(src/gz_ros2_control/doc/img) by extension 'python_setup_py'
[0.280s] Level 1:colcon.colcon_core.package_identification:_identify(src/gz_ros2_control/gz_ros2_control) by extensions ['ignore', 'ignore_ament_install']
[0.280s] Level 1:colcon.colcon_core.package_identification:_identify(src/gz_ros2_control/gz_ros2_control) by extension 'ignore'
[0.280s] Level 1:colcon.colcon_core.package_identification:_identify(src/gz_ros2_control/gz_ros2_control) by extension 'ignore_ament_install'
[0.280s] Level 1:colcon.colcon_core.package_identification:_identify(src/gz_ros2_control/gz_ros2_control) by extensions ['colcon_pkg']
[0.280s] Level 1:colcon.colcon_core.package_identification:_identify(src/gz_ros2_control/gz_ros2_control) by extension 'colcon_pkg'
[0.280s] Level 1:colcon.colcon_core.package_identification:_identify(src/gz_ros2_control/gz_ros2_control) by extensions ['colcon_meta']
[0.280s] Level 1:colcon.colcon_core.package_identification:_identify(src/gz_ros2_control/gz_ros2_control) by extension 'colcon_meta'
[0.280s] Level 1:colcon.colcon_core.package_identification:_identify(src/gz_ros2_control/gz_ros2_control) by extensions ['ros']
[0.280s] Level 1:colcon.colcon_core.package_identification:_identify(src/gz_ros2_control/gz_ros2_control) by extension 'ros'
[0.285s] DEBUG:colcon.colcon_core.package_identification:Package 'src/gz_ros2_control/gz_ros2_control' with type 'ros.ament_cmake' and name 'gz_ros2_control'
[0.285s] Level 1:colcon.colcon_core.package_identification:_identify(src/gz_ros2_control/gz_ros2_control_demos) by extensions ['ignore', 'ignore_ament_install']
[0.285s] Level 1:colcon.colcon_core.package_identification:_identify(src/gz_ros2_control/gz_ros2_control_demos) by extension 'ignore'
[0.285s] Level 1:colcon.colcon_core.package_identification:_identify(src/gz_ros2_control/gz_ros2_control_demos) by extension 'ignore_ament_install'
[0.285s] Level 1:colcon.colcon_core.package_identification:_identify(src/gz_ros2_control/gz_ros2_control_demos) by extensions ['colcon_pkg']
[0.285s] Level 1:colcon.colcon_core.package_identification:_identify(src/gz_ros2_control/gz_ros2_control_demos) by extension 'colcon_pkg'
[0.285s] Level 1:colcon.colcon_core.package_identification:_identify(src/gz_ros2_control/gz_ros2_control_demos) by extensions ['colcon_meta']
[0.285s] Level 1:colcon.colcon_core.package_identification:_identify(src/gz_ros2_control/gz_ros2_control_demos) by extension 'colcon_meta'
[0.285s] Level 1:colcon.colcon_core.package_identification:_identify(src/gz_ros2_control/gz_ros2_control_demos) by extensions ['ros']
[0.285s] Level 1:colcon.colcon_core.package_identification:_identify(src/gz_ros2_control/gz_ros2_control_demos) by extension 'ros'
[0.286s] DEBUG:colcon.colcon_core.package_identification:Package 'src/gz_ros2_control/gz_ros2_control_demos' with type 'ros.ament_cmake' and name 'gz_ros2_control_demos'
[0.286s] Level 1:colcon.colcon_core.package_identification:_identify(src/gz_ros2_control/gz_ros2_control_tests) by extensions ['ignore', 'ignore_ament_install']
[0.286s] Level 1:colcon.colcon_core.package_identification:_identify(src/gz_ros2_control/gz_ros2_control_tests) by extension 'ignore'
[0.286s] Level 1:colcon.colcon_core.package_identification:_identify(src/gz_ros2_control/gz_ros2_control_tests) by extension 'ignore_ament_install'
[0.286s] Level 1:colcon.colcon_core.package_identification:_identify(src/gz_ros2_control/gz_ros2_control_tests) by extensions ['colcon_pkg']
[0.286s] Level 1:colcon.colcon_core.package_identification:_identify(src/gz_ros2_control/gz_ros2_control_tests) by extension 'colcon_pkg'
[0.286s] Level 1:colcon.colcon_core.package_identification:_identify(src/gz_ros2_control/gz_ros2_control_tests) by extensions ['colcon_meta']
[0.286s] Level 1:colcon.colcon_core.package_identification:_identify(src/gz_ros2_control/gz_ros2_control_tests) by extension 'colcon_meta'
[0.286s] Level 1:colcon.colcon_core.package_identification:_identify(src/gz_ros2_control/gz_ros2_control_tests) by extensions ['ros']
[0.287s] Level 1:colcon.colcon_core.package_identification:_identify(src/gz_ros2_control/gz_ros2_control_tests) by extension 'ros'
[0.287s] DEBUG:colcon.colcon_core.package_identification:Package 'src/gz_ros2_control/gz_ros2_control_tests' with type 'ros.ament_cmake' and name 'gz_ros2_control_tests'
[0.287s] Level 1:colcon.colcon_core.package_identification:_identify(src/gz_ros2_control/ign_ros2_control) by extensions ['ignore', 'ignore_ament_install']
[0.287s] Level 1:colcon.colcon_core.package_identification:_identify(src/gz_ros2_control/ign_ros2_control) by extension 'ignore'
[0.287s] Level 1:colcon.colcon_core.package_identification:_identify(src/gz_ros2_control/ign_ros2_control) by extension 'ignore_ament_install'
[0.287s] Level 1:colcon.colcon_core.package_identification:_identify(src/gz_ros2_control/ign_ros2_control) by extensions ['colcon_pkg']
[0.287s] Level 1:colcon.colcon_core.package_identification:_identify(src/gz_ros2_control/ign_ros2_control) by extension 'colcon_pkg'
[0.287s] Level 1:colcon.colcon_core.package_identification:_identify(src/gz_ros2_control/ign_ros2_control) by extensions ['colcon_meta']
[0.287s] Level 1:colcon.colcon_core.package_identification:_identify(src/gz_ros2_control/ign_ros2_control) by extension 'colcon_meta'
[0.287s] Level 1:colcon.colcon_core.package_identification:_identify(src/gz_ros2_control/ign_ros2_control) by extensions ['ros']
[0.287s] Level 1:colcon.colcon_core.package_identification:_identify(src/gz_ros2_control/ign_ros2_control) by extension 'ros'
[0.288s] DEBUG:colcon.colcon_core.package_identification:Package 'src/gz_ros2_control/ign_ros2_control' with type 'ros.ament_cmake' and name 'ign_ros2_control'
[0.288s] Level 1:colcon.colcon_core.package_identification:_identify(src/gz_ros2_control/ign_ros2_control_demos) by extensions ['ignore', 'ignore_ament_install']
[0.288s] Level 1:colcon.colcon_core.package_identification:_identify(src/gz_ros2_control/ign_ros2_control_demos) by extension 'ignore'
[0.288s] Level 1:colcon.colcon_core.package_identification:_identify(src/gz_ros2_control/ign_ros2_control_demos) by extension 'ignore_ament_install'
[0.288s] Level 1:colcon.colcon_core.package_identification:_identify(src/gz_ros2_control/ign_ros2_control_demos) by extensions ['colcon_pkg']
[0.288s] Level 1:colcon.colcon_core.package_identification:_identify(src/gz_ros2_control/ign_ros2_control_demos) by extension 'colcon_pkg'
[0.288s] Level 1:colcon.colcon_core.package_identification:_identify(src/gz_ros2_control/ign_ros2_control_demos) by extensions ['colcon_meta']
[0.288s] Level 1:colcon.colcon_core.package_identification:_identify(src/gz_ros2_control/ign_ros2_control_demos) by extension 'colcon_meta'
[0.288s] Level 1:colcon.colcon_core.package_identification:_identify(src/gz_ros2_control/ign_ros2_control_demos) by extensions ['ros']
[0.288s] Level 1:colcon.colcon_core.package_identification:_identify(src/gz_ros2_control/ign_ros2_control_demos) by extension 'ros'
[0.289s] DEBUG:colcon.colcon_core.package_identification:Package 'src/gz_ros2_control/ign_ros2_control_demos' with type 'ros.ament_cmake' and name 'ign_ros2_control_demos'
[0.289s] Level 1:colcon.colcon_core.package_identification:_identify(src/my_robot_controller) by extensions ['ignore', 'ignore_ament_install']
[0.289s] Level 1:colcon.colcon_core.package_identification:_identify(src/my_robot_controller) by extension 'ignore'
[0.289s] Level 1:colcon.colcon_core.package_identification:_identify(src/my_robot_controller) by extension 'ignore_ament_install'
[0.289s] Level 1:colcon.colcon_core.package_identification:_identify(src/my_robot_controller) by extensions ['colcon_pkg']
[0.289s] Level 1:colcon.colcon_core.package_identification:_identify(src/my_robot_controller) by extension 'colcon_pkg'
[0.289s] Level 1:colcon.colcon_core.package_identification:_identify(src/my_robot_controller) by extensions ['colcon_meta']
[0.289s] Level 1:colcon.colcon_core.package_identification:_identify(src/my_robot_controller) by extension 'colcon_meta'
[0.289s] Level 1:colcon.colcon_core.package_identification:_identify(src/my_robot_controller) by extensions ['ros']
[0.289s] Level 1:colcon.colcon_core.package_identification:_identify(src/my_robot_controller) by extension 'ros'
[0.290s] DEBUG:colcon.colcon_core.package_identification:Package 'src/my_robot_controller' with type 'ros.ament_python' and name 'my_robot_controller'
[0.290s] Level 1:colcon.colcon_core.package_discovery:discover_packages(recursive) using defaults
[0.290s] Level 1:colcon.colcon_core.package_discovery:discover_packages(ignore) discover
[0.290s] Level 1:colcon.colcon_core.package_discovery:discover_packages(ignore) using defaults
[0.290s] Level 1:colcon.colcon_core.package_discovery:discover_packages(path) discover
[0.290s] Level 1:colcon.colcon_core.package_discovery:discover_packages(path) using defaults
[0.309s] Level 1:colcon.colcon_core.package_discovery:discover_packages(prefix_path) check parameters
[0.309s] Level 1:colcon.colcon_core.package_discovery:discover_packages(prefix_path) discover
[0.311s] DEBUG:colcon.colcon_installed_package_information.package_discovery:Found 14 installed packages in /home/unknown/ROS2_Workspaces/bumperbot_ws/install
[0.312s] DEBUG:colcon.colcon_installed_package_information.package_discovery:Found 334 installed packages in /opt/ros/humble
[0.313s] Level 1:colcon.colcon_core.package_discovery:discover_packages(prefix_path) using defaults
[0.348s] Level 5:colcon.colcon_core.verb:set package 'bumperbot_controller' build argument 'cmake_args' from command line to 'None'
[0.349s] Level 5:colcon.colcon_core.verb:set package 'bumperbot_controller' build argument 'cmake_target' from command line to 'None'
[0.349s] Level 5:colcon.colcon_core.verb:set package 'bumperbot_controller' build argument 'cmake_target_skip_unavailable' from command line to 'False'
[0.349s] Level 5:colcon.colcon_core.verb:set package 'bumperbot_controller' build argument 'cmake_clean_cache' from command line to 'False'
[0.349s] Level 5:colcon.colcon_core.verb:set package 'bumperbot_controller' build argument 'cmake_clean_first' from command line to 'False'
[0.349s] Level 5:colcon.colcon_core.verb:set package 'bumperbot_controller' build argument 'cmake_force_configure' from command line to 'False'
[0.349s] Level 5:colcon.colcon_core.verb:set package 'bumperbot_controller' build argument 'ament_cmake_args' from command line to 'None'
[0.349s] Level 5:colcon.colcon_core.verb:set package 'bumperbot_controller' build argument 'catkin_cmake_args' from command line to 'None'
[0.349s] Level 5:colcon.colcon_core.verb:set package 'bumperbot_controller' build argument 'catkin_skip_building_tests' from command line to 'False'
[0.349s] DEBUG:colcon.colcon_core.verb:Building package 'bumperbot_controller' with the following arguments: {'ament_cmake_args': None, 'build_base': '/home/unknown/ROS2_Workspaces/bumperbot_ws/build/bumperbot_controller', 'catkin_cmake_args': None, 'catkin_skip_building_tests': False, 'cmake_args': None, 'cmake_clean_cache': False, 'cmake_clean_first': False, 'cmake_force_configure': False, 'cmake_target': None, 'cmake_target_skip_unavailable': False, 'install_base': '/home/unknown/ROS2_Workspaces/bumperbot_ws/install/bumperbot_controller', 'merge_install': False, 'path': '/home/unknown/ROS2_Workspaces/bumperbot_ws/src/bumperbot_controller', 'symlink_install': False, 'test_result_base': None}
[0.349s] Level 5:colcon.colcon_core.verb:set package 'bumperbot_firmware' build argument 'cmake_args' from command line to 'None'
[0.349s] Level 5:colcon.colcon_core.verb:set package 'bumperbot_firmware' build argument 'cmake_target' from command line to 'None'
[0.349s] Level 5:colcon.colcon_core.verb:set package 'bumperbot_firmware' build argument 'cmake_target_skip_unavailable' from command line to 'False'
[0.349s] Level 5:colcon.colcon_core.verb:set package 'bumperbot_firmware' build argument 'cmake_clean_cache' from command line to 'False'
[0.349s] Level 5:colcon.colcon_core.verb:set package 'bumperbot_firmware' build argument 'cmake_clean_first' from command line to 'False'
[0.349s] Level 5:colcon.colcon_core.verb:set package 'bumperbot_firmware' build argument 'cmake_force_configure' from command line to 'False'
[0.349s] Level 5:colcon.colcon_core.verb:set package 'bumperbot_firmware' build argument 'ament_cmake_args' from command line to 'None'
[0.349s] Level 5:colcon.colcon_core.verb:set package 'bumperbot_firmware' build argument 'catkin_cmake_args' from command line to 'None'
[0.349s] Level 5:colcon.colcon_core.verb:set package 'bumperbot_firmware' build argument 'catkin_skip_building_tests' from command line to 'False'
[0.349s] DEBUG:colcon.colcon_core.verb:Building package 'bumperbot_firmware' with the following arguments: {'ament_cmake_args': None, 'build_base': '/home/unknown/ROS2_Workspaces/bumperbot_ws/build/bumperbot_firmware', 'catkin_cmake_args': None, 'catkin_skip_building_tests': False, 'cmake_args': None, 'cmake_clean_cache': False, 'cmake_clean_first': False, 'cmake_force_configure': False, 'cmake_target': None, 'cmake_target_skip_unavailable': False, 'install_base': '/home/unknown/ROS2_Workspaces/bumperbot_ws/install/bumperbot_firmware', 'merge_install': False, 'path': '/home/unknown/ROS2_Workspaces/bumperbot_ws/src/bumperbot_firmware', 'symlink_install': False, 'test_result_base': None}
[0.349s] Level 5:colcon.colcon_core.verb:set package 'bumperbot_localisation' build argument 'cmake_args' from command line to 'None'
[0.349s] Level 5:colcon.colcon_core.verb:set package 'bumperbot_localisation' build argument 'cmake_target' from command line to 'None'
[0.349s] Level 5:colcon.colcon_core.verb:set package 'bumperbot_localisation' build argument 'cmake_target_skip_unavailable' from command line to 'False'
[0.349s] Level 5:colcon.colcon_core.verb:set package 'bumperbot_localisation' build argument 'cmake_clean_cache' from command line to 'False'
[0.350s] Level 5:colcon.colcon_core.verb:set package 'bumperbot_localisation' build argument 'cmake_clean_first' from command line to 'False'
[0.350s] Level 5:colcon.colcon_core.verb:set package 'bumperbot_localisation' build argument 'cmake_force_configure' from command line to 'False'
[0.350s] Level 5:colcon.colcon_core.verb:set package 'bumperbot_localisation' build argument 'ament_cmake_args' from command line to 'None'
[0.350s] Level 5:colcon.colcon_core.verb:set package 'bumperbot_localisation' build argument 'catkin_cmake_args' from command line to 'None'
[0.350s] Level 5:colcon.colcon_core.verb:set package 'bumperbot_localisation' build argument 'catkin_skip_building_tests' from command line to 'False'
[0.350s] DEBUG:colcon.colcon_core.verb:Building package 'bumperbot_localisation' with the following arguments: {'ament_cmake_args': None, 'build_base': '/home/unknown/ROS2_Workspaces/bumperbot_ws/build/bumperbot_localisation', 'catkin_cmake_args': None, 'catkin_skip_building_tests': False, 'cmake_args': None, 'cmake_clean_cache': False, 'cmake_clean_first': False, 'cmake_force_configure': False, 'cmake_target': None, 'cmake_target_skip_unavailable': False, 'install_base': '/home/unknown/ROS2_Workspaces/bumperbot_ws/install/bumperbot_localisation', 'merge_install': False, 'path': '/home/unknown/ROS2_Workspaces/bumperbot_ws/src/bumperbot_localisation', 'symlink_install': False, 'test_result_base': None}
[0.350s] Level 5:colcon.colcon_core.verb:set package 'bumperbot_msgs' build argument 'cmake_args' from command line to 'None'
[0.350s] Level 5:colcon.colcon_core.verb:set package 'bumperbot_msgs' build argument 'cmake_target' from command line to 'None'
[0.350s] Level 5:colcon.colcon_core.verb:set package 'bumperbot_msgs' build argument 'cmake_target_skip_unavailable' from command line to 'False'
[0.350s] Level 5:colcon.colcon_core.verb:set package 'bumperbot_msgs' build argument 'cmake_clean_cache' from command line to 'False'
[0.350s] Level 5:colcon.colcon_core.verb:set package 'bumperbot_msgs' build argument 'cmake_clean_first' from command line to 'False'
[0.350s] Level 5:colcon.colcon_core.verb:set package 'bumperbot_msgs' build argument 'cmake_force_configure' from command line to 'False'
[0.350s] Level 5:colcon.colcon_core.verb:set package 'bumperbot_msgs' build argument 'ament_cmake_args' from command line to 'None'
[0.350s] Level 5:colcon.colcon_core.verb:set package 'bumperbot_msgs' build argument 'catkin_cmake_args' from command line to 'None'
[0.350s] Level 5:colcon.colcon_core.verb:set package 'bumperbot_msgs' build argument 'catkin_skip_building_tests' from command line to 'False'
[0.350s] DEBUG:colcon.colcon_core.verb:Building package 'bumperbot_msgs' with the following arguments: {'ament_cmake_args': None, 'build_base': '/home/unknown/ROS2_Workspaces/bumperbot_ws/build/bumperbot_msgs', 'catkin_cmake_args': None, 'catkin_skip_building_tests': False, 'cmake_args': None, 'cmake_clean_cache': False, 'cmake_clean_first': False, 'cmake_force_configure': False, 'cmake_target': None, 'cmake_target_skip_unavailable': False, 'install_base': '/home/unknown/ROS2_Workspaces/bumperbot_ws/install/bumperbot_msgs', 'merge_install': False, 'path': '/home/unknown/ROS2_Workspaces/bumperbot_ws/src/bumperbot_msgs', 'symlink_install': False, 'test_result_base': None}
[0.350s] Level 5:colcon.colcon_core.verb:set package 'bumperbot_utils' build argument 'cmake_args' from command line to 'None'
[0.350s] Level 5:colcon.colcon_core.verb:set package 'bumperbot_utils' build argument 'cmake_target' from command line to 'None'
[0.350s] Level 5:colcon.colcon_core.verb:set package 'bumperbot_utils' build argument 'cmake_target_skip_unavailable' from command line to 'False'
[0.350s] Level 5:colcon.colcon_core.verb:set package 'bumperbot_utils' build argument 'cmake_clean_cache' from command line to 'False'
[0.350s] Level 5:colcon.colcon_core.verb:set package 'bumperbot_utils' build argument 'cmake_clean_first' from command line to 'False'
[0.350s] Level 5:colcon.colcon_core.verb:set package 'bumperbot_utils' build argument 'cmake_force_configure' from command line to 'False'
[0.350s] Level 5:colcon.colcon_core.verb:set package 'bumperbot_utils' build argument 'ament_cmake_args' from command line to 'None'
[0.350s] Level 5:colcon.colcon_core.verb:set package 'bumperbot_utils' build argument 'catkin_cmake_args' from command line to 'None'
[0.350s] Level 5:colcon.colcon_core.verb:set package 'bumperbot_utils' build argument 'catkin_skip_building_tests' from command line to 'False'
[0.351s] DEBUG:colcon.colcon_core.verb:Building package 'bumperbot_utils' with the following arguments: {'ament_cmake_args': None, 'build_base': '/home/unknown/ROS2_Workspaces/bumperbot_ws/build/bumperbot_utils', 'catkin_cmake_args': None, 'catkin_skip_building_tests': False, 'cmake_args': None, 'cmake_clean_cache': False, 'cmake_clean_first': False, 'cmake_force_configure': False, 'cmake_target': None, 'cmake_target_skip_unavailable': False, 'install_base': '/home/unknown/ROS2_Workspaces/bumperbot_ws/install/bumperbot_utils', 'merge_install': False, 'path': '/home/unknown/ROS2_Workspaces/bumperbot_ws/src/bumperbot_utils', 'symlink_install': False, 'test_result_base': None}
[0.351s] Level 5:colcon.colcon_core.verb:set package 'gz_ros2_control' build argument 'cmake_args' from command line to 'None'
[0.351s] Level 5:colcon.colcon_core.verb:set package 'gz_ros2_control' build argument 'cmake_target' from command line to 'None'
[0.351s] Level 5:colcon.colcon_core.verb:set package 'gz_ros2_control' build argument 'cmake_target_skip_unavailable' from command line to 'False'
[0.351s] Level 5:colcon.colcon_core.verb:set package 'gz_ros2_control' build argument 'cmake_clean_cache' from command line to 'False'
[0.351s] Level 5:colcon.colcon_core.verb:set package 'gz_ros2_control' build argument 'cmake_clean_first' from command line to 'False'
[0.351s] Level 5:colcon.colcon_core.verb:set package 'gz_ros2_control' build argument 'cmake_force_configure' from command line to 'False'
[0.351s] Level 5:colcon.colcon_core.verb:set package 'gz_ros2_control' build argument 'ament_cmake_args' from command line to 'None'
[0.351s] Level 5:colcon.colcon_core.verb:set package 'gz_ros2_control' build argument 'catkin_cmake_args' from command line to 'None'
[0.351s] Level 5:colcon.colcon_core.verb:set package 'gz_ros2_control' build argument 'catkin_skip_building_tests' from command line to 'False'
[0.351s] DEBUG:colcon.colcon_core.verb:Building package 'gz_ros2_control' with the following arguments: {'ament_cmake_args': None, 'build_base': '/home/unknown/ROS2_Workspaces/bumperbot_ws/build/gz_ros2_control', 'catkin_cmake_args': None, 'catkin_skip_building_tests': False, 'cmake_args': None, 'cmake_clean_cache': False, 'cmake_clean_first': False, 'cmake_force_configure': False, 'cmake_target': None, 'cmake_target_skip_unavailable': False, 'install_base': '/home/unknown/ROS2_Workspaces/bumperbot_ws/install/gz_ros2_control', 'merge_install': False, 'path': '/home/unknown/ROS2_Workspaces/bumperbot_ws/src/gz_ros2_control/gz_ros2_control', 'symlink_install': False, 'test_result_base': None}
[0.351s] Level 5:colcon.colcon_core.verb:set package 'my_robot_controller' build argument 'cmake_args' from command line to 'None'
[0.351s] Level 5:colcon.colcon_core.verb:set package 'my_robot_controller' build argument 'cmake_target' from command line to 'None'
[0.351s] Level 5:colcon.colcon_core.verb:set package 'my_robot_controller' build argument 'cmake_target_skip_unavailable' from command line to 'False'
[0.351s] Level 5:colcon.colcon_core.verb:set package 'my_robot_controller' build argument 'cmake_clean_cache' from command line to 'False'
[0.351s] Level 5:colcon.colcon_core.verb:set package 'my_robot_controller' build argument 'cmake_clean_first' from command line to 'False'
[0.351s] Level 5:colcon.colcon_core.verb:set package 'my_robot_controller' build argument 'cmake_force_configure' from command line to 'False'
[0.351s] Level 5:colcon.colcon_core.verb:set package 'my_robot_controller' build argument 'ament_cmake_args' from command line to 'None'
[0.351s] Level 5:colcon.colcon_core.verb:set package 'my_robot_controller' build argument 'catkin_cmake_args' from command line to 'None'
[0.351s] Level 5:colcon.colcon_core.verb:set package 'my_robot_controller' build argument 'catkin_skip_building_tests' from command line to 'False'
[0.351s] DEBUG:colcon.colcon_core.verb:Building package 'my_robot_controller' with the following arguments: {'ament_cmake_args': None, 'build_base': '/home/unknown/ROS2_Workspaces/bumperbot_ws/build/my_robot_controller', 'catkin_cmake_args': None, 'catkin_skip_building_tests': False, 'cmake_args': None, 'cmake_clean_cache': False, 'cmake_clean_first': False, 'cmake_force_configure': False, 'cmake_target': None, 'cmake_target_skip_unavailable': False, 'install_base': '/home/unknown/ROS2_Workspaces/bumperbot_ws/install/my_robot_controller', 'merge_install': False, 'path': '/home/unknown/ROS2_Workspaces/bumperbot_ws/src/my_robot_controller', 'symlink_install': False, 'test_result_base': None}
[0.352s] Level 5:colcon.colcon_core.verb:set package 'bumper_bot_py' build argument 'cmake_args' from command line to 'None'
[0.352s] Level 5:colcon.colcon_core.verb:set package 'bumper_bot_py' build argument 'cmake_target' from command line to 'None'
[0.352s] Level 5:colcon.colcon_core.verb:set package 'bumper_bot_py' build argument 'cmake_target_skip_unavailable' from command line to 'False'
[0.352s] Level 5:colcon.colcon_core.verb:set package 'bumper_bot_py' build argument 'cmake_clean_cache' from command line to 'False'
[0.352s] Level 5:colcon.colcon_core.verb:set package 'bumper_bot_py' build argument 'cmake_clean_first' from command line to 'False'
[0.352s] Level 5:colcon.colcon_core.verb:set package 'bumper_bot_py' build argument 'cmake_force_configure' from command line to 'False'
[0.352s] Level 5:colcon.colcon_core.verb:set package 'bumper_bot_py' build argument 'ament_cmake_args' from command line to 'None'
[0.352s] Level 5:colcon.colcon_core.verb:set package 'bumper_bot_py' build argument 'catkin_cmake_args' from command line to 'None'
[0.352s] Level 5:colcon.colcon_core.verb:set package 'bumper_bot_py' build argument 'catkin_skip_building_tests' from command line to 'False'
[0.352s] DEBUG:colcon.colcon_core.verb:Building package 'bumper_bot_py' with the following arguments: {'ament_cmake_args': None, 'build_base': '/home/unknown/ROS2_Workspaces/bumperbot_ws/build/bumper_bot_py', 'catkin_cmake_args': None, 'catkin_skip_building_tests': False, 'cmake_args': None, 'cmake_clean_cache': False, 'cmake_clean_first': False, 'cmake_force_configure': False, 'cmake_target': None, 'cmake_target_skip_unavailable': False, 'install_base': '/home/unknown/ROS2_Workspaces/bumperbot_ws/install/bumper_bot_py', 'merge_install': False, 'path': '/home/unknown/ROS2_Workspaces/bumperbot_ws/src/bumper_bot_py', 'symlink_install': False, 'test_result_base': None}
[0.352s] Level 5:colcon.colcon_core.verb:set package 'cpp_folder' build argument 'cmake_args' from command line to 'None'
[0.352s] Level 5:colcon.colcon_core.verb:set package 'cpp_folder' build argument 'cmake_target' from command line to 'None'
[0.352s] Level 5:colcon.colcon_core.verb:set package 'cpp_folder' build argument 'cmake_target_skip_unavailable' from command line to 'False'
[0.352s] Level 5:colcon.colcon_core.verb:set package 'cpp_folder' build argument 'cmake_clean_cache' from command line to 'False'
[0.352s] Level 5:colcon.colcon_core.verb:set package 'cpp_folder' build argument 'cmake_clean_first' from command line to 'False'
[0.352s] Level 5:colcon.colcon_core.verb:set package 'cpp_folder' build argument 'cmake_force_configure' from command line to 'False'
[0.352s] Level 5:colcon.colcon_core.verb:set package 'cpp_folder' build argument 'ament_cmake_args' from command line to 'None'
[0.352s] Level 5:colcon.colcon_core.verb:set package 'cpp_folder' build argument 'catkin_cmake_args' from command line to 'None'
[0.352s] Level 5:colcon.colcon_core.verb:set package 'cpp_folder' build argument 'catkin_skip_building_tests' from command line to 'False'
[0.352s] DEBUG:colcon.colcon_core.verb:Building package 'cpp_folder' with the following arguments: {'ament_cmake_args': None, 'build_base': '/home/unknown/ROS2_Workspaces/bumperbot_ws/build/cpp_folder', 'catkin_cmake_args': None, 'catkin_skip_building_tests': False, 'cmake_args': None, 'cmake_clean_cache': False, 'cmake_clean_first': False, 'cmake_force_configure': False, 'cmake_target': None, 'cmake_target_skip_unavailable': False, 'install_base': '/home/unknown/ROS2_Workspaces/bumperbot_ws/install/cpp_folder', 'merge_install': False, 'path': '/home/unknown/ROS2_Workspaces/bumperbot_ws/src/cpp_folder', 'symlink_install': False, 'test_result_base': None}
[0.353s] Level 5:colcon.colcon_core.verb:set package 'gz_ros2_control_demos' build argument 'cmake_args' from command line to 'None'
[0.353s] Level 5:colcon.colcon_core.verb:set package 'gz_ros2_control_demos' build argument 'cmake_target' from command line to 'None'
[0.353s] Level 5:colcon.colcon_core.verb:set package 'gz_ros2_control_demos' build argument 'cmake_target_skip_unavailable' from command line to 'False'
[0.353s] Level 5:colcon.colcon_core.verb:set package 'gz_ros2_control_demos' build argument 'cmake_clean_cache' from command line to 'False'
[0.353s] Level 5:colcon.colcon_core.verb:set package 'gz_ros2_control_demos' build argument 'cmake_clean_first' from command line to 'False'
[0.353s] Level 5:colcon.colcon_core.verb:set package 'gz_ros2_control_demos' build argument 'cmake_force_configure' from command line to 'False'
[0.353s] Level 5:colcon.colcon_core.verb:set package 'gz_ros2_control_demos' build argument 'ament_cmake_args' from command line to 'None'
[0.353s] Level 5:colcon.colcon_core.verb:set package 'gz_ros2_control_demos' build argument 'catkin_cmake_args' from command line to 'None'
[0.353s] Level 5:colcon.colcon_core.verb:set package 'gz_ros2_control_demos' build argument 'catkin_skip_building_tests' from command line to 'False'
[0.353s] DEBUG:colcon.colcon_core.verb:Building package 'gz_ros2_control_demos' with the following arguments: {'ament_cmake_args': None, 'build_base': '/home/unknown/ROS2_Workspaces/bumperbot_ws/build/gz_ros2_control_demos', 'catkin_cmake_args': None, 'catkin_skip_building_tests': False, 'cmake_args': None, 'cmake_clean_cache': False, 'cmake_clean_first': False, 'cmake_force_configure': False, 'cmake_target': None, 'cmake_target_skip_unavailable': False, 'install_base': '/home/unknown/ROS2_Workspaces/bumperbot_ws/install/gz_ros2_control_demos', 'merge_install': False, 'path': '/home/unknown/ROS2_Workspaces/bumperbot_ws/src/gz_ros2_control/gz_ros2_control_demos', 'symlink_install': False, 'test_result_base': None}
[0.353s] Level 5:colcon.colcon_core.verb:set package 'ign_ros2_control' build argument 'cmake_args' from command line to 'None'
[0.353s] Level 5:colcon.colcon_core.verb:set package 'ign_ros2_control' build argument 'cmake_target' from command line to 'None'
[0.353s] Level 5:colcon.colcon_core.verb:set package 'ign_ros2_control' build argument 'cmake_target_skip_unavailable' from command line to 'False'
[0.353s] Level 5:colcon.colcon_core.verb:set package 'ign_ros2_control' build argument 'cmake_clean_cache' from command line to 'False'
[0.353s] Level 5:colcon.colcon_core.verb:set package 'ign_ros2_control' build argument 'cmake_clean_first' from command line to 'False'
[0.353s] Level 5:colcon.colcon_core.verb:set package 'ign_ros2_control' build argument 'cmake_force_configure' from command line to 'False'
[0.353s] Level 5:colcon.colcon_core.verb:set package 'ign_ros2_control' build argument 'ament_cmake_args' from command line to 'None'
[0.353s] Level 5:colcon.colcon_core.verb:set package 'ign_ros2_control' build argument 'catkin_cmake_args' from command line to 'None'
[0.353s] Level 5:colcon.colcon_core.verb:set package 'ign_ros2_control' build argument 'catkin_skip_building_tests' from command line to 'False'
[0.353s] DEBUG:colcon.colcon_core.verb:Building package 'ign_ros2_control' with the following arguments: {'ament_cmake_args': None, 'build_base': '/home/unknown/ROS2_Workspaces/bumperbot_ws/build/ign_ros2_control', 'catkin_cmake_args': None, 'catkin_skip_building_tests': False, 'cmake_args': None, 'cmake_clean_cache': False, 'cmake_clean_first': False, 'cmake_force_configure': False, 'cmake_target': None, 'cmake_target_skip_unavailable': False, 'install_base': '/home/unknown/ROS2_Workspaces/bumperbot_ws/install/ign_ros2_control', 'merge_install': False, 'path': '/home/unknown/ROS2_Workspaces/bumperbot_ws/src/gz_ros2_control/ign_ros2_control', 'symlink_install': False, 'test_result_base': None}
[0.353s] Level 5:colcon.colcon_core.verb:set package 'bumper_bot' build argument 'cmake_args' from command line to 'None'
[0.353s] Level 5:colcon.colcon_core.verb:set package 'bumper_bot' build argument 'cmake_target' from command line to 'None'
[0.353s] Level 5:colcon.colcon_core.verb:set package 'bumper_bot' build argument 'cmake_target_skip_unavailable' from command line to 'False'
[0.353s] Level 5:colcon.colcon_core.verb:set package 'bumper_bot' build argument 'cmake_clean_cache' from command line to 'False'
[0.354s] Level 5:colcon.colcon_core.verb:set package 'bumper_bot' build argument 'cmake_clean_first' from command line to 'False'
[0.354s] Level 5:colcon.colcon_core.verb:set package 'bumper_bot' build argument 'cmake_force_configure' from command line to 'False'
[0.354s] Level 5:colcon.colcon_core.verb:set package 'bumper_bot' build argument 'ament_cmake_args' from command line to 'None'
[0.354s] Level 5:colcon.colcon_core.verb:set package 'bumper_bot' build argument 'catkin_cmake_args' from command line to 'None'
[0.354s] Level 5:colcon.colcon_core.verb:set package 'bumper_bot' build argument 'catkin_skip_building_tests' from command line to 'False'
[0.354s] DEBUG:colcon.colcon_core.verb:Building package 'bumper_bot' with the following arguments: {'ament_cmake_args': None, 'build_base': '/home/unknown/ROS2_Workspaces/bumperbot_ws/build/bumper_bot', 'catkin_cmake_args': None, 'catkin_skip_building_tests': False, 'cmake_args': None, 'cmake_clean_cache': False, 'cmake_clean_first': False, 'cmake_force_configure': False, 'cmake_target': None, 'cmake_target_skip_unavailable': False, 'install_base': '/home/unknown/ROS2_Workspaces/bumperbot_ws/install/bumper_bot', 'merge_install': False, 'path': '/home/unknown/ROS2_Workspaces/bumperbot_ws/src/bumper_bot', 'symlink_install': False, 'test_result_base': None}
[0.354s] Level 5:colcon.colcon_core.verb:set package 'ign_ros2_control_demos' build argument 'cmake_args' from command line to 'None'
[0.354s] Level 5:colcon.colcon_core.verb:set package 'ign_ros2_control_demos' build argument 'cmake_target' from command line to 'None'
[0.354s] Level 5:colcon.colcon_core.verb:set package 'ign_ros2_control_demos' build argument 'cmake_target_skip_unavailable' from command line to 'False'
[0.354s] Level 5:colcon.colcon_core.verb:set package 'ign_ros2_control_demos' build argument 'cmake_clean_cache' from command line to 'False'
[0.354s] Level 5:colcon.colcon_core.verb:set package 'ign_ros2_control_demos' build argument 'cmake_clean_first' from command line to 'False'
[0.354s] Level 5:colcon.colcon_core.verb:set package 'ign_ros2_control_demos' build argument 'cmake_force_configure' from command line to 'False'
[0.354s] Level 5:colcon.colcon_core.verb:set package 'ign_ros2_control_demos' build argument 'ament_cmake_args' from command line to 'None'
[0.354s] Level 5:colcon.colcon_core.verb:set package 'ign_ros2_control_demos' build argument 'catkin_cmake_args' from command line to 'None'
[0.354s] Level 5:colcon.colcon_core.verb:set package 'ign_ros2_control_demos' build argument 'catkin_skip_building_tests' from command line to 'False'
[0.354s] DEBUG:colcon.colcon_core.verb:Building package 'ign_ros2_control_demos' with the following arguments: {'ament_cmake_args': None, 'build_base': '/home/unknown/ROS2_Workspaces/bumperbot_ws/build/ign_ros2_control_demos', 'catkin_cmake_args': None, 'catkin_skip_building_tests': False, 'cmake_args': None, 'cmake_clean_cache': False, 'cmake_clean_first': False, 'cmake_force_configure': False, 'cmake_target': None, 'cmake_target_skip_unavailable': False, 'install_base': '/home/unknown/ROS2_Workspaces/bumperbot_ws/install/ign_ros2_control_demos', 'merge_install': False, 'path': '/home/unknown/ROS2_Workspaces/bumperbot_ws/src/gz_ros2_control/ign_ros2_control_demos', 'symlink_install': False, 'test_result_base': None}
[0.354s] Level 5:colcon.colcon_core.verb:set package 'gz_ros2_control_tests' build argument 'cmake_args' from command line to 'None'
[0.354s] Level 5:colcon.colcon_core.verb:set package 'gz_ros2_control_tests' build argument 'cmake_target' from command line to 'None'
[0.354s] Level 5:colcon.colcon_core.verb:set package 'gz_ros2_control_tests' build argument 'cmake_target_skip_unavailable' from command line to 'False'
[0.354s] Level 5:colcon.colcon_core.verb:set package 'gz_ros2_control_tests' build argument 'cmake_clean_cache' from command line to 'False'
[0.354s] Level 5:colcon.colcon_core.verb:set package 'gz_ros2_control_tests' build argument 'cmake_clean_first' from command line to 'False'
[0.354s] Level 5:colcon.colcon_core.verb:set package 'gz_ros2_control_tests' build argument 'cmake_force_configure' from command line to 'False'
[0.354s] Level 5:colcon.colcon_core.verb:set package 'gz_ros2_control_tests' build argument 'ament_cmake_args' from command line to 'None'
[0.354s] Level 5:colcon.colcon_core.verb:set package 'gz_ros2_control_tests' build argument 'catkin_cmake_args' from command line to 'None'
[0.354s] Level 5:colcon.colcon_core.verb:set package 'gz_ros2_control_tests' build argument 'catkin_skip_building_tests' from command line to 'False'
[0.354s] DEBUG:colcon.colcon_core.verb:Building package 'gz_ros2_control_tests' with the following arguments: {'ament_cmake_args': None, 'build_base': '/home/unknown/ROS2_Workspaces/bumperbot_ws/build/gz_ros2_control_tests', 'catkin_cmake_args': None, 'catkin_skip_building_tests': False, 'cmake_args': None, 'cmake_clean_cache': False, 'cmake_clean_first': False, 'cmake_force_configure': False, 'cmake_target': None, 'cmake_target_skip_unavailable': False, 'install_base': '/home/unknown/ROS2_Workspaces/bumperbot_ws/install/gz_ros2_control_tests', 'merge_install': False, 'path': '/home/unknown/ROS2_Workspaces/bumperbot_ws/src/gz_ros2_control/gz_ros2_control_tests', 'symlink_install': False, 'test_result_base': None}
[0.355s] INFO:colcon.colcon_core.executor:Executing jobs using 'parallel' executor
[0.355s] DEBUG:colcon.colcon_parallel_executor.executor.parallel:run_until_complete
[0.356s] INFO:colcon.colcon_ros.task.ament_cmake.build:Building ROS package in '/home/unknown/ROS2_Workspaces/bumperbot_ws/src/gz_ros2_control/gz_ros2_control' with build type 'ament_cmake'
[0.356s] INFO:colcon.colcon_cmake.task.cmake.build:Building CMake package in '/home/unknown/ROS2_Workspaces/bumperbot_ws/src/gz_ros2_control/gz_ros2_control'
[0.357s] INFO:colcon.colcon_core.plugin_system:Skipping extension 'colcon_core.shell.bat': Not used on non-Windows systems
[0.358s] INFO:colcon.colcon_core.shell:Skip shell extension 'powershell' for command environment: Not usable outside of PowerShell
[0.358s] DEBUG:colcon.colcon_core.shell:Skip shell extension 'dsv' for command environment
[0.361s] INFO:colcon.colcon_ros.task.ament_cmake.build:Building ROS package in '/home/unknown/ROS2_Workspaces/bumperbot_ws/src/bumperbot_msgs' with build type 'ament_cmake'
[0.361s] INFO:colcon.colcon_cmake.task.cmake.build:Building CMake package in '/home/unknown/ROS2_Workspaces/bumperbot_ws/src/bumperbot_msgs'
[0.361s] INFO:colcon.colcon_core.shell:Skip shell extension 'powershell' for command environment: Not usable outside of PowerShell
[0.361s] DEBUG:colcon.colcon_core.shell:Skip shell extension 'dsv' for command environment
[0.364s] INFO:colcon.colcon_ros.task.ament_cmake.build:Building ROS package in '/home/unknown/ROS2_Workspaces/bumperbot_ws/src/bumperbot_controller' with build type 'ament_cmake'
[0.364s] INFO:colcon.colcon_cmake.task.cmake.build:Building CMake package in '/home/unknown/ROS2_Workspaces/bumperbot_ws/src/bumperbot_controller'
[0.364s] INFO:colcon.colcon_core.shell:Skip shell extension 'powershell' for command environment: Not usable outside of PowerShell
[0.364s] DEBUG:colcon.colcon_core.shell:Skip shell extension 'dsv' for command environment
[0.367s] INFO:colcon.colcon_ros.task.ament_cmake.build:Building ROS package in '/home/unknown/ROS2_Workspaces/bumperbot_ws/src/bumperbot_firmware' with build type 'ament_cmake'
[0.367s] INFO:colcon.colcon_cmake.task.cmake.build:Building CMake package in '/home/unknown/ROS2_Workspaces/bumperbot_ws/src/bumperbot_firmware'
[0.367s] INFO:colcon.colcon_core.shell:Skip shell extension 'powershell' for command environment: Not usable outside of PowerShell
[0.367s] DEBUG:colcon.colcon_core.shell:Skip shell extension 'dsv' for command environment
[0.370s] INFO:colcon.colcon_ros.task.ament_cmake.build:Building ROS package in '/home/unknown/ROS2_Workspaces/bumperbot_ws/src/bumperbot_localisation' with build type 'ament_cmake'
[0.370s] INFO:colcon.colcon_cmake.task.cmake.build:Building CMake package in '/home/unknown/ROS2_Workspaces/bumperbot_ws/src/bumperbot_localisation'
[0.371s] INFO:colcon.colcon_core.shell:Skip shell extension 'powershell' for command environment: Not usable outside of PowerShell
[0.371s] DEBUG:colcon.colcon_core.shell:Skip shell extension 'dsv' for command environment
[0.373s] INFO:colcon.colcon_ros.task.ament_cmake.build:Building ROS package in '/home/unknown/ROS2_Workspaces/bumperbot_ws/src/bumperbot_utils' with build type 'ament_cmake'
[0.373s] INFO:colcon.colcon_cmake.task.cmake.build:Building CMake package in '/home/unknown/ROS2_Workspaces/bumperbot_ws/src/bumperbot_utils'
[0.374s] INFO:colcon.colcon_core.shell:Skip shell extension 'powershell' for command environment: Not usable outside of PowerShell
[0.374s] DEBUG:colcon.colcon_core.shell:Skip shell extension 'dsv' for command environment
[0.377s] INFO:colcon.colcon_ros.task.ament_python.build:Building ROS package in '/home/unknown/ROS2_Workspaces/bumperbot_ws/src/my_robot_controller' with build type 'ament_python'
[0.377s] Level 1:colcon.colcon_core.shell:create_environment_hook('my_robot_controller', 'ament_prefix_path')
[0.377s] INFO:colcon.colcon_core.shell:Creating environment hook '/home/unknown/ROS2_Workspaces/bumperbot_ws/install/my_robot_controller/share/my_robot_controller/hook/ament_prefix_path.ps1'
[0.378s] INFO:colcon.colcon_core.shell:Creating environment descriptor '/home/unknown/ROS2_Workspaces/bumperbot_ws/install/my_robot_controller/share/my_robot_controller/hook/ament_prefix_path.dsv'
[0.378s] INFO:colcon.colcon_core.shell:Creating environment hook '/home/unknown/ROS2_Workspaces/bumperbot_ws/install/my_robot_controller/share/my_robot_controller/hook/ament_prefix_path.sh'
[0.411s] INFO:colcon.colcon_core.shell:Skip shell extension 'powershell' for command environment: Not usable outside of PowerShell
[0.411s] DEBUG:colcon.colcon_core.shell:Skip shell extension 'dsv' for command environment
[0.419s] DEBUG:colcon.colcon_core.event_handler.log_command:Invoking command in '/home/unknown/ROS2_Workspaces/bumperbot_ws/build/gz_ros2_control': CMAKE_PREFIX_PATH=${CMAKE_PREFIX_PATH}:/home/unknown/ROS2_Workspaces/bumperbot_ws/install/my_robot_controller:/home/unknown/ROS2_Workspaces/bumperbot_ws/install/bumper_bot_py:/opt/ros/humble /usr/bin/cmake --build /home/unknown/ROS2_Workspaces/bumperbot_ws/build/gz_ros2_control -- -j8 -l8
[0.421s] DEBUG:colcon.colcon_core.event_handler.log_command:Invoking command in '/home/unknown/ROS2_Workspaces/bumperbot_ws/build/bumperbot_msgs': CMAKE_PREFIX_PATH=${CMAKE_PREFIX_PATH}:/home/unknown/ROS2_Workspaces/bumperbot_ws/install/my_robot_controller:/home/unknown/ROS2_Workspaces/bumperbot_ws/install/bumper_bot_py:/opt/ros/humble /usr/bin/cmake --build /home/unknown/ROS2_Workspaces/bumperbot_ws/build/bumperbot_msgs -- -j8 -l8
[0.423s] DEBUG:colcon.colcon_core.event_handler.log_command:Invoking command in '/home/unknown/ROS2_Workspaces/bumperbot_ws/build/bumperbot_controller': CMAKE_PREFIX_PATH=${CMAKE_PREFIX_PATH}:/home/unknown/ROS2_Workspaces/bumperbot_ws/install/my_robot_controller:/home/unknown/ROS2_Workspaces/bumperbot_ws/install/bumper_bot_py:/opt/ros/humble /usr/bin/cmake --build /home/unknown/ROS2_Workspaces/bumperbot_ws/build/bumperbot_controller -- -j8 -l8
[0.425s] DEBUG:colcon.colcon_core.event_handler.log_command:Invoking command in '/home/unknown/ROS2_Workspaces/bumperbot_ws/build/bumperbot_firmware': CMAKE_PREFIX_PATH=${CMAKE_PREFIX_PATH}:/home/unknown/ROS2_Workspaces/bumperbot_ws/install/my_robot_controller:/home/unknown/ROS2_Workspaces/bumperbot_ws/install/bumper_bot_py:/opt/ros/humble /usr/bin/cmake --build /home/unknown/ROS2_Workspaces/bumperbot_ws/build/bumperbot_firmware -- -j8 -l8
[0.428s] DEBUG:colcon.colcon_core.event_handler.log_command:Invoking command in '/home/unknown/ROS2_Workspaces/bumperbot_ws/build/bumperbot_localisation': CMAKE_PREFIX_PATH=${CMAKE_PREFIX_PATH}:/home/unknown/ROS2_Workspaces/bumperbot_ws/install/my_robot_controller:/home/unknown/ROS2_Workspaces/bumperbot_ws/install/bumper_bot_py:/opt/ros/humble /usr/bin/cmake --build /home/unknown/ROS2_Workspaces/bumperbot_ws/build/bumperbot_localisation -- -j8 -l8
[0.434s] DEBUG:colcon.colcon_core.event_handler.log_command:Invoking command in '/home/unknown/ROS2_Workspaces/bumperbot_ws/build/bumperbot_utils': CMAKE_PREFIX_PATH=${CMAKE_PREFIX_PATH}:/home/unknown/ROS2_Workspaces/bumperbot_ws/install/my_robot_controller:/home/unknown/ROS2_Workspaces/bumperbot_ws/install/bumper_bot_py:/opt/ros/humble /usr/bin/cmake --build /home/unknown/ROS2_Workspaces/bumperbot_ws/build/bumperbot_utils -- -j8 -l8
[0.787s] INFO:colcon.colcon_core.task.python.build:Building Python package in '/home/unknown/ROS2_Workspaces/bumperbot_ws/src/my_robot_controller'
[0.787s] INFO:colcon.colcon_core.shell:Skip shell extension 'powershell' for command environment: Not usable outside of PowerShell
[0.787s] DEBUG:colcon.colcon_core.shell:Skip shell extension 'dsv' for command environment
[0.795s] DEBUG:colcon.colcon_core.event_handler.log_command:Invoked command in '/home/unknown/ROS2_Workspaces/bumperbot_ws/build/bumperbot_firmware' returned '0': CMAKE_PREFIX_PATH=${CMAKE_PREFIX_PATH}:/home/unknown/ROS2_Workspaces/bumperbot_ws/install/my_robot_controller:/home/unknown/ROS2_Workspaces/bumperbot_ws/install/bumper_bot_py:/opt/ros/humble /usr/bin/cmake --build /home/unknown/ROS2_Workspaces/bumperbot_ws/build/bumperbot_firmware -- -j8 -l8
[0.803s] DEBUG:colcon.colcon_core.event_handler.log_command:Invoking command in '/home/unknown/ROS2_Workspaces/bumperbot_ws/build/bumperbot_firmware': CMAKE_PREFIX_PATH=${CMAKE_PREFIX_PATH}:/home/unknown/ROS2_Workspaces/bumperbot_ws/install/my_robot_controller:/home/unknown/ROS2_Workspaces/bumperbot_ws/install/bumper_bot_py:/opt/ros/humble /usr/bin/cmake --install /home/unknown/ROS2_Workspaces/bumperbot_ws/build/bumperbot_firmware
[0.804s] DEBUG:colcon.colcon_core.event_handler.log_command:Invoked command in '/home/unknown/ROS2_Workspaces/bumperbot_ws/build/bumperbot_utils' returned '0': CMAKE_PREFIX_PATH=${CMAKE_PREFIX_PATH}:/home/unknown/ROS2_Workspaces/bumperbot_ws/install/my_robot_controller:/home/unknown/ROS2_Workspaces/bumperbot_ws/install/bumper_bot_py:/opt/ros/humble /usr/bin/cmake --build /home/unknown/ROS2_Workspaces/bumperbot_ws/build/bumperbot_utils -- -j8 -l8
[0.806s] DEBUG:colcon.colcon_core.event_handler.log_command:Invoking command in '/home/unknown/ROS2_Workspaces/bumperbot_ws/build/bumperbot_utils': CMAKE_PREFIX_PATH=${CMAKE_PREFIX_PATH}:/home/unknown/ROS2_Workspaces/bumperbot_ws/install/my_robot_controller:/home/unknown/ROS2_Workspaces/bumperbot_ws/install/bumper_bot_py:/opt/ros/humble /usr/bin/cmake --install /home/unknown/ROS2_Workspaces/bumperbot_ws/build/bumperbot_utils
[0.808s] DEBUG:colcon.colcon_core.event_handler.log_command:Invoked command in '/home/unknown/ROS2_Workspaces/bumperbot_ws/build/gz_ros2_control' returned '0': CMAKE_PREFIX_PATH=${CMAKE_PREFIX_PATH}:/home/unknown/ROS2_Workspaces/bumperbot_ws/install/my_robot_controller:/home/unknown/ROS2_Workspaces/bumperbot_ws/install/bumper_bot_py:/opt/ros/humble /usr/bin/cmake --build /home/unknown/ROS2_Workspaces/bumperbot_ws/build/gz_ros2_control -- -j8 -l8
[0.810s] DEBUG:colcon.colcon_core.event_handler.log_command:Invoking command in '/home/unknown/ROS2_Workspaces/bumperbot_ws/build/gz_ros2_control': CMAKE_PREFIX_PATH=${CMAKE_PREFIX_PATH}:/home/unknown/ROS2_Workspaces/bumperbot_ws/install/my_robot_controller:/home/unknown/ROS2_Workspaces/bumperbot_ws/install/bumper_bot_py:/opt/ros/humble /usr/bin/cmake --install /home/unknown/ROS2_Workspaces/bumperbot_ws/build/gz_ros2_control
[0.815s] Level 1:colcon.colcon_core.environment:create_environment_scripts_only(bumperbot_firmware)
[0.816s] DEBUG:colcon.colcon_core.event_handler.log_command:Invoked command in '/home/unknown/ROS2_Workspaces/bumperbot_ws/build/bumperbot_firmware' returned '0': CMAKE_PREFIX_PATH=${CMAKE_PREFIX_PATH}:/home/unknown/ROS2_Workspaces/bumperbot_ws/install/my_robot_controller:/home/unknown/ROS2_Workspaces/bumperbot_ws/install/bumper_bot_py:/opt/ros/humble /usr/bin/cmake --install /home/unknown/ROS2_Workspaces/bumperbot_ws/build/bumperbot_firmware
[0.826s] Level 1:colcon.colcon_core.environment:checking '/home/unknown/ROS2_Workspaces/bumperbot_ws/install/bumperbot_firmware' for CMake module files
[0.829s] Level 1:colcon.colcon_core.environment:checking '/home/unknown/ROS2_Workspaces/bumperbot_ws/install/bumperbot_firmware' for CMake config files
[0.830s] Level 1:colcon.colcon_core.shell:create_environment_hook('bumperbot_firmware', 'cmake_prefix_path')
[0.830s] INFO:colcon.colcon_core.shell:Creating environment hook '/home/unknown/ROS2_Workspaces/bumperbot_ws/install/bumperbot_firmware/share/bumperbot_firmware/hook/cmake_prefix_path.ps1'
[0.831s] INFO:colcon.colcon_core.shell:Creating environment descriptor '/home/unknown/ROS2_Workspaces/bumperbot_ws/install/bumperbot_firmware/share/bumperbot_firmware/hook/cmake_prefix_path.dsv'
[0.831s] INFO:colcon.colcon_core.shell:Creating environment hook '/home/unknown/ROS2_Workspaces/bumperbot_ws/install/bumperbot_firmware/share/bumperbot_firmware/hook/cmake_prefix_path.sh'
[0.833s] Level 1:colcon.colcon_core.environment:checking '/home/unknown/ROS2_Workspaces/bumperbot_ws/install/bumperbot_firmware/bin'
[0.833s] Level 1:colcon.colcon_core.environment:checking '/home/unknown/ROS2_Workspaces/bumperbot_ws/install/bumperbot_firmware/lib/pkgconfig/bumperbot_firmware.pc'
[0.833s] Level 1:colcon.colcon_core.environment:checking '/home/unknown/ROS2_Workspaces/bumperbot_ws/install/bumperbot_firmware/lib/python3.10/site-packages'
[0.834s] Level 1:colcon.colcon_core.environment:checking '/home/unknown/ROS2_Workspaces/bumperbot_ws/install/bumperbot_firmware/bin'
[0.835s] INFO:colcon.colcon_core.shell:Creating package script '/home/unknown/ROS2_Workspaces/bumperbot_ws/install/bumperbot_firmware/share/bumperbot_firmware/package.ps1'
[0.836s] INFO:colcon.colcon_core.shell:Creating package descriptor '/home/unknown/ROS2_Workspaces/bumperbot_ws/install/bumperbot_firmware/share/bumperbot_firmware/package.dsv'
[0.837s] INFO:colcon.colcon_core.shell:Creating package script '/home/unknown/ROS2_Workspaces/bumperbot_ws/install/bumperbot_firmware/share/bumperbot_firmware/package.sh'
[0.839s] INFO:colcon.colcon_core.shell:Creating package script '/home/unknown/ROS2_Workspaces/bumperbot_ws/install/bumperbot_firmware/share/bumperbot_firmware/package.bash'
[0.840s] INFO:colcon.colcon_core.shell:Creating package script '/home/unknown/ROS2_Workspaces/bumperbot_ws/install/bumperbot_firmware/share/bumperbot_firmware/package.zsh'
[0.841s] Level 1:colcon.colcon_core.environment:create_file_with_runtime_dependencies(/home/unknown/ROS2_Workspaces/bumperbot_ws/install/bumperbot_firmware/share/colcon-core/packages/bumperbot_firmware)
[0.842s] Level 1:colcon.colcon_core.environment:create_environment_scripts_only(bumperbot_firmware)
[0.842s] Level 1:colcon.colcon_core.environment:checking '/home/unknown/ROS2_Workspaces/bumperbot_ws/install/bumperbot_firmware' for CMake module files
[0.843s] Level 1:colcon.colcon_core.environment:checking '/home/unknown/ROS2_Workspaces/bumperbot_ws/install/bumperbot_firmware' for CMake config files
[0.843s] Level 1:colcon.colcon_core.shell:create_environment_hook('bumperbot_firmware', 'cmake_prefix_path')
[0.843s] INFO:colcon.colcon_core.shell:Creating environment hook '/home/unknown/ROS2_Workspaces/bumperbot_ws/install/bumperbot_firmware/share/bumperbot_firmware/hook/cmake_prefix_path.ps1'
[0.844s] INFO:colcon.colcon_core.shell:Creating environment descriptor '/home/unknown/ROS2_Workspaces/bumperbot_ws/install/bumperbot_firmware/share/bumperbot_firmware/hook/cmake_prefix_path.dsv'
[0.844s] INFO:colcon.colcon_core.shell:Creating environment hook '/home/unknown/ROS2_Workspaces/bumperbot_ws/install/bumperbot_firmware/share/bumperbot_firmware/hook/cmake_prefix_path.sh'
[0.845s] Level 1:colcon.colcon_core.environment:checking '/home/unknown/ROS2_Workspaces/bumperbot_ws/install/bumperbot_firmware/bin'
[0.845s] Level 1:colcon.colcon_core.environment:checking '/home/unknown/ROS2_Workspaces/bumperbot_ws/install/bumperbot_firmware/lib/pkgconfig/bumperbot_firmware.pc'
[0.846s] Level 1:colcon.colcon_core.environment:checking '/home/unknown/ROS2_Workspaces/bumperbot_ws/install/bumperbot_firmware/lib/python3.10/site-packages'
[0.846s] Level 1:colcon.colcon_core.environment:checking '/home/unknown/ROS2_Workspaces/bumperbot_ws/install/bumperbot_firmware/bin'
[0.846s] INFO:colcon.colcon_core.shell:Creating package script '/home/unknown/ROS2_Workspaces/bumperbot_ws/install/bumperbot_firmware/share/bumperbot_firmware/package.ps1'
[0.847s] INFO:colcon.colcon_core.shell:Creating package descriptor '/home/unknown/ROS2_Workspaces/bumperbot_ws/install/bumperbot_firmware/share/bumperbot_firmware/package.dsv'
[0.848s] INFO:colcon.colcon_core.shell:Creating package script '/home/unknown/ROS2_Workspaces/bumperbot_ws/install/bumperbot_firmware/share/bumperbot_firmware/package.sh'
[0.848s] INFO:colcon.colcon_core.shell:Creating package script '/home/unknown/ROS2_Workspaces/bumperbot_ws/install/bumperbot_firmware/share/bumperbot_firmware/package.bash'
[0.849s] INFO:colcon.colcon_core.shell:Creating package script '/home/unknown/ROS2_Workspaces/bumperbot_ws/install/bumperbot_firmware/share/bumperbot_firmware/package.zsh'
[0.849s] Level 1:colcon.colcon_core.environment:create_file_with_runtime_dependencies(/home/unknown/ROS2_Workspaces/bumperbot_ws/install/bumperbot_firmware/share/colcon-core/packages/bumperbot_firmware)
[0.851s] Level 1:colcon.colcon_core.environment:create_environment_scripts_only(bumperbot_utils)
[0.852s] Level 1:colcon.colcon_core.environment:checking '/home/unknown/ROS2_Workspaces/bumperbot_ws/install/bumperbot_utils' for CMake module files
[0.853s] DEBUG:colcon.colcon_core.event_handler.log_command:Invoked command in '/home/unknown/ROS2_Workspaces/bumperbot_ws/build/bumperbot_utils' returned '0': CMAKE_PREFIX_PATH=${CMAKE_PREFIX_PATH}:/home/unknown/ROS2_Workspaces/bumperbot_ws/install/my_robot_controller:/home/unknown/ROS2_Workspaces/bumperbot_ws/install/bumper_bot_py:/opt/ros/humble /usr/bin/cmake --install /home/unknown/ROS2_Workspaces/bumperbot_ws/build/bumperbot_utils
[0.853s] Level 1:colcon.colcon_core.environment:checking '/home/unknown/ROS2_Workspaces/bumperbot_ws/install/bumperbot_utils' for CMake config files
[0.854s] Level 1:colcon.colcon_core.shell:create_environment_hook('bumperbot_utils', 'cmake_prefix_path')
[0.854s] INFO:colcon.colcon_core.shell:Creating environment hook '/home/unknown/ROS2_Workspaces/bumperbot_ws/install/bumperbot_utils/share/bumperbot_utils/hook/cmake_prefix_path.ps1'
[0.855s] INFO:colcon.colcon_core.shell:Creating environment descriptor '/home/unknown/ROS2_Workspaces/bumperbot_ws/install/bumperbot_utils/share/bumperbot_utils/hook/cmake_prefix_path.dsv'
[0.856s] INFO:colcon.colcon_core.shell:Creating environment hook '/home/unknown/ROS2_Workspaces/bumperbot_ws/install/bumperbot_utils/share/bumperbot_utils/hook/cmake_prefix_path.sh'
[0.857s] Level 1:colcon.colcon_core.environment:checking '/home/unknown/ROS2_Workspaces/bumperbot_ws/install/bumperbot_utils/lib'
[0.857s] Level 1:colcon.colcon_core.environment:checking '/home/unknown/ROS2_Workspaces/bumperbot_ws/install/bumperbot_utils/bin'
[0.857s] Level 1:colcon.colcon_core.environment:checking '/home/unknown/ROS2_Workspaces/bumperbot_ws/install/bumperbot_utils/lib/pkgconfig/bumperbot_utils.pc'
[0.858s] Level 1:colcon.colcon_core.environment:checking '/home/unknown/ROS2_Workspaces/bumperbot_ws/install/bumperbot_utils/lib/python3.10/site-packages'
[0.858s] Level 1:colcon.colcon_core.environment:checking '/home/unknown/ROS2_Workspaces/bumperbot_ws/install/bumperbot_utils/bin'
[0.859s] INFO:colcon.colcon_core.shell:Creating package script '/home/unknown/ROS2_Workspaces/bumperbot_ws/install/bumperbot_utils/share/bumperbot_utils/package.ps1'
[0.860s] INFO:colcon.colcon_core.shell:Creating package descriptor '/home/unknown/ROS2_Workspaces/bumperbot_ws/install/bumperbot_utils/share/bumperbot_utils/package.dsv'
[0.861s] INFO:colcon.colcon_core.shell:Creating package script '/home/unknown/ROS2_Workspaces/bumperbot_ws/install/bumperbot_utils/share/bumperbot_utils/package.sh'
[0.862s] INFO:colcon.colcon_core.shell:Creating package script '/home/unknown/ROS2_Workspaces/bumperbot_ws/install/bumperbot_utils/share/bumperbot_utils/package.bash'
[0.862s] INFO:colcon.colcon_core.shell:Creating package script '/home/unknown/ROS2_Workspaces/bumperbot_ws/install/bumperbot_utils/share/bumperbot_utils/package.zsh'
[0.863s] Level 1:colcon.colcon_core.environment:create_file_with_runtime_dependencies(/home/unknown/ROS2_Workspaces/bumperbot_ws/install/bumperbot_utils/share/colcon-core/packages/bumperbot_utils)
[0.864s] Level 1:colcon.colcon_core.environment:create_environment_scripts_only(bumperbot_utils)
[0.864s] Level 1:colcon.colcon_core.environment:checking '/home/unknown/ROS2_Workspaces/bumperbot_ws/install/bumperbot_utils' for CMake module files
[0.865s] Level 1:colcon.colcon_core.environment:checking '/home/unknown/ROS2_Workspaces/bumperbot_ws/install/bumperbot_utils' for CMake config files
[0.866s] Level 1:colcon.colcon_core.shell:create_environment_hook('bumperbot_utils', 'cmake_prefix_path')
[0.866s] INFO:colcon.colcon_core.shell:Creating environment hook '/home/unknown/ROS2_Workspaces/bumperbot_ws/install/bumperbot_utils/share/bumperbot_utils/hook/cmake_prefix_path.ps1'
[0.867s] INFO:colcon.colcon_core.shell:Creating environment descriptor '/home/unknown/ROS2_Workspaces/bumperbot_ws/install/bumperbot_utils/share/bumperbot_utils/hook/cmake_prefix_path.dsv'
[0.867s] INFO:colcon.colcon_core.shell:Creating environment hook '/home/unknown/ROS2_Workspaces/bumperbot_ws/install/bumperbot_utils/share/bumperbot_utils/hook/cmake_prefix_path.sh'
[0.868s] Level 1:colcon.colcon_core.environment:checking '/home/unknown/ROS2_Workspaces/bumperbot_ws/install/bumperbot_utils/lib'
[0.868s] Level 1:colcon.colcon_core.environment:checking '/home/unknown/ROS2_Workspaces/bumperbot_ws/install/bumperbot_utils/bin'
[0.869s] Level 1:colcon.colcon_core.environment:checking '/home/unknown/ROS2_Workspaces/bumperbot_ws/install/bumperbot_utils/lib/pkgconfig/bumperbot_utils.pc'
[0.869s] Level 1:colcon.colcon_core.environment:checking '/home/unknown/ROS2_Workspaces/bumperbot_ws/install/bumperbot_utils/lib/python3.10/site-packages'
[0.870s] Level 1:colcon.colcon_core.environment:checking '/home/unknown/ROS2_Workspaces/bumperbot_ws/install/bumperbot_utils/bin'
[0.870s] INFO:colcon.colcon_core.shell:Creating package script '/home/unknown/ROS2_Workspaces/bumperbot_ws/install/bumperbot_utils/share/bumperbot_utils/package.ps1'
[0.871s] INFO:colcon.colcon_core.shell:Creating package descriptor '/home/unknown/ROS2_Workspaces/bumperbot_ws/install/bumperbot_utils/share/bumperbot_utils/package.dsv'
[0.872s] INFO:colcon.colcon_core.shell:Creating package script '/home/unknown/ROS2_Workspaces/bumperbot_ws/install/bumperbot_utils/share/bumperbot_utils/package.sh'
[0.873s] INFO:colcon.colcon_core.shell:Creating package script '/home/unknown/ROS2_Workspaces/bumperbot_ws/install/bumperbot_utils/share/bumperbot_utils/package.bash'
[0.873s] INFO:colcon.colcon_core.shell:Creating package script '/home/unknown/ROS2_Workspaces/bumperbot_ws/install/bumperbot_utils/share/bumperbot_utils/package.zsh'
[0.874s] Level 1:colcon.colcon_core.environment:create_file_with_runtime_dependencies(/home/unknown/ROS2_Workspaces/bumperbot_ws/install/bumperbot_utils/share/colcon-core/packages/bumperbot_utils)
[0.874s] Level 1:colcon.colcon_core.environment:create_environment_scripts_only(gz_ros2_control)
[0.874s] Level 1:colcon.colcon_core.environment:checking '/home/unknown/ROS2_Workspaces/bumperbot_ws/install/gz_ros2_control' for CMake module files
[0.875s] Level 1:colcon.colcon_core.environment:checking '/home/unknown/ROS2_Workspaces/bumperbot_ws/install/gz_ros2_control' for CMake config files
[0.876s] DEBUG:colcon.colcon_core.event_handler.log_command:Invoked command in '/home/unknown/ROS2_Workspaces/bumperbot_ws/build/gz_ros2_control' returned '0': CMAKE_PREFIX_PATH=${CMAKE_PREFIX_PATH}:/home/unknown/ROS2_Workspaces/bumperbot_ws/install/my_robot_controller:/home/unknown/ROS2_Workspaces/bumperbot_ws/install/bumper_bot_py:/opt/ros/humble /usr/bin/cmake --install /home/unknown/ROS2_Workspaces/bumperbot_ws/build/gz_ros2_control
[0.876s] Level 1:colcon.colcon_core.shell:create_environment_hook('gz_ros2_control', 'cmake_prefix_path')
[0.876s] INFO:colcon.colcon_core.shell:Creating environment hook '/home/unknown/ROS2_Workspaces/bumperbot_ws/install/gz_ros2_control/share/gz_ros2_control/hook/cmake_prefix_path.ps1'
[0.877s] INFO:colcon.colcon_core.shell:Creating environment descriptor '/home/unknown/ROS2_Workspaces/bumperbot_ws/install/gz_ros2_control/share/gz_ros2_control/hook/cmake_prefix_path.dsv'
[0.877s] INFO:colcon.colcon_core.shell:Creating environment hook '/home/unknown/ROS2_Workspaces/bumperbot_ws/install/gz_ros2_control/share/gz_ros2_control/hook/cmake_prefix_path.sh'
[0.878s] Level 1:colcon.colcon_core.environment:checking '/home/unknown/ROS2_Workspaces/bumperbot_ws/install/gz_ros2_control/lib'
[0.878s] Level 1:colcon.colcon_core.shell:create_environment_hook('gz_ros2_control', 'ld_library_path_lib')
[0.878s] INFO:colcon.colcon_core.shell:Creating environment hook '/home/unknown/ROS2_Workspaces/bumperbot_ws/install/gz_ros2_control/share/gz_ros2_control/hook/ld_library_path_lib.ps1'
[0.879s] INFO:colcon.colcon_core.shell:Creating environment descriptor '/home/unknown/ROS2_Workspaces/bumperbot_ws/install/gz_ros2_control/share/gz_ros2_control/hook/ld_library_path_lib.dsv'
[0.879s] INFO:colcon.colcon_core.shell:Creating environment hook '/home/unknown/ROS2_Workspaces/bumperbot_ws/install/gz_ros2_control/share/gz_ros2_control/hook/ld_library_path_lib.sh'
[0.879s] Level 1:colcon.colcon_core.environment:checking '/home/unknown/ROS2_Workspaces/bumperbot_ws/install/gz_ros2_control/bin'
[0.879s] Level 1:colcon.colcon_core.environment:checking '/home/unknown/ROS2_Workspaces/bumperbot_ws/install/gz_ros2_control/lib/pkgconfig/gz_ros2_control.pc'
[0.880s] Level 1:colcon.colcon_core.environment:checking '/home/unknown/ROS2_Workspaces/bumperbot_ws/install/gz_ros2_control/lib/python3.10/site-packages'
[0.880s] Level 1:colcon.colcon_core.environment:checking '/home/unknown/ROS2_Workspaces/bumperbot_ws/install/gz_ros2_control/bin'
[0.880s] INFO:colcon.colcon_core.shell:Creating package script '/home/unknown/ROS2_Workspaces/bumperbot_ws/install/gz_ros2_control/share/gz_ros2_control/package.ps1'
[0.881s] INFO:colcon.colcon_core.shell:Creating package descriptor '/home/unknown/ROS2_Workspaces/bumperbot_ws/install/gz_ros2_control/share/gz_ros2_control/package.dsv'
[0.881s] INFO:colcon.colcon_core.shell:Creating package script '/home/unknown/ROS2_Workspaces/bumperbot_ws/install/gz_ros2_control/share/gz_ros2_control/package.sh'
[0.882s] INFO:colcon.colcon_core.shell:Creating package script '/home/unknown/ROS2_Workspaces/bumperbot_ws/install/gz_ros2_control/share/gz_ros2_control/package.bash'
[0.882s] INFO:colcon.colcon_core.shell:Creating package script '/home/unknown/ROS2_Workspaces/bumperbot_ws/install/gz_ros2_control/share/gz_ros2_control/package.zsh'
[0.883s] Level 1:colcon.colcon_core.environment:create_file_with_runtime_dependencies(/home/unknown/ROS2_Workspaces/bumperbot_ws/install/gz_ros2_control/share/colcon-core/packages/gz_ros2_control)
[0.883s] Level 1:colcon.colcon_core.environment:create_environment_scripts_only(gz_ros2_control)
[0.883s] Level 1:colcon.colcon_core.environment:checking '/home/unknown/ROS2_Workspaces/bumperbot_ws/install/gz_ros2_control' for CMake module files
[0.884s] Level 1:colcon.colcon_core.environment:checking '/home/unknown/ROS2_Workspaces/bumperbot_ws/install/gz_ros2_control' for CMake config files
[0.884s] Level 1:colcon.colcon_core.shell:create_environment_hook('gz_ros2_control', 'cmake_prefix_path')
[0.884s] INFO:colcon.colcon_core.shell:Creating environment hook '/home/unknown/ROS2_Workspaces/bumperbot_ws/install/gz_ros2_control/share/gz_ros2_control/hook/cmake_prefix_path.ps1'
[0.885s] INFO:colcon.colcon_core.shell:Creating environment descriptor '/home/unknown/ROS2_Workspaces/bumperbot_ws/install/gz_ros2_control/share/gz_ros2_control/hook/cmake_prefix_path.dsv'
[0.885s] INFO:colcon.colcon_core.shell:Creating environment hook '/home/unknown/ROS2_Workspaces/bumperbot_ws/install/gz_ros2_control/share/gz_ros2_control/hook/cmake_prefix_path.sh'
[0.885s] Level 1:colcon.colcon_core.environment:checking '/home/unknown/ROS2_Workspaces/bumperbot_ws/install/gz_ros2_control/lib'
[0.885s] Level 1:colcon.colcon_core.shell:create_environment_hook('gz_ros2_control', 'ld_library_path_lib')
[0.886s] INFO:colcon.colcon_core.shell:Creating environment hook '/home/unknown/ROS2_Workspaces/bumperbot_ws/install/gz_ros2_control/share/gz_ros2_control/hook/ld_library_path_lib.ps1'
[0.886s] INFO:colcon.colcon_core.shell:Creating environment descriptor '/home/unknown/ROS2_Workspaces/bumperbot_ws/install/gz_ros2_control/share/gz_ros2_control/hook/ld_library_path_lib.dsv'
[0.886s] INFO:colcon.colcon_core.shell:Creating environment hook '/home/unknown/ROS2_Workspaces/bumperbot_ws/install/gz_ros2_control/share/gz_ros2_control/hook/ld_library_path_lib.sh'
[0.887s] Level 1:colcon.colcon_core.environment:checking '/home/unknown/ROS2_Workspaces/bumperbot_ws/install/gz_ros2_control/bin'
[0.887s] Level 1:colcon.colcon_core.environment:checking '/home/unknown/ROS2_Workspaces/bumperbot_ws/install/gz_ros2_control/lib/pkgconfig/gz_ros2_control.pc'
[0.887s] Level 1:colcon.colcon_core.environment:checking '/home/unknown/ROS2_Workspaces/bumperbot_ws/install/gz_ros2_control/lib/python3.10/site-packages'
[0.887s] Level 1:colcon.colcon_core.environment:checking '/home/unknown/ROS2_Workspaces/bumperbot_ws/install/gz_ros2_control/bin'
[0.888s] INFO:colcon.colcon_core.shell:Creating package script '/home/unknown/ROS2_Workspaces/bumperbot_ws/install/gz_ros2_control/share/gz_ros2_control/package.ps1'
[0.888s] INFO:colcon.colcon_core.shell:Creating package descriptor '/home/unknown/ROS2_Workspaces/bumperbot_ws/install/gz_ros2_control/share/gz_ros2_control/package.dsv'
[0.889s] INFO:colcon.colcon_core.shell:Creating package script '/home/unknown/ROS2_Workspaces/bumperbot_ws/install/gz_ros2_control/share/gz_ros2_control/package.sh'
[0.889s] INFO:colcon.colcon_core.shell:Creating package script '/home/unknown/ROS2_Workspaces/bumperbot_ws/install/gz_ros2_control/share/gz_ros2_control/package.bash'
[0.889s] INFO:colcon.colcon_core.shell:Creating package script '/home/unknown/ROS2_Workspaces/bumperbot_ws/install/gz_ros2_control/share/gz_ros2_control/package.zsh'
[0.890s] Level 1:colcon.colcon_core.environment:create_file_with_runtime_dependencies(/home/unknown/ROS2_Workspaces/bumperbot_ws/install/gz_ros2_control/share/colcon-core/packages/gz_ros2_control)
[0.890s] INFO:colcon.colcon_ros.task.ament_cmake.build:Building ROS package in '/home/unknown/ROS2_Workspaces/bumperbot_ws/src/gz_ros2_control/gz_ros2_control_demos' with build type 'ament_cmake'
[0.890s] INFO:colcon.colcon_cmake.task.cmake.build:Building CMake package in '/home/unknown/ROS2_Workspaces/bumperbot_ws/src/gz_ros2_control/gz_ros2_control_demos'
[0.891s] INFO:colcon.colcon_core.shell:Skip shell extension 'powershell' for command environment: Not usable outside of PowerShell
[0.891s] DEBUG:colcon.colcon_core.shell:Skip shell extension 'dsv' for command environment
[0.895s] INFO:colcon.colcon_ros.task.ament_cmake.build:Building ROS package in '/home/unknown/ROS2_Workspaces/bumperbot_ws/src/gz_ros2_control/ign_ros2_control' with build type 'ament_cmake'
[0.895s] INFO:colcon.colcon_cmake.task.cmake.build:Building CMake package in '/home/unknown/ROS2_Workspaces/bumperbot_ws/src/gz_ros2_control/ign_ros2_control'
[0.895s] INFO:colcon.colcon_core.shell:Skip shell extension 'powershell' for command environment: Not usable outside of PowerShell
[0.895s] DEBUG:colcon.colcon_core.shell:Skip shell extension 'dsv' for command environment
[0.900s] DEBUG:colcon.colcon_core.event_handler.log_command:Invoked command in '/home/unknown/ROS2_Workspaces/bumperbot_ws/build/bumperbot_controller' returned '0': CMAKE_PREFIX_PATH=${CMAKE_PREFIX_PATH}:/home/unknown/ROS2_Workspaces/bumperbot_ws/install/my_robot_controller:/home/unknown/ROS2_Workspaces/bumperbot_ws/install/bumper_bot_py:/opt/ros/humble /usr/bin/cmake --build /home/unknown/ROS2_Workspaces/bumperbot_ws/build/bumperbot_controller -- -j8 -l8
[0.901s] DEBUG:colcon.colcon_core.event_handler.log_command:Invoking command in '/home/unknown/ROS2_Workspaces/bumperbot_ws/build/bumperbot_controller': CMAKE_PREFIX_PATH=${CMAKE_PREFIX_PATH}:/home/unknown/ROS2_Workspaces/bumperbot_ws/install/my_robot_controller:/home/unknown/ROS2_Workspaces/bumperbot_ws/install/bumper_bot_py:/opt/ros/humble /usr/bin/cmake --install /home/unknown/ROS2_Workspaces/bumperbot_ws/build/bumperbot_controller
[0.902s] DEBUG:colcon.colcon_core.event_handler.log_command:Invoked command in '/home/unknown/ROS2_Workspaces/bumperbot_ws/build/bumperbot_msgs' returned '0': CMAKE_PREFIX_PATH=${CMAKE_PREFIX_PATH}:/home/unknown/ROS2_Workspaces/bumperbot_ws/install/my_robot_controller:/home/unknown/ROS2_Workspaces/bumperbot_ws/install/bumper_bot_py:/opt/ros/humble /usr/bin/cmake --build /home/unknown/ROS2_Workspaces/bumperbot_ws/build/bumperbot_msgs -- -j8 -l8
[0.904s] DEBUG:colcon.colcon_core.event_handler.log_command:Invoking command in '/home/unknown/ROS2_Workspaces/bumperbot_ws/build/bumperbot_msgs': CMAKE_PREFIX_PATH=${CMAKE_PREFIX_PATH}:/home/unknown/ROS2_Workspaces/bumperbot_ws/install/my_robot_controller:/home/unknown/ROS2_Workspaces/bumperbot_ws/install/bumper_bot_py:/opt/ros/humble /usr/bin/cmake --install /home/unknown/ROS2_Workspaces/bumperbot_ws/build/bumperbot_msgs
[0.905s] DEBUG:colcon.colcon_core.event_handler.log_command:Invoked command in '/home/unknown/ROS2_Workspaces/bumperbot_ws/build/bumperbot_localisation' returned '0': CMAKE_PREFIX_PATH=${CMAKE_PREFIX_PATH}:/home/unknown/ROS2_Workspaces/bumperbot_ws/install/my_robot_controller:/home/unknown/ROS2_Workspaces/bumperbot_ws/install/bumper_bot_py:/opt/ros/humble /usr/bin/cmake --build /home/unknown/ROS2_Workspaces/bumperbot_ws/build/bumperbot_localisation -- -j8 -l8
[0.907s] DEBUG:colcon.colcon_core.event_handler.log_command:Invoking command in '/home/unknown/ROS2_Workspaces/bumperbot_ws/build/bumperbot_localisation': CMAKE_PREFIX_PATH=${CMAKE_PREFIX_PATH}:/home/unknown/ROS2_Workspaces/bumperbot_ws/install/my_robot_controller:/home/unknown/ROS2_Workspaces/bumperbot_ws/install/bumper_bot_py:/opt/ros/humble /usr/bin/cmake --install /home/unknown/ROS2_Workspaces/bumperbot_ws/build/bumperbot_localisation
[0.914s] DEBUG:colcon.colcon_core.event_handler.log_command:Invoking command in '/home/unknown/ROS2_Workspaces/bumperbot_ws/build/gz_ros2_control_demos': CMAKE_PREFIX_PATH=/home/unknown/ROS2_Workspaces/bumperbot_ws/install/gz_ros2_control:/home/unknown/ROS2_Workspaces/bumperbot_ws/install/ign_ros2_control_demos:/home/unknown/ROS2_Workspaces/bumperbot_ws/install/bumper_bot:/home/unknown/ROS2_Workspaces/bumperbot_ws/install/ign_ros2_control:/home/unknown/ROS2_Workspaces/bumperbot_ws/install/gz_ros2_control_tests:/home/unknown/ROS2_Workspaces/bumperbot_ws/install/gz_ros2_control_demos:/home/unknown/ROS2_Workspaces/bumperbot_ws/install/cpp_folder:/home/unknown/ROS2_Workspaces/bumperbot_ws/install/bumperbot_utils:/home/unknown/ROS2_Workspaces/bumperbot_ws/install/bumperbot_msgs:/home/unknown/ROS2_Workspaces/bumperbot_ws/install/bumperbot_localisation:/home/unknown/ROS2_Workspaces/bumperbot_ws/install/bumperbot_firmware:/home/unknown/ROS2_Workspaces/bumperbot_ws/install/bumperbot_controller:/home/unknown/ROS2_Workspaces/bumperbot_ws/install/my_robot_controller:/home/unknown/ROS2_Workspaces/bumperbot_ws/install/bumper_bot_py:/opt/ros/humble /usr/bin/cmake --build /home/unknown/ROS2_Workspaces/bumperbot_ws/build/gz_ros2_control_demos -- -j8 -l8
[0.927s] DEBUG:colcon.colcon_core.event_handler.log_command:Invoking command in '/home/unknown/ROS2_Workspaces/bumperbot_ws/build/ign_ros2_control': CMAKE_PREFIX_PATH=/home/unknown/ROS2_Workspaces/bumperbot_ws/install/gz_ros2_control:/home/unknown/ROS2_Workspaces/bumperbot_ws/install/ign_ros2_control_demos:/home/unknown/ROS2_Workspaces/bumperbot_ws/install/bumper_bot:/home/unknown/ROS2_Workspaces/bumperbot_ws/install/ign_ros2_control:/home/unknown/ROS2_Workspaces/bumperbot_ws/install/gz_ros2_control_tests:/home/unknown/ROS2_Workspaces/bumperbot_ws/install/gz_ros2_control_demos:/home/unknown/ROS2_Workspaces/bumperbot_ws/install/cpp_folder:/home/unknown/ROS2_Workspaces/bumperbot_ws/install/bumperbot_utils:/home/unknown/ROS2_Workspaces/bumperbot_ws/install/bumperbot_msgs:/home/unknown/ROS2_Workspaces/bumperbot_ws/install/bumperbot_localisation:/home/unknown/ROS2_Workspaces/bumperbot_ws/install/bumperbot_firmware:/home/unknown/ROS2_Workspaces/bumperbot_ws/install/bumperbot_controller:/home/unknown/ROS2_Workspaces/bumperbot_ws/install/my_robot_controller:/home/unknown/ROS2_Workspaces/bumperbot_ws/install/bumper_bot_py:/opt/ros/humble /usr/bin/cmake --build /home/unknown/ROS2_Workspaces/bumperbot_ws/build/ign_ros2_control -- -j8 -l8
[0.981s] Level 1:colcon.colcon_core.environment:create_environment_scripts_only(bumperbot_localisation)
[0.984s] Level 1:colcon.colcon_core.environment:checking '/home/unknown/ROS2_Workspaces/bumperbot_ws/install/bumperbot_localisation' for CMake module files
[0.995s] Level 1:colcon.colcon_core.environment:checking '/home/unknown/ROS2_Workspaces/bumperbot_ws/install/bumperbot_localisation' for CMake config files
[0.996s] DEBUG:colcon.colcon_core.event_handler.log_command:Invoked command in '/home/unknown/ROS2_Workspaces/bumperbot_ws/build/bumperbot_localisation' returned '0': CMAKE_PREFIX_PATH=${CMAKE_PREFIX_PATH}:/home/unknown/ROS2_Workspaces/bumperbot_ws/install/my_robot_controller:/home/unknown/ROS2_Workspaces/bumperbot_ws/install/bumper_bot_py:/opt/ros/humble /usr/bin/cmake --install /home/unknown/ROS2_Workspaces/bumperbot_ws/build/bumperbot_localisation
[0.997s] Level 1:colcon.colcon_core.shell:create_environment_hook('bumperbot_localisation', 'cmake_prefix_path')
[0.998s] INFO:colcon.colcon_core.shell:Creating environment hook '/home/unknown/ROS2_Workspaces/bumperbot_ws/install/bumperbot_localisation/share/bumperbot_localisation/hook/cmake_prefix_path.ps1'
[1.000s] INFO:colcon.colcon_core.shell:Creating environment descriptor '/home/unknown/ROS2_Workspaces/bumperbot_ws/install/bumperbot_localisation/share/bumperbot_localisation/hook/cmake_prefix_path.dsv'
[1.001s] INFO:colcon.colcon_core.shell:Creating environment hook '/home/unknown/ROS2_Workspaces/bumperbot_ws/install/bumperbot_localisation/share/bumperbot_localisation/hook/cmake_prefix_path.sh'
[1.002s] Level 1:colcon.colcon_core.environment:checking '/home/unknown/ROS2_Workspaces/bumperbot_ws/install/bumperbot_localisation/lib'
[1.002s] Level 1:colcon.colcon_core.environment:checking '/home/unknown/ROS2_Workspaces/bumperbot_ws/install/bumperbot_localisation/bin'
[1.002s] Level 1:colcon.colcon_core.environment:checking '/home/unknown/ROS2_Workspaces/bumperbot_ws/install/bumperbot_localisation/lib/pkgconfig/bumperbot_localisation.pc'
[1.002s] Level 1:colcon.colcon_core.environment:checking '/home/unknown/ROS2_Workspaces/bumperbot_ws/install/bumperbot_localisation/lib/python3.10/site-packages'
[1.003s] Level 1:colcon.colcon_core.environment:checking '/home/unknown/ROS2_Workspaces/bumperbot_ws/install/bumperbot_localisation/bin'
[1.003s] INFO:colcon.colcon_core.shell:Creating package script '/home/unknown/ROS2_Workspaces/bumperbot_ws/install/bumperbot_localisation/share/bumperbot_localisation/package.ps1'
[1.004s] INFO:colcon.colcon_core.shell:Creating package descriptor '/home/unknown/ROS2_Workspaces/bumperbot_ws/install/bumperbot_localisation/share/bumperbot_localisation/package.dsv'
[1.004s] INFO:colcon.colcon_core.shell:Creating package script '/home/unknown/ROS2_Workspaces/bumperbot_ws/install/bumperbot_localisation/share/bumperbot_localisation/package.sh'
[1.005s] INFO:colcon.colcon_core.shell:Creating package script '/home/unknown/ROS2_Workspaces/bumperbot_ws/install/bumperbot_localisation/share/bumperbot_localisation/package.bash'
[1.005s] INFO:colcon.colcon_core.shell:Creating package script '/home/unknown/ROS2_Workspaces/bumperbot_ws/install/bumperbot_localisation/share/bumperbot_localisation/package.zsh'
[1.006s] Level 1:colcon.colcon_core.environment:create_file_with_runtime_dependencies(/home/unknown/ROS2_Workspaces/bumperbot_ws/install/bumperbot_localisation/share/colcon-core/packages/bumperbot_localisation)
[1.007s] Level 1:colcon.colcon_core.environment:create_environment_scripts_only(bumperbot_localisation)
[1.007s] Level 1:colcon.colcon_core.environment:checking '/home/unknown/ROS2_Workspaces/bumperbot_ws/install/bumperbot_localisation' for CMake module files
[1.008s] Level 1:colcon.colcon_core.environment:checking '/home/unknown/ROS2_Workspaces/bumperbot_ws/install/bumperbot_localisation' for CMake config files
[1.008s] Level 1:colcon.colcon_core.shell:create_environment_hook('bumperbot_localisation', 'cmake_prefix_path')
[1.008s] INFO:colcon.colcon_core.shell:Creating environment hook '/home/unknown/ROS2_Workspaces/bumperbot_ws/install/bumperbot_localisation/share/bumperbot_localisation/hook/cmake_prefix_path.ps1'
[1.008s] INFO:colcon.colcon_core.shell:Creating environment descriptor '/home/unknown/ROS2_Workspaces/bumperbot_ws/install/bumperbot_localisation/share/bumperbot_localisation/hook/cmake_prefix_path.dsv'
[1.009s] INFO:colcon.colcon_core.shell:Creating environment hook '/home/unknown/ROS2_Workspaces/bumperbot_ws/install/bumperbot_localisation/share/bumperbot_localisation/hook/cmake_prefix_path.sh'
[1.009s] Level 1:colcon.colcon_core.environment:checking '/home/unknown/ROS2_Workspaces/bumperbot_ws/install/bumperbot_localisation/lib'
[1.009s] Level 1:colcon.colcon_core.environment:checking '/home/unknown/ROS2_Workspaces/bumperbot_ws/install/bumperbot_localisation/bin'
[1.010s] Level 1:colcon.colcon_core.environment:checking '/home/unknown/ROS2_Workspaces/bumperbot_ws/install/bumperbot_localisation/lib/pkgconfig/bumperbot_localisation.pc'
[1.010s] Level 1:colcon.colcon_core.environment:checking '/home/unknown/ROS2_Workspaces/bumperbot_ws/install/bumperbot_localisation/lib/python3.10/site-packages'
[1.010s] Level 1:colcon.colcon_core.environment:checking '/home/unknown/ROS2_Workspaces/bumperbot_ws/install/bumperbot_localisation/bin'
[1.010s] INFO:colcon.colcon_core.shell:Creating package script '/home/unknown/ROS2_Workspaces/bumperbot_ws/install/bumperbot_localisation/share/bumperbot_localisation/package.ps1'
[1.011s] INFO:colcon.colcon_core.shell:Creating package descriptor '/home/unknown/ROS2_Workspaces/bumperbot_ws/install/bumperbot_localisation/share/bumperbot_localisation/package.dsv'
[1.011s] INFO:colcon.colcon_core.shell:Creating package script '/home/unknown/ROS2_Workspaces/bumperbot_ws/install/bumperbot_localisation/share/bumperbot_localisation/package.sh'
[1.012s] INFO:colcon.colcon_core.shell:Creating package script '/home/unknown/ROS2_Workspaces/bumperbot_ws/install/bumperbot_localisation/share/bumperbot_localisation/package.bash'
[1.012s] INFO:colcon.colcon_core.shell:Creating package script '/home/unknown/ROS2_Workspaces/bumperbot_ws/install/bumperbot_localisation/share/bumperbot_localisation/package.zsh'
[1.012s] Level 1:colcon.colcon_core.environment:create_file_with_runtime_dependencies(/home/unknown/ROS2_Workspaces/bumperbot_ws/install/bumperbot_localisation/share/colcon-core/packages/bumperbot_localisation)
[1.015s] Level 1:colcon.colcon_core.environment:create_environment_scripts_only(bumperbot_controller)
[1.015s] Level 1:colcon.colcon_core.environment:checking '/home/unknown/ROS2_Workspaces/bumperbot_ws/install/bumperbot_controller' for CMake module files
[1.015s] DEBUG:colcon.colcon_core.event_handler.log_command:Invoked command in '/home/unknown/ROS2_Workspaces/bumperbot_ws/build/ign_ros2_control' returned '0': CMAKE_PREFIX_PATH=/home/unknown/ROS2_Workspaces/bumperbot_ws/install/gz_ros2_control:/home/unknown/ROS2_Workspaces/bumperbot_ws/install/ign_ros2_control_demos:/home/unknown/ROS2_Workspaces/bumperbot_ws/install/bumper_bot:/home/unknown/ROS2_Workspaces/bumperbot_ws/install/ign_ros2_control:/home/unknown/ROS2_Workspaces/bumperbot_ws/install/gz_ros2_control_tests:/home/unknown/ROS2_Workspaces/bumperbot_ws/install/gz_ros2_control_demos:/home/unknown/ROS2_Workspaces/bumperbot_ws/install/cpp_folder:/home/unknown/ROS2_Workspaces/bumperbot_ws/install/bumperbot_utils:/home/unknown/ROS2_Workspaces/bumperbot_ws/install/bumperbot_msgs:/home/unknown/ROS2_Workspaces/bumperbot_ws/install/bumperbot_localisation:/home/unknown/ROS2_Workspaces/bumperbot_ws/install/bumperbot_firmware:/home/unknown/ROS2_Workspaces/bumperbot_ws/install/bumperbot_controller:/home/unknown/ROS2_Workspaces/bumperbot_ws/install/my_robot_controller:/home/unknown/ROS2_Workspaces/bumperbot_ws/install/bumper_bot_py:/opt/ros/humble /usr/bin/cmake --build /home/unknown/ROS2_Workspaces/bumperbot_ws/build/ign_ros2_control -- -j8 -l8
[1.016s] DEBUG:colcon.colcon_core.event_handler.log_command:Invoking command in '/home/unknown/ROS2_Workspaces/bumperbot_ws/build/ign_ros2_control': CMAKE_PREFIX_PATH=/home/unknown/ROS2_Workspaces/bumperbot_ws/install/gz_ros2_control:/home/unknown/ROS2_Workspaces/bumperbot_ws/install/ign_ros2_control_demos:/home/unknown/ROS2_Workspaces/bumperbot_ws/install/bumper_bot:/home/unknown/ROS2_Workspaces/bumperbot_ws/install/ign_ros2_control:/home/unknown/ROS2_Workspaces/bumperbot_ws/install/gz_ros2_control_tests:/home/unknown/ROS2_Workspaces/bumperbot_ws/install/gz_ros2_control_demos:/home/unknown/ROS2_Workspaces/bumperbot_ws/install/cpp_folder:/home/unknown/ROS2_Workspaces/bumperbot_ws/install/bumperbot_utils:/home/unknown/ROS2_Workspaces/bumperbot_ws/install/bumperbot_msgs:/home/unknown/ROS2_Workspaces/bumperbot_ws/install/bumperbot_localisation:/home/unknown/ROS2_Workspaces/bumperbot_ws/install/bumperbot_firmware:/home/unknown/ROS2_Workspaces/bumperbot_ws/install/bumperbot_controller:/home/unknown/ROS2_Workspaces/bumperbot_ws/install/my_robot_controller:/home/unknown/ROS2_Workspaces/bumperbot_ws/install/bumper_bot_py:/opt/ros/humble /usr/bin/cmake --install /home/unknown/ROS2_Workspaces/bumperbot_ws/build/ign_ros2_control
[1.016s] DEBUG:colcon.colcon_core.event_handler.log_command:Invoked command in '/home/unknown/ROS2_Workspaces/bumperbot_ws/build/bumperbot_controller' returned '0': CMAKE_PREFIX_PATH=${CMAKE_PREFIX_PATH}:/home/unknown/ROS2_Workspaces/bumperbot_ws/install/my_robot_controller:/home/unknown/ROS2_Workspaces/bumperbot_ws/install/bumper_bot_py:/opt/ros/humble /usr/bin/cmake --install /home/unknown/ROS2_Workspaces/bumperbot_ws/build/bumperbot_controller
[1.016s] Level 1:colcon.colcon_core.environment:checking '/home/unknown/ROS2_Workspaces/bumperbot_ws/install/bumperbot_controller' for CMake config files
[1.017s] Level 1:colcon.colcon_core.shell:create_environment_hook('bumperbot_controller', 'cmake_prefix_path')
[1.017s] INFO:colcon.colcon_core.shell:Creating environment hook '/home/unknown/ROS2_Workspaces/bumperbot_ws/install/bumperbot_controller/share/bumperbot_controller/hook/cmake_prefix_path.ps1'
[1.017s] INFO:colcon.colcon_core.shell:Creating environment descriptor '/home/unknown/ROS2_Workspaces/bumperbot_ws/install/bumperbot_controller/share/bumperbot_controller/hook/cmake_prefix_path.dsv'
[1.018s] INFO:colcon.colcon_core.shell:Creating environment hook '/home/unknown/ROS2_Workspaces/bumperbot_ws/install/bumperbot_controller/share/bumperbot_controller/hook/cmake_prefix_path.sh'
[1.018s] Level 1:colcon.colcon_core.environment:checking '/home/unknown/ROS2_Workspaces/bumperbot_ws/install/bumperbot_controller/lib'
[1.018s] Level 1:colcon.colcon_core.environment:checking '/home/unknown/ROS2_Workspaces/bumperbot_ws/install/bumperbot_controller/bin'
[1.018s] Level 1:colcon.colcon_core.environment:checking '/home/unknown/ROS2_Workspaces/bumperbot_ws/install/bumperbot_controller/lib/pkgconfig/bumperbot_controller.pc'
[1.018s] Level 1:colcon.colcon_core.environment:checking '/home/unknown/ROS2_Workspaces/bumperbot_ws/install/bumperbot_controller/lib/python3.10/site-packages'
[1.019s] Level 1:colcon.colcon_core.environment:checking '/home/unknown/ROS2_Workspaces/bumperbot_ws/install/bumperbot_controller/bin'
[1.019s] INFO:colcon.colcon_core.shell:Creating package script '/home/unknown/ROS2_Workspaces/bumperbot_ws/install/bumperbot_controller/share/bumperbot_controller/package.ps1'
[1.020s] INFO:colcon.colcon_core.shell:Creating package descriptor '/home/unknown/ROS2_Workspaces/bumperbot_ws/install/bumperbot_controller/share/bumperbot_controller/package.dsv'
[1.020s] INFO:colcon.colcon_core.shell:Creating package script '/home/unknown/ROS2_Workspaces/bumperbot_ws/install/bumperbot_controller/share/bumperbot_controller/package.sh'
[1.021s] INFO:colcon.colcon_core.shell:Creating package script '/home/unknown/ROS2_Workspaces/bumperbot_ws/install/bumperbot_controller/share/bumperbot_controller/package.bash'
[1.022s] INFO:colcon.colcon_core.shell:Creating package script '/home/unknown/ROS2_Workspaces/bumperbot_ws/install/bumperbot_controller/share/bumperbot_controller/package.zsh'
[1.022s] Level 1:colcon.colcon_core.environment:create_file_with_runtime_dependencies(/home/unknown/ROS2_Workspaces/bumperbot_ws/install/bumperbot_controller/share/colcon-core/packages/bumperbot_controller)
[1.023s] Level 1:colcon.colcon_core.environment:create_environment_scripts_only(bumperbot_controller)
[1.023s] Level 1:colcon.colcon_core.environment:checking '/home/unknown/ROS2_Workspaces/bumperbot_ws/install/bumperbot_controller' for CMake module files
[1.023s] Level 1:colcon.colcon_core.environment:checking '/home/unknown/ROS2_Workspaces/bumperbot_ws/install/bumperbot_controller' for CMake config files
[1.023s] Level 1:colcon.colcon_core.shell:create_environment_hook('bumperbot_controller', 'cmake_prefix_path')
[1.024s] INFO:colcon.colcon_core.shell:Creating environment hook '/home/unknown/ROS2_Workspaces/bumperbot_ws/install/bumperbot_controller/share/bumperbot_controller/hook/cmake_prefix_path.ps1'
[1.024s] INFO:colcon.colcon_core.shell:Creating environment descriptor '/home/unknown/ROS2_Workspaces/bumperbot_ws/install/bumperbot_controller/share/bumperbot_controller/hook/cmake_prefix_path.dsv'
[1.024s] INFO:colcon.colcon_core.shell:Creating environment hook '/home/unknown/ROS2_Workspaces/bumperbot_ws/install/bumperbot_controller/share/bumperbot_controller/hook/cmake_prefix_path.sh'
[1.025s] Level 1:colcon.colcon_core.environment:checking '/home/unknown/ROS2_Workspaces/bumperbot_ws/install/bumperbot_controller/lib'
[1.025s] Level 1:colcon.colcon_core.environment:checking '/home/unknown/ROS2_Workspaces/bumperbot_ws/install/bumperbot_controller/bin'
[1.025s] Level 1:colcon.colcon_core.environment:checking '/home/unknown/ROS2_Workspaces/bumperbot_ws/install/bumperbot_controller/lib/pkgconfig/bumperbot_controller.pc'
[1.025s] Level 1:colcon.colcon_core.environment:checking '/home/unknown/ROS2_Workspaces/bumperbot_ws/install/bumperbot_controller/lib/python3.10/site-packages'
[1.025s] Level 1:colcon.colcon_core.environment:checking '/home/unknown/ROS2_Workspaces/bumperbot_ws/install/bumperbot_controller/bin'
[1.026s] INFO:colcon.colcon_core.shell:Creating package script '/home/unknown/ROS2_Workspaces/bumperbot_ws/install/bumperbot_controller/share/bumperbot_controller/package.ps1'
[1.026s] INFO:colcon.colcon_core.shell:Creating package descriptor '/home/unknown/ROS2_Workspaces/bumperbot_ws/install/bumperbot_controller/share/bumperbot_controller/package.dsv'
[1.026s] INFO:colcon.colcon_core.shell:Creating package script '/home/unknown/ROS2_Workspaces/bumperbot_ws/install/bumperbot_controller/share/bumperbot_controller/package.sh'
[1.027s] INFO:colcon.colcon_core.shell:Creating package script '/home/unknown/ROS2_Workspaces/bumperbot_ws/install/bumperbot_controller/share/bumperbot_controller/package.bash'
[1.027s] INFO:colcon.colcon_core.shell:Creating package script '/home/unknown/ROS2_Workspaces/bumperbot_ws/install/bumperbot_controller/share/bumperbot_controller/package.zsh'
[1.027s] Level 1:colcon.colcon_core.environment:create_file_with_runtime_dependencies(/home/unknown/ROS2_Workspaces/bumperbot_ws/install/bumperbot_controller/share/colcon-core/packages/bumperbot_controller)
[1.028s] Level 1:colcon.colcon_core.environment:create_environment_scripts_only(bumperbot_msgs)
[1.028s] Level 1:colcon.colcon_core.environment:checking '/home/unknown/ROS2_Workspaces/bumperbot_ws/install/bumperbot_msgs' for CMake module files
[1.029s] DEBUG:colcon.colcon_core.event_handler.log_command:Invoked command in '/home/unknown/ROS2_Workspaces/bumperbot_ws/build/bumperbot_msgs' returned '0': CMAKE_PREFIX_PATH=${CMAKE_PREFIX_PATH}:/home/unknown/ROS2_Workspaces/bumperbot_ws/install/my_robot_controller:/home/unknown/ROS2_Workspaces/bumperbot_ws/install/bumper_bot_py:/opt/ros/humble /usr/bin/cmake --install /home/unknown/ROS2_Workspaces/bumperbot_ws/build/bumperbot_msgs
[1.029s] Level 1:colcon.colcon_core.environment:checking '/home/unknown/ROS2_Workspaces/bumperbot_ws/install/bumperbot_msgs' for CMake config files
[1.029s] Level 1:colcon.colcon_core.shell:create_environment_hook('bumperbot_msgs', 'cmake_prefix_path')
[1.029s] INFO:colcon.colcon_core.shell:Creating environment hook '/home/unknown/ROS2_Workspaces/bumperbot_ws/install/bumperbot_msgs/share/bumperbot_msgs/hook/cmake_prefix_path.ps1'
[1.030s] INFO:colcon.colcon_core.shell:Creating environment descriptor '/home/unknown/ROS2_Workspaces/bumperbot_ws/install/bumperbot_msgs/share/bumperbot_msgs/hook/cmake_prefix_path.dsv'
[1.030s] INFO:colcon.colcon_core.shell:Creating environment hook '/home/unknown/ROS2_Workspaces/bumperbot_ws/install/bumperbot_msgs/share/bumperbot_msgs/hook/cmake_prefix_path.sh'
[1.030s] Level 1:colcon.colcon_core.environment:checking '/home/unknown/ROS2_Workspaces/bumperbot_ws/install/bumperbot_msgs/lib'
[1.030s] Level 1:colcon.colcon_core.shell:create_environment_hook('bumperbot_msgs', 'ld_library_path_lib')
[1.031s] INFO:colcon.colcon_core.shell:Creating environment hook '/home/unknown/ROS2_Workspaces/bumperbot_ws/install/bumperbot_msgs/share/bumperbot_msgs/hook/ld_library_path_lib.ps1'
[1.031s] INFO:colcon.colcon_core.shell:Creating environment descriptor '/home/unknown/ROS2_Workspaces/bumperbot_ws/install/bumperbot_msgs/share/bumperbot_msgs/hook/ld_library_path_lib.dsv'
[1.031s] INFO:colcon.colcon_core.shell:Creating environment hook '/home/unknown/ROS2_Workspaces/bumperbot_ws/install/bumperbot_msgs/share/bumperbot_msgs/hook/ld_library_path_lib.sh'
[1.031s] Level 1:colcon.colcon_core.environment:checking '/home/unknown/ROS2_Workspaces/bumperbot_ws/install/bumperbot_msgs/bin'
[1.032s] Level 1:colcon.colcon_core.environment:checking '/home/unknown/ROS2_Workspaces/bumperbot_ws/install/bumperbot_msgs/lib/pkgconfig/bumperbot_msgs.pc'
[1.032s] Level 1:colcon.colcon_core.environment:checking '/home/unknown/ROS2_Workspaces/bumperbot_ws/install/bumperbot_msgs/lib/python3.10/site-packages'
[1.032s] Level 1:colcon.colcon_core.environment:checking '/home/unknown/ROS2_Workspaces/bumperbot_ws/install/bumperbot_msgs/bin'
[1.032s] INFO:colcon.colcon_core.shell:Creating package script '/home/unknown/ROS2_Workspaces/bumperbot_ws/install/bumperbot_msgs/share/bumperbot_msgs/package.ps1'
[1.033s] INFO:colcon.colcon_core.shell:Creating package descriptor '/home/unknown/ROS2_Workspaces/bumperbot_ws/install/bumperbot_msgs/share/bumperbot_msgs/package.dsv'
[1.033s] INFO:colcon.colcon_core.shell:Creating package script '/home/unknown/ROS2_Workspaces/bumperbot_ws/install/bumperbot_msgs/share/bumperbot_msgs/package.sh'
[1.033s] INFO:colcon.colcon_core.shell:Creating package script '/home/unknown/ROS2_Workspaces/bumperbot_ws/install/bumperbot_msgs/share/bumperbot_msgs/package.bash'
[1.034s] INFO:colcon.colcon_core.shell:Creating package script '/home/unknown/ROS2_Workspaces/bumperbot_ws/install/bumperbot_msgs/share/bumperbot_msgs/package.zsh'
[1.034s] Level 1:colcon.colcon_core.environment:create_file_with_runtime_dependencies(/home/unknown/ROS2_Workspaces/bumperbot_ws/install/bumperbot_msgs/share/colcon-core/packages/bumperbot_msgs)
[1.034s] Level 1:colcon.colcon_core.environment:create_environment_scripts_only(bumperbot_msgs)
[1.034s] Level 1:colcon.colcon_core.environment:checking '/home/unknown/ROS2_Workspaces/bumperbot_ws/install/bumperbot_msgs' for CMake module files
[1.035s] Level 1:colcon.colcon_core.environment:checking '/home/unknown/ROS2_Workspaces/bumperbot_ws/install/bumperbot_msgs' for CMake config files
[1.035s] Level 1:colcon.colcon_core.shell:create_environment_hook('bumperbot_msgs', 'cmake_prefix_path')
[1.035s] INFO:colcon.colcon_core.shell:Creating environment hook '/home/unknown/ROS2_Workspaces/bumperbot_ws/install/bumperbot_msgs/share/bumperbot_msgs/hook/cmake_prefix_path.ps1'
[1.036s] INFO:colcon.colcon_core.shell:Creating environment descriptor '/home/unknown/ROS2_Workspaces/bumperbot_ws/install/bumperbot_msgs/share/bumperbot_msgs/hook/cmake_prefix_path.dsv'
[1.036s] INFO:colcon.colcon_core.shell:Creating environment hook '/home/unknown/ROS2_Workspaces/bumperbot_ws/install/bumperbot_msgs/share/bumperbot_msgs/hook/cmake_prefix_path.sh'
[1.036s] Level 1:colcon.colcon_core.environment:checking '/home/unknown/ROS2_Workspaces/bumperbot_ws/install/bumperbot_msgs/lib'
[1.036s] Level 1:colcon.colcon_core.shell:create_environment_hook('bumperbot_msgs', 'ld_library_path_lib')
[1.037s] INFO:colcon.colcon_core.shell:Creating environment hook '/home/unknown/ROS2_Workspaces/bumperbot_ws/install/bumperbot_msgs/share/bumperbot_msgs/hook/ld_library_path_lib.ps1'
[1.037s] INFO:colcon.colcon_core.shell:Creating environment descriptor '/home/unknown/ROS2_Workspaces/bumperbot_ws/install/bumperbot_msgs/share/bumperbot_msgs/hook/ld_library_path_lib.dsv'
[1.037s] INFO:colcon.colcon_core.shell:Creating environment hook '/home/unknown/ROS2_Workspaces/bumperbot_ws/install/bumperbot_msgs/share/bumperbot_msgs/hook/ld_library_path_lib.sh'
[1.037s] Level 1:colcon.colcon_core.environment:checking '/home/unknown/ROS2_Workspaces/bumperbot_ws/install/bumperbot_msgs/bin'
[1.037s] Level 1:colcon.colcon_core.environment:checking '/home/unknown/ROS2_Workspaces/bumperbot_ws/install/bumperbot_msgs/lib/pkgconfig/bumperbot_msgs.pc'
[1.038s] Level 1:colcon.colcon_core.environment:checking '/home/unknown/ROS2_Workspaces/bumperbot_ws/install/bumperbot_msgs/lib/python3.10/site-packages'
[1.038s] Level 1:colcon.colcon_core.environment:checking '/home/unknown/ROS2_Workspaces/bumperbot_ws/install/bumperbot_msgs/bin'
[1.038s] INFO:colcon.colcon_core.shell:Creating package script '/home/unknown/ROS2_Workspaces/bumperbot_ws/install/bumperbot_msgs/share/bumperbot_msgs/package.ps1'
[1.038s] INFO:colcon.colcon_core.shell:Creating package descriptor '/home/unknown/ROS2_Workspaces/bumperbot_ws/install/bumperbot_msgs/share/bumperbot_msgs/package.dsv'
[1.039s] INFO:colcon.colcon_core.shell:Creating package script '/home/unknown/ROS2_Workspaces/bumperbot_ws/install/bumperbot_msgs/share/bumperbot_msgs/package.sh'
[1.039s] INFO:colcon.colcon_core.shell:Creating package script '/home/unknown/ROS2_Workspaces/bumperbot_ws/install/bumperbot_msgs/share/bumperbot_msgs/package.bash'
[1.039s] INFO:colcon.colcon_core.shell:Creating package script '/home/unknown/ROS2_Workspaces/bumperbot_ws/install/bumperbot_msgs/share/bumperbot_msgs/package.zsh'
[1.040s] Level 1:colcon.colcon_core.environment:create_file_with_runtime_dependencies(/home/unknown/ROS2_Workspaces/bumperbot_ws/install/bumperbot_msgs/share/colcon-core/packages/bumperbot_msgs)
[1.041s] INFO:colcon.colcon_ros.task.ament_python.build:Building ROS package in '/home/unknown/ROS2_Workspaces/bumperbot_ws/src/bumper_bot_py' with build type 'ament_python'
[1.041s] DEBUG:colcon.colcon_core.event_handler.log_command:Invoked command in '/home/unknown/ROS2_Workspaces/bumperbot_ws/build/gz_ros2_control_demos' returned '0': CMAKE_PREFIX_PATH=/home/unknown/ROS2_Workspaces/bumperbot_ws/install/gz_ros2_control:/home/unknown/ROS2_Workspaces/bumperbot_ws/install/ign_ros2_control_demos:/home/unknown/ROS2_Workspaces/bumperbot_ws/install/bumper_bot:/home/unknown/ROS2_Workspaces/bumperbot_ws/install/ign_ros2_control:/home/unknown/ROS2_Workspaces/bumperbot_ws/install/gz_ros2_control_tests:/home/unknown/ROS2_Workspaces/bumperbot_ws/install/gz_ros2_control_demos:/home/unknown/ROS2_Workspaces/bumperbot_ws/install/cpp_folder:/home/unknown/ROS2_Workspaces/bumperbot_ws/install/bumperbot_utils:/home/unknown/ROS2_Workspaces/bumperbot_ws/install/bumperbot_msgs:/home/unknown/ROS2_Workspaces/bumperbot_ws/install/bumperbot_localisation:/home/unknown/ROS2_Workspaces/bumperbot_ws/install/bumperbot_firmware:/home/unknown/ROS2_Workspaces/bumperbot_ws/install/bumperbot_controller:/home/unknown/ROS2_Workspaces/bumperbot_ws/install/my_robot_controller:/home/unknown/ROS2_Workspaces/bumperbot_ws/install/bumper_bot_py:/opt/ros/humble /usr/bin/cmake --build /home/unknown/ROS2_Workspaces/bumperbot_ws/build/gz_ros2_control_demos -- -j8 -l8
[1.042s] Level 1:colcon.colcon_core.shell:create_environment_hook('bumper_bot_py', 'ament_prefix_path')
[1.042s] INFO:colcon.colcon_core.shell:Creating environment hook '/home/unknown/ROS2_Workspaces/bumperbot_ws/install/bumper_bot_py/share/bumper_bot_py/hook/ament_prefix_path.ps1'
[1.043s] DEBUG:colcon.colcon_core.event_handler.log_command:Invoking command in '/home/unknown/ROS2_Workspaces/bumperbot_ws/build/gz_ros2_control_demos': CMAKE_PREFIX_PATH=/home/unknown/ROS2_Workspaces/bumperbot_ws/install/gz_ros2_control:/home/unknown/ROS2_Workspaces/bumperbot_ws/install/ign_ros2_control_demos:/home/unknown/ROS2_Workspaces/bumperbot_ws/install/bumper_bot:/home/unknown/ROS2_Workspaces/bumperbot_ws/install/ign_ros2_control:/home/unknown/ROS2_Workspaces/bumperbot_ws/install/gz_ros2_control_tests:/home/unknown/ROS2_Workspaces/bumperbot_ws/install/gz_ros2_control_demos:/home/unknown/ROS2_Workspaces/bumperbot_ws/install/cpp_folder:/home/unknown/ROS2_Workspaces/bumperbot_ws/install/bumperbot_utils:/home/unknown/ROS2_Workspaces/bumperbot_ws/install/bumperbot_msgs:/home/unknown/ROS2_Workspaces/bumperbot_ws/install/bumperbot_localisation:/home/unknown/ROS2_Workspaces/bumperbot_ws/install/bumperbot_firmware:/home/unknown/ROS2_Workspaces/bumperbot_ws/install/bumperbot_controller:/home/unknown/ROS2_Workspaces/bumperbot_ws/install/my_robot_controller:/home/unknown/ROS2_Workspaces/bumperbot_ws/install/bumper_bot_py:/opt/ros/humble /usr/bin/cmake --install /home/unknown/ROS2_Workspaces/bumperbot_ws/build/gz_ros2_control_demos
[1.043s] INFO:colcon.colcon_core.shell:Creating environment descriptor '/home/unknown/ROS2_Workspaces/bumperbot_ws/install/bumper_bot_py/share/bumper_bot_py/hook/ament_prefix_path.dsv'
[1.043s] INFO:colcon.colcon_core.shell:Creating environment hook '/home/unknown/ROS2_Workspaces/bumperbot_ws/install/bumper_bot_py/share/bumper_bot_py/hook/ament_prefix_path.sh'
[1.043s] INFO:colcon.colcon_core.shell:Skip shell extension 'powershell' for command environment: Not usable outside of PowerShell
[1.044s] DEBUG:colcon.colcon_core.shell:Skip shell extension 'dsv' for command environment
[1.047s] INFO:colcon.colcon_ros.task.ament_cmake.build:Building ROS package in '/home/unknown/ROS2_Workspaces/bumperbot_ws/src/cpp_folder' with build type 'ament_cmake'
[1.047s] INFO:colcon.colcon_cmake.task.cmake.build:Building CMake package in '/home/unknown/ROS2_Workspaces/bumperbot_ws/src/cpp_folder'
[1.047s] INFO:colcon.colcon_core.shell:Skip shell extension 'powershell' for command environment: Not usable outside of PowerShell
[1.047s] DEBUG:colcon.colcon_core.shell:Skip shell extension 'dsv' for command environment
[1.052s] Level 1:colcon.colcon_core.environment:create_environment_scripts_only(ign_ros2_control)
[1.053s] Level 1:colcon.colcon_core.environment:checking '/home/unknown/ROS2_Workspaces/bumperbot_ws/install/ign_ros2_control' for CMake module files
[1.055s] Level 1:colcon.colcon_core.environment:checking '/home/unknown/ROS2_Workspaces/bumperbot_ws/install/ign_ros2_control' for CMake config files
[1.057s] DEBUG:colcon.colcon_core.event_handler.log_command:Invoked command in '/home/unknown/ROS2_Workspaces/bumperbot_ws/build/ign_ros2_control' returned '0': CMAKE_PREFIX_PATH=/home/unknown/ROS2_Workspaces/bumperbot_ws/install/gz_ros2_control:/home/unknown/ROS2_Workspaces/bumperbot_ws/install/ign_ros2_control_demos:/home/unknown/ROS2_Workspaces/bumperbot_ws/install/bumper_bot:/home/unknown/ROS2_Workspaces/bumperbot_ws/install/ign_ros2_control:/home/unknown/ROS2_Workspaces/bumperbot_ws/install/gz_ros2_control_tests:/home/unknown/ROS2_Workspaces/bumperbot_ws/install/gz_ros2_control_demos:/home/unknown/ROS2_Workspaces/bumperbot_ws/install/cpp_folder:/home/unknown/ROS2_Workspaces/bumperbot_ws/install/bumperbot_utils:/home/unknown/ROS2_Workspaces/bumperbot_ws/install/bumperbot_msgs:/home/unknown/ROS2_Workspaces/bumperbot_ws/install/bumperbot_localisation:/home/unknown/ROS2_Workspaces/bumperbot_ws/install/bumperbot_firmware:/home/unknown/ROS2_Workspaces/bumperbot_ws/install/bumperbot_controller:/home/unknown/ROS2_Workspaces/bumperbot_ws/install/my_robot_controller:/home/unknown/ROS2_Workspaces/bumperbot_ws/install/bumper_bot_py:/opt/ros/humble /usr/bin/cmake --install /home/unknown/ROS2_Workspaces/bumperbot_ws/build/ign_ros2_control
[1.057s] Level 1:colcon.colcon_core.shell:create_environment_hook('ign_ros2_control', 'cmake_prefix_path')
[1.057s] INFO:colcon.colcon_core.shell:Creating environment hook '/home/unknown/ROS2_Workspaces/bumperbot_ws/install/ign_ros2_control/share/ign_ros2_control/hook/cmake_prefix_path.ps1'
[1.057s] INFO:colcon.colcon_core.shell:Creating environment descriptor '/home/unknown/ROS2_Workspaces/bumperbot_ws/install/ign_ros2_control/share/ign_ros2_control/hook/cmake_prefix_path.dsv'
[1.058s] INFO:colcon.colcon_core.shell:Creating environment hook '/home/unknown/ROS2_Workspaces/bumperbot_ws/install/ign_ros2_control/share/ign_ros2_control/hook/cmake_prefix_path.sh'
[1.058s] Level 1:colcon.colcon_core.environment:checking '/home/unknown/ROS2_Workspaces/bumperbot_ws/install/ign_ros2_control/bin'
[1.058s] Level 1:colcon.colcon_core.environment:checking '/home/unknown/ROS2_Workspaces/bumperbot_ws/install/ign_ros2_control/lib/pkgconfig/ign_ros2_control.pc'
[1.058s] Level 1:colcon.colcon_core.environment:checking '/home/unknown/ROS2_Workspaces/bumperbot_ws/install/ign_ros2_control/lib/python3.10/site-packages'
[1.058s] Level 1:colcon.colcon_core.environment:checking '/home/unknown/ROS2_Workspaces/bumperbot_ws/install/ign_ros2_control/bin'
[1.059s] INFO:colcon.colcon_core.shell:Creating package script '/home/unknown/ROS2_Workspaces/bumperbot_ws/install/ign_ros2_control/share/ign_ros2_control/package.ps1'
[1.059s] INFO:colcon.colcon_core.shell:Creating package descriptor '/home/unknown/ROS2_Workspaces/bumperbot_ws/install/ign_ros2_control/share/ign_ros2_control/package.dsv'
[1.059s] INFO:colcon.colcon_core.shell:Creating package script '/home/unknown/ROS2_Workspaces/bumperbot_ws/install/ign_ros2_control/share/ign_ros2_control/package.sh'
[1.060s] INFO:colcon.colcon_core.shell:Creating package script '/home/unknown/ROS2_Workspaces/bumperbot_ws/install/ign_ros2_control/share/ign_ros2_control/package.bash'
[1.060s] INFO:colcon.colcon_core.shell:Creating package script '/home/unknown/ROS2_Workspaces/bumperbot_ws/install/ign_ros2_control/share/ign_ros2_control/package.zsh'
[1.060s] Level 1:colcon.colcon_core.environment:create_file_with_runtime_dependencies(/home/unknown/ROS2_Workspaces/bumperbot_ws/install/ign_ros2_control/share/colcon-core/packages/ign_ros2_control)
[1.060s] Level 1:colcon.colcon_core.environment:create_environment_scripts_only(ign_ros2_control)
[1.061s] Level 1:colcon.colcon_core.environment:checking '/home/unknown/ROS2_Workspaces/bumperbot_ws/install/ign_ros2_control' for CMake module files
[1.061s] Level 1:colcon.colcon_core.environment:checking '/home/unknown/ROS2_Workspaces/bumperbot_ws/install/ign_ros2_control' for CMake config files
[1.061s] Level 1:colcon.colcon_core.shell:create_environment_hook('ign_ros2_control', 'cmake_prefix_path')
[1.061s] INFO:colcon.colcon_core.shell:Creating environment hook '/home/unknown/ROS2_Workspaces/bumperbot_ws/install/ign_ros2_control/share/ign_ros2_control/hook/cmake_prefix_path.ps1'
[1.062s] INFO:colcon.colcon_core.shell:Creating environment descriptor '/home/unknown/ROS2_Workspaces/bumperbot_ws/install/ign_ros2_control/share/ign_ros2_control/hook/cmake_prefix_path.dsv'
[1.062s] INFO:colcon.colcon_core.shell:Creating environment hook '/home/unknown/ROS2_Workspaces/bumperbot_ws/install/ign_ros2_control/share/ign_ros2_control/hook/cmake_prefix_path.sh'
[1.062s] Level 1:colcon.colcon_core.environment:checking '/home/unknown/ROS2_Workspaces/bumperbot_ws/install/ign_ros2_control/bin'
[1.062s] Level 1:colcon.colcon_core.environment:checking '/home/unknown/ROS2_Workspaces/bumperbot_ws/install/ign_ros2_control/lib/pkgconfig/ign_ros2_control.pc'
[1.063s] Level 1:colcon.colcon_core.environment:checking '/home/unknown/ROS2_Workspaces/bumperbot_ws/install/ign_ros2_control/lib/python3.10/site-packages'
[1.063s] Level 1:colcon.colcon_core.environment:checking '/home/unknown/ROS2_Workspaces/bumperbot_ws/install/ign_ros2_control/bin'
[1.063s] INFO:colcon.colcon_core.shell:Creating package script '/home/unknown/ROS2_Workspaces/bumperbot_ws/install/ign_ros2_control/share/ign_ros2_control/package.ps1'
[1.063s] INFO:colcon.colcon_core.shell:Creating package descriptor '/home/unknown/ROS2_Workspaces/bumperbot_ws/install/ign_ros2_control/share/ign_ros2_control/package.dsv'
[1.064s] INFO:colcon.colcon_core.shell:Creating package script '/home/unknown/ROS2_Workspaces/bumperbot_ws/install/ign_ros2_control/share/ign_ros2_control/package.sh'
[1.064s] INFO:colcon.colcon_core.shell:Creating package script '/home/unknown/ROS2_Workspaces/bumperbot_ws/install/ign_ros2_control/share/ign_ros2_control/package.bash'
[1.064s] INFO:colcon.colcon_core.shell:Creating package script '/home/unknown/ROS2_Workspaces/bumperbot_ws/install/ign_ros2_control/share/ign_ros2_control/package.zsh'
[1.065s] Level 1:colcon.colcon_core.environment:create_file_with_runtime_dependencies(/home/unknown/ROS2_Workspaces/bumperbot_ws/install/ign_ros2_control/share/colcon-core/packages/ign_ros2_control)
[1.065s] Level 1:colcon.colcon_core.environment:create_environment_scripts_only(gz_ros2_control_demos)
[1.065s] Level 1:colcon.colcon_core.environment:checking '/home/unknown/ROS2_Workspaces/bumperbot_ws/install/gz_ros2_control_demos' for CMake module files
[1.066s] DEBUG:colcon.colcon_core.event_handler.log_command:Invoked command in '/home/unknown/ROS2_Workspaces/bumperbot_ws/build/gz_ros2_control_demos' returned '0': CMAKE_PREFIX_PATH=/home/unknown/ROS2_Workspaces/bumperbot_ws/install/gz_ros2_control:/home/unknown/ROS2_Workspaces/bumperbot_ws/install/ign_ros2_control_demos:/home/unknown/ROS2_Workspaces/bumperbot_ws/install/bumper_bot:/home/unknown/ROS2_Workspaces/bumperbot_ws/install/ign_ros2_control:/home/unknown/ROS2_Workspaces/bumperbot_ws/install/gz_ros2_control_tests:/home/unknown/ROS2_Workspaces/bumperbot_ws/install/gz_ros2_control_demos:/home/unknown/ROS2_Workspaces/bumperbot_ws/install/cpp_folder:/home/unknown/ROS2_Workspaces/bumperbot_ws/install/bumperbot_utils:/home/unknown/ROS2_Workspaces/bumperbot_ws/install/bumperbot_msgs:/home/unknown/ROS2_Workspaces/bumperbot_ws/install/bumperbot_localisation:/home/unknown/ROS2_Workspaces/bumperbot_ws/install/bumperbot_firmware:/home/unknown/ROS2_Workspaces/bumperbot_ws/install/bumperbot_controller:/home/unknown/ROS2_Workspaces/bumperbot_ws/install/my_robot_controller:/home/unknown/ROS2_Workspaces/bumperbot_ws/install/bumper_bot_py:/opt/ros/humble /usr/bin/cmake --install /home/unknown/ROS2_Workspaces/bumperbot_ws/build/gz_ros2_control_demos
[1.066s] Level 1:colcon.colcon_core.environment:checking '/home/unknown/ROS2_Workspaces/bumperbot_ws/install/gz_ros2_control_demos' for CMake config files
[1.066s] Level 1:colcon.colcon_core.shell:create_environment_hook('gz_ros2_control_demos', 'cmake_prefix_path')
[1.066s] INFO:colcon.colcon_core.shell:Creating environment hook '/home/unknown/ROS2_Workspaces/bumperbot_ws/install/gz_ros2_control_demos/share/gz_ros2_control_demos/hook/cmake_prefix_path.ps1'
[1.067s] INFO:colcon.colcon_core.shell:Creating environment descriptor '/home/unknown/ROS2_Workspaces/bumperbot_ws/install/gz_ros2_control_demos/share/gz_ros2_control_demos/hook/cmake_prefix_path.dsv'
[1.067s] INFO:colcon.colcon_core.shell:Creating environment hook '/home/unknown/ROS2_Workspaces/bumperbot_ws/install/gz_ros2_control_demos/share/gz_ros2_control_demos/hook/cmake_prefix_path.sh'
[1.067s] Level 1:colcon.colcon_core.environment:checking '/home/unknown/ROS2_Workspaces/bumperbot_ws/install/gz_ros2_control_demos/lib'
[1.067s] Level 1:colcon.colcon_core.environment:checking '/home/unknown/ROS2_Workspaces/bumperbot_ws/install/gz_ros2_control_demos/bin'
[1.068s] Level 1:colcon.colcon_core.environment:checking '/home/unknown/ROS2_Workspaces/bumperbot_ws/install/gz_ros2_control_demos/lib/pkgconfig/gz_ros2_control_demos.pc'
[1.068s] Level 1:colcon.colcon_core.environment:checking '/home/unknown/ROS2_Workspaces/bumperbot_ws/install/gz_ros2_control_demos/lib/python3.10/site-packages'
[1.068s] Level 1:colcon.colcon_core.environment:checking '/home/unknown/ROS2_Workspaces/bumperbot_ws/install/gz_ros2_control_demos/bin'
[1.068s] INFO:colcon.colcon_core.shell:Creating package script '/home/unknown/ROS2_Workspaces/bumperbot_ws/install/gz_ros2_control_demos/share/gz_ros2_control_demos/package.ps1'
[1.069s] INFO:colcon.colcon_core.shell:Creating package descriptor '/home/unknown/ROS2_Workspaces/bumperbot_ws/install/gz_ros2_control_demos/share/gz_ros2_control_demos/package.dsv'
[1.069s] INFO:colcon.colcon_core.shell:Creating package script '/home/unknown/ROS2_Workspaces/bumperbot_ws/install/gz_ros2_control_demos/share/gz_ros2_control_demos/package.sh'
[1.069s] INFO:colcon.colcon_core.shell:Creating package script '/home/unknown/ROS2_Workspaces/bumperbot_ws/install/gz_ros2_control_demos/share/gz_ros2_control_demos/package.bash'
[1.069s] INFO:colcon.colcon_core.shell:Creating package script '/home/unknown/ROS2_Workspaces/bumperbot_ws/install/gz_ros2_control_demos/share/gz_ros2_control_demos/package.zsh'
[1.070s] Level 1:colcon.colcon_core.environment:create_file_with_runtime_dependencies(/home/unknown/ROS2_Workspaces/bumperbot_ws/install/gz_ros2_control_demos/share/colcon-core/packages/gz_ros2_control_demos)
[1.070s] Level 1:colcon.colcon_core.environment:create_environment_scripts_only(gz_ros2_control_demos)
[1.070s] Level 1:colcon.colcon_core.environment:checking '/home/unknown/ROS2_Workspaces/bumperbot_ws/install/gz_ros2_control_demos' for CMake module files
[1.071s] Level 1:colcon.colcon_core.environment:checking '/home/unknown/ROS2_Workspaces/bumperbot_ws/install/gz_ros2_control_demos' for CMake config files
[1.071s] Level 1:colcon.colcon_core.shell:create_environment_hook('gz_ros2_control_demos', 'cmake_prefix_path')
[1.071s] INFO:colcon.colcon_core.shell:Creating environment hook '/home/unknown/ROS2_Workspaces/bumperbot_ws/install/gz_ros2_control_demos/share/gz_ros2_control_demos/hook/cmake_prefix_path.ps1'
[1.071s] INFO:colcon.colcon_core.shell:Creating environment descriptor '/home/unknown/ROS2_Workspaces/bumperbot_ws/install/gz_ros2_control_demos/share/gz_ros2_control_demos/hook/cmake_prefix_path.dsv'
[1.071s] INFO:colcon.colcon_core.shell:Creating environment hook '/home/unknown/ROS2_Workspaces/bumperbot_ws/install/gz_ros2_control_demos/share/gz_ros2_control_demos/hook/cmake_prefix_path.sh'
[1.072s] Level 1:colcon.colcon_core.environment:checking '/home/unknown/ROS2_Workspaces/bumperbot_ws/install/gz_ros2_control_demos/lib'
[1.072s] Level 1:colcon.colcon_core.environment:checking '/home/unknown/ROS2_Workspaces/bumperbot_ws/install/gz_ros2_control_demos/bin'
[1.072s] Level 1:colcon.colcon_core.environment:checking '/home/unknown/ROS2_Workspaces/bumperbot_ws/install/gz_ros2_control_demos/lib/pkgconfig/gz_ros2_control_demos.pc'
[1.072s] Level 1:colcon.colcon_core.environment:checking '/home/unknown/ROS2_Workspaces/bumperbot_ws/install/gz_ros2_control_demos/lib/python3.10/site-packages'
[1.072s] Level 1:colcon.colcon_core.environment:checking '/home/unknown/ROS2_Workspaces/bumperbot_ws/install/gz_ros2_control_demos/bin'
[1.073s] INFO:colcon.colcon_core.shell:Creating package script '/home/unknown/ROS2_Workspaces/bumperbot_ws/install/gz_ros2_control_demos/share/gz_ros2_control_demos/package.ps1'
[1.073s] INFO:colcon.colcon_core.shell:Creating package descriptor '/home/unknown/ROS2_Workspaces/bumperbot_ws/install/gz_ros2_control_demos/share/gz_ros2_control_demos/package.dsv'
[1.073s] INFO:colcon.colcon_core.shell:Creating package script '/home/unknown/ROS2_Workspaces/bumperbot_ws/install/gz_ros2_control_demos/share/gz_ros2_control_demos/package.sh'
[1.074s] INFO:colcon.colcon_core.shell:Creating package script '/home/unknown/ROS2_Workspaces/bumperbot_ws/install/gz_ros2_control_demos/share/gz_ros2_control_demos/package.bash'
[1.074s] INFO:colcon.colcon_core.shell:Creating package script '/home/unknown/ROS2_Workspaces/bumperbot_ws/install/gz_ros2_control_demos/share/gz_ros2_control_demos/package.zsh'
[1.074s] Level 1:colcon.colcon_core.environment:create_file_with_runtime_dependencies(/home/unknown/ROS2_Workspaces/bumperbot_ws/install/gz_ros2_control_demos/share/colcon-core/packages/gz_ros2_control_demos)
[1.074s] INFO:colcon.colcon_ros.task.ament_cmake.build:Building ROS package in '/home/unknown/ROS2_Workspaces/bumperbot_ws/src/bumper_bot' with build type 'ament_cmake'
[1.074s] INFO:colcon.colcon_cmake.task.cmake.build:Building CMake package in '/home/unknown/ROS2_Workspaces/bumperbot_ws/src/bumper_bot'
[1.075s] INFO:colcon.colcon_core.shell:Skip shell extension 'powershell' for command environment: Not usable outside of PowerShell
[1.075s] DEBUG:colcon.colcon_core.shell:Skip shell extension 'dsv' for command environment
[1.318s] INFO:colcon.colcon_core.task.python.build:Building Python package in '/home/unknown/ROS2_Workspaces/bumperbot_ws/src/bumper_bot_py'
[1.318s] INFO:colcon.colcon_core.shell:Skip shell extension 'powershell' for command environment: Not usable outside of PowerShell
[1.318s] DEBUG:colcon.colcon_core.shell:Skip shell extension 'dsv' for command environment
[1.322s] INFO:colcon.colcon_ros.task.ament_cmake.build:Building ROS package in '/home/unknown/ROS2_Workspaces/bumperbot_ws/src/gz_ros2_control/ign_ros2_control_demos' with build type 'ament_cmake'
[1.322s] INFO:colcon.colcon_cmake.task.cmake.build:Building CMake package in '/home/unknown/ROS2_Workspaces/bumperbot_ws/src/gz_ros2_control/ign_ros2_control_demos'
[1.322s] INFO:colcon.colcon_core.shell:Skip shell extension 'powershell' for command environment: Not usable outside of PowerShell
[1.322s] DEBUG:colcon.colcon_core.shell:Skip shell extension 'dsv' for command environment
[1.330s] DEBUG:colcon.colcon_core.event_handler.log_command:Invoking command in '/home/unknown/ROS2_Workspaces/bumperbot_ws/build/cpp_folder': CMAKE_PREFIX_PATH=/home/unknown/ROS2_Workspaces/bumperbot_ws/install/bumperbot_msgs:/home/unknown/ROS2_Workspaces/bumperbot_ws/install/ign_ros2_control_demos:/home/unknown/ROS2_Workspaces/bumperbot_ws/install/bumper_bot:/home/unknown/ROS2_Workspaces/bumperbot_ws/install/ign_ros2_control:/home/unknown/ROS2_Workspaces/bumperbot_ws/install/gz_ros2_control_tests:/home/unknown/ROS2_Workspaces/bumperbot_ws/install/gz_ros2_control_demos:/home/unknown/ROS2_Workspaces/bumperbot_ws/install/gz_ros2_control:/home/unknown/ROS2_Workspaces/bumperbot_ws/install/cpp_folder:/home/unknown/ROS2_Workspaces/bumperbot_ws/install/bumperbot_utils:/home/unknown/ROS2_Workspaces/bumperbot_ws/install/bumperbot_localisation:/home/unknown/ROS2_Workspaces/bumperbot_ws/install/bumperbot_firmware:/home/unknown/ROS2_Workspaces/bumperbot_ws/install/bumperbot_controller:/home/unknown/ROS2_Workspaces/bumperbot_ws/install/my_robot_controller:/home/unknown/ROS2_Workspaces/bumperbot_ws/install/bumper_bot_py:/opt/ros/humble LD_LIBRARY_PATH=/home/unknown/ROS2_Workspaces/bumperbot_ws/install/bumperbot_msgs/lib:/home/unknown/ROS2_Workspaces/bumperbot_ws/install/gz_ros2_control/lib:/home/unknown/bumperbot_ws/install/gz_ros2_control/lib:/home/unknown/bumperbot_ws/install/bumperbot_msgs/lib:/home/unknown/ros2_ws/install/gz_ros2_control/lib:/home/unknown/ros2_ws/install/bumperbot_msgs/lib:/opt/ros/humble/opt/rviz_ogre_vendor/lib:/opt/ros/humble/lib/x86_64-linux-gnu:/opt/ros/humble/lib /usr/bin/cmake --build /home/unknown/ROS2_Workspaces/bumperbot_ws/build/cpp_folder -- -j8 -l8
[1.331s] DEBUG:colcon.colcon_core.event_handler.log_command:Invoking command in '/home/unknown/ROS2_Workspaces/bumperbot_ws/src/my_robot_controller': PYTHONPATH=/home/unknown/ROS2_Workspaces/bumperbot_ws/build/my_robot_controller/prefix_override:/usr/lib/python3/dist-packages/colcon_core/task/python/colcon_distutils_commands:/home/unknown/ROS2_Workspaces/bumperbot_ws/install/my_robot_controller/lib/python3.10/site-packages:${PYTHONPATH} /usr/bin/python3 -W ignore:setup.py install is deprecated -W ignore:easy_install command is deprecated setup.py egg_info --egg-base ../../build/my_robot_controller build --build-base /home/unknown/ROS2_Workspaces/bumperbot_ws/build/my_robot_controller/build install --record /home/unknown/ROS2_Workspaces/bumperbot_ws/build/my_robot_controller/install.log --single-version-externally-managed install_data
[1.334s] DEBUG:colcon.colcon_core.event_handler.log_command:Invoking command in '/home/unknown/ROS2_Workspaces/bumperbot_ws/build/bumper_bot': CMAKE_PREFIX_PATH=/home/unknown/ROS2_Workspaces/bumperbot_ws/install/ign_ros2_control:/home/unknown/ROS2_Workspaces/bumperbot_ws/install/gz_ros2_control:/home/unknown/ROS2_Workspaces/bumperbot_ws/install/ign_ros2_control_demos:/home/unknown/ROS2_Workspaces/bumperbot_ws/install/bumper_bot:/home/unknown/ROS2_Workspaces/bumperbot_ws/install/gz_ros2_control_tests:/home/unknown/ROS2_Workspaces/bumperbot_ws/install/gz_ros2_control_demos:/home/unknown/ROS2_Workspaces/bumperbot_ws/install/cpp_folder:/home/unknown/ROS2_Workspaces/bumperbot_ws/install/bumperbot_utils:/home/unknown/ROS2_Workspaces/bumperbot_ws/install/bumperbot_msgs:/home/unknown/ROS2_Workspaces/bumperbot_ws/install/bumperbot_localisation:/home/unknown/ROS2_Workspaces/bumperbot_ws/install/bumperbot_firmware:/home/unknown/ROS2_Workspaces/bumperbot_ws/install/bumperbot_controller:/home/unknown/ROS2_Workspaces/bumperbot_ws/install/my_robot_controller:/home/unknown/ROS2_Workspaces/bumperbot_ws/install/bumper_bot_py:/opt/ros/humble /usr/bin/cmake --build /home/unknown/ROS2_Workspaces/bumperbot_ws/build/bumper_bot -- -j8 -l8
[1.339s] DEBUG:colcon.colcon_core.event_handler.log_command:Invoking command in '/home/unknown/ROS2_Workspaces/bumperbot_ws/build/ign_ros2_control_demos': CMAKE_PREFIX_PATH=/home/unknown/ROS2_Workspaces/bumperbot_ws/install/gz_ros2_control_demos:/home/unknown/ROS2_Workspaces/bumperbot_ws/install/gz_ros2_control:/home/unknown/ROS2_Workspaces/bumperbot_ws/install/ign_ros2_control_demos:/home/unknown/ROS2_Workspaces/bumperbot_ws/install/bumper_bot:/home/unknown/ROS2_Workspaces/bumperbot_ws/install/ign_ros2_control:/home/unknown/ROS2_Workspaces/bumperbot_ws/install/gz_ros2_control_tests:/home/unknown/ROS2_Workspaces/bumperbot_ws/install/cpp_folder:/home/unknown/ROS2_Workspaces/bumperbot_ws/install/bumperbot_utils:/home/unknown/ROS2_Workspaces/bumperbot_ws/install/bumperbot_msgs:/home/unknown/ROS2_Workspaces/bumperbot_ws/install/bumperbot_localisation:/home/unknown/ROS2_Workspaces/bumperbot_ws/install/bumperbot_firmware:/home/unknown/ROS2_Workspaces/bumperbot_ws/install/bumperbot_controller:/home/unknown/ROS2_Workspaces/bumperbot_ws/install/my_robot_controller:/home/unknown/ROS2_Workspaces/bumperbot_ws/install/bumper_bot_py:/opt/ros/humble /usr/bin/cmake --build /home/unknown/ROS2_Workspaces/bumperbot_ws/build/ign_ros2_control_demos -- -j8 -l8
[1.396s] DEBUG:colcon.colcon_core.event_handler.log_command:Invoked command in '/home/unknown/ROS2_Workspaces/bumperbot_ws/build/bumper_bot' returned '0': CMAKE_PREFIX_PATH=/home/unknown/ROS2_Workspaces/bumperbot_ws/install/ign_ros2_control:/home/unknown/ROS2_Workspaces/bumperbot_ws/install/gz_ros2_control:/home/unknown/ROS2_Workspaces/bumperbot_ws/install/ign_ros2_control_demos:/home/unknown/ROS2_Workspaces/bumperbot_ws/install/bumper_bot:/home/unknown/ROS2_Workspaces/bumperbot_ws/install/gz_ros2_control_tests:/home/unknown/ROS2_Workspaces/bumperbot_ws/install/gz_ros2_control_demos:/home/unknown/ROS2_Workspaces/bumperbot_ws/install/cpp_folder:/home/unknown/ROS2_Workspaces/bumperbot_ws/install/bumperbot_utils:/home/unknown/ROS2_Workspaces/bumperbot_ws/install/bumperbot_msgs:/home/unknown/ROS2_Workspaces/bumperbot_ws/install/bumperbot_localisation:/home/unknown/ROS2_Workspaces/bumperbot_ws/install/bumperbot_firmware:/home/unknown/ROS2_Workspaces/bumperbot_ws/install/bumperbot_controller:/home/unknown/ROS2_Workspaces/bumperbot_ws/install/my_robot_controller:/home/unknown/ROS2_Workspaces/bumperbot_ws/install/bumper_bot_py:/opt/ros/humble /usr/bin/cmake --build /home/unknown/ROS2_Workspaces/bumperbot_ws/build/bumper_bot -- -j8 -l8
[1.396s] DEBUG:colcon.colcon_core.event_handler.log_command:Invoking command in '/home/unknown/ROS2_Workspaces/bumperbot_ws/build/bumper_bot': CMAKE_PREFIX_PATH=/home/unknown/ROS2_Workspaces/bumperbot_ws/install/ign_ros2_control:/home/unknown/ROS2_Workspaces/bumperbot_ws/install/gz_ros2_control:/home/unknown/ROS2_Workspaces/bumperbot_ws/install/ign_ros2_control_demos:/home/unknown/ROS2_Workspaces/bumperbot_ws/install/bumper_bot:/home/unknown/ROS2_Workspaces/bumperbot_ws/install/gz_ros2_control_tests:/home/unknown/ROS2_Workspaces/bumperbot_ws/install/gz_ros2_control_demos:/home/unknown/ROS2_Workspaces/bumperbot_ws/install/cpp_folder:/home/unknown/ROS2_Workspaces/bumperbot_ws/install/bumperbot_utils:/home/unknown/ROS2_Workspaces/bumperbot_ws/install/bumperbot_msgs:/home/unknown/ROS2_Workspaces/bumperbot_ws/install/bumperbot_localisation:/home/unknown/ROS2_Workspaces/bumperbot_ws/install/bumperbot_firmware:/home/unknown/ROS2_Workspaces/bumperbot_ws/install/bumperbot_controller:/home/unknown/ROS2_Workspaces/bumperbot_ws/install/my_robot_controller:/home/unknown/ROS2_Workspaces/bumperbot_ws/install/bumper_bot_py:/opt/ros/humble /usr/bin/cmake --install /home/unknown/ROS2_Workspaces/bumperbot_ws/build/bumper_bot
[1.448s] Level 1:colcon.colcon_core.environment:create_environment_scripts_only(bumper_bot)
[1.449s] Level 1:colcon.colcon_core.environment:checking '/home/unknown/ROS2_Workspaces/bumperbot_ws/install/bumper_bot' for CMake module files
[1.462s] Level 1:colcon.colcon_core.environment:checking '/home/unknown/ROS2_Workspaces/bumperbot_ws/install/bumper_bot' for CMake config files
[1.466s] Level 1:colcon.colcon_core.shell:create_environment_hook('bumper_bot', 'cmake_prefix_path')
[1.466s] INFO:colcon.colcon_core.shell:Creating environment hook '/home/unknown/ROS2_Workspaces/bumperbot_ws/install/bumper_bot/share/bumper_bot/hook/cmake_prefix_path.ps1'
[1.468s] INFO:colcon.colcon_core.shell:Creating environment descriptor '/home/unknown/ROS2_Workspaces/bumperbot_ws/install/bumper_bot/share/bumper_bot/hook/cmake_prefix_path.dsv'
[1.469s] INFO:colcon.colcon_core.shell:Creating environment hook '/home/unknown/ROS2_Workspaces/bumperbot_ws/install/bumper_bot/share/bumper_bot/hook/cmake_prefix_path.sh'
[1.473s] Level 1:colcon.colcon_core.environment:checking '/home/unknown/ROS2_Workspaces/bumperbot_ws/install/bumper_bot/bin'
[1.473s] Level 1:colcon.colcon_core.environment:checking '/home/unknown/ROS2_Workspaces/bumperbot_ws/install/bumper_bot/lib/pkgconfig/bumper_bot.pc'
[1.474s] Level 1:colcon.colcon_core.environment:checking '/home/unknown/ROS2_Workspaces/bumperbot_ws/install/bumper_bot/lib/python3.10/site-packages'
[1.474s] Level 1:colcon.colcon_core.environment:checking '/home/unknown/ROS2_Workspaces/bumperbot_ws/install/bumper_bot/bin'
[1.475s] INFO:colcon.colcon_core.shell:Creating package script '/home/unknown/ROS2_Workspaces/bumperbot_ws/install/bumper_bot/share/bumper_bot/package.ps1'
[1.476s] INFO:colcon.colcon_core.shell:Creating package descriptor '/home/unknown/ROS2_Workspaces/bumperbot_ws/install/bumper_bot/share/bumper_bot/package.dsv'
[1.479s] INFO:colcon.colcon_core.shell:Creating package script '/home/unknown/ROS2_Workspaces/bumperbot_ws/install/bumper_bot/share/bumper_bot/package.sh'
[1.484s] INFO:colcon.colcon_core.shell:Creating package script '/home/unknown/ROS2_Workspaces/bumperbot_ws/install/bumper_bot/share/bumper_bot/package.bash'
[1.486s] INFO:colcon.colcon_core.shell:Creating package script '/home/unknown/ROS2_Workspaces/bumperbot_ws/install/bumper_bot/share/bumper_bot/package.zsh'
[1.489s] Level 1:colcon.colcon_core.environment:create_file_with_runtime_dependencies(/home/unknown/ROS2_Workspaces/bumperbot_ws/install/bumper_bot/share/colcon-core/packages/bumper_bot)
[1.490s] DEBUG:colcon.colcon_core.event_handler.log_command:Invoked command in '/home/unknown/ROS2_Workspaces/bumperbot_ws/build/bumper_bot' returned '0': CMAKE_PREFIX_PATH=/home/unknown/ROS2_Workspaces/bumperbot_ws/install/ign_ros2_control:/home/unknown/ROS2_Workspaces/bumperbot_ws/install/gz_ros2_control:/home/unknown/ROS2_Workspaces/bumperbot_ws/install/ign_ros2_control_demos:/home/unknown/ROS2_Workspaces/bumperbot_ws/install/bumper_bot:/home/unknown/ROS2_Workspaces/bumperbot_ws/install/gz_ros2_control_tests:/home/unknown/ROS2_Workspaces/bumperbot_ws/install/gz_ros2_control_demos:/home/unknown/ROS2_Workspaces/bumperbot_ws/install/cpp_folder:/home/unknown/ROS2_Workspaces/bumperbot_ws/install/bumperbot_utils:/home/unknown/ROS2_Workspaces/bumperbot_ws/install/bumperbot_msgs:/home/unknown/ROS2_Workspaces/bumperbot_ws/install/bumperbot_localisation:/home/unknown/ROS2_Workspaces/bumperbot_ws/install/bumperbot_firmware:/home/unknown/ROS2_Workspaces/bumperbot_ws/install/bumperbot_controller:/home/unknown/ROS2_Workspaces/bumperbot_ws/install/my_robot_controller:/home/unknown/ROS2_Workspaces/bumperbot_ws/install/bumper_bot_py:/opt/ros/humble /usr/bin/cmake --install /home/unknown/ROS2_Workspaces/bumperbot_ws/build/bumper_bot
[1.490s] Level 1:colcon.colcon_core.environment:create_environment_scripts_only(bumper_bot)
[1.491s] Level 1:colcon.colcon_core.environment:checking '/home/unknown/ROS2_Workspaces/bumperbot_ws/install/bumper_bot' for CMake module files
[1.491s] Level 1:colcon.colcon_core.environment:checking '/home/unknown/ROS2_Workspaces/bumperbot_ws/install/bumper_bot' for CMake config files
[1.492s] Level 1:colcon.colcon_core.shell:create_environment_hook('bumper_bot', 'cmake_prefix_path')
[1.492s] INFO:colcon.colcon_core.shell:Creating environment hook '/home/unknown/ROS2_Workspaces/bumperbot_ws/install/bumper_bot/share/bumper_bot/hook/cmake_prefix_path.ps1'
[1.492s] INFO:colcon.colcon_core.shell:Creating environment descriptor '/home/unknown/ROS2_Workspaces/bumperbot_ws/install/bumper_bot/share/bumper_bot/hook/cmake_prefix_path.dsv'
[1.493s] INFO:colcon.colcon_core.shell:Creating environment hook '/home/unknown/ROS2_Workspaces/bumperbot_ws/install/bumper_bot/share/bumper_bot/hook/cmake_prefix_path.sh'
[1.493s] Level 1:colcon.colcon_core.environment:checking '/home/unknown/ROS2_Workspaces/bumperbot_ws/install/bumper_bot/bin'
[1.493s] Level 1:colcon.colcon_core.environment:checking '/home/unknown/ROS2_Workspaces/bumperbot_ws/install/bumper_bot/lib/pkgconfig/bumper_bot.pc'
[1.494s] Level 1:colcon.colcon_core.environment:checking '/home/unknown/ROS2_Workspaces/bumperbot_ws/install/bumper_bot/lib/python3.10/site-packages'
[1.494s] Level 1:colcon.colcon_core.environment:checking '/home/unknown/ROS2_Workspaces/bumperbot_ws/install/bumper_bot/bin'
[1.495s] INFO:colcon.colcon_core.shell:Creating package script '/home/unknown/ROS2_Workspaces/bumperbot_ws/install/bumper_bot/share/bumper_bot/package.ps1'
[1.495s] INFO:colcon.colcon_core.shell:Creating package descriptor '/home/unknown/ROS2_Workspaces/bumperbot_ws/install/bumper_bot/share/bumper_bot/package.dsv'
[1.496s] INFO:colcon.colcon_core.shell:Creating package script '/home/unknown/ROS2_Workspaces/bumperbot_ws/install/bumper_bot/share/bumper_bot/package.sh'
[1.496s] INFO:colcon.colcon_core.shell:Creating package script '/home/unknown/ROS2_Workspaces/bumperbot_ws/install/bumper_bot/share/bumper_bot/package.bash'
[1.497s] INFO:colcon.colcon_core.shell:Creating package script '/home/unknown/ROS2_Workspaces/bumperbot_ws/install/bumper_bot/share/bumper_bot/package.zsh'
[1.497s] Level 1:colcon.colcon_core.environment:create_file_with_runtime_dependencies(/home/unknown/ROS2_Workspaces/bumperbot_ws/install/bumper_bot/share/colcon-core/packages/bumper_bot)
[1.499s] DEBUG:colcon.colcon_core.event_handler.log_command:Invoked command in '/home/unknown/ROS2_Workspaces/bumperbot_ws/build/ign_ros2_control_demos' returned '0': CMAKE_PREFIX_PATH=/home/unknown/ROS2_Workspaces/bumperbot_ws/install/gz_ros2_control_demos:/home/unknown/ROS2_Workspaces/bumperbot_ws/install/gz_ros2_control:/home/unknown/ROS2_Workspaces/bumperbot_ws/install/ign_ros2_control_demos:/home/unknown/ROS2_Workspaces/bumperbot_ws/install/bumper_bot:/home/unknown/ROS2_Workspaces/bumperbot_ws/install/ign_ros2_control:/home/unknown/ROS2_Workspaces/bumperbot_ws/install/gz_ros2_control_tests:/home/unknown/ROS2_Workspaces/bumperbot_ws/install/cpp_folder:/home/unknown/ROS2_Workspaces/bumperbot_ws/install/bumperbot_utils:/home/unknown/ROS2_Workspaces/bumperbot_ws/install/bumperbot_msgs:/home/unknown/ROS2_Workspaces/bumperbot_ws/install/bumperbot_localisation:/home/unknown/ROS2_Workspaces/bumperbot_ws/install/bumperbot_firmware:/home/unknown/ROS2_Workspaces/bumperbot_ws/install/bumperbot_controller:/home/unknown/ROS2_Workspaces/bumperbot_ws/install/my_robot_controller:/home/unknown/ROS2_Workspaces/bumperbot_ws/install/bumper_bot_py:/opt/ros/humble /usr/bin/cmake --build /home/unknown/ROS2_Workspaces/bumperbot_ws/build/ign_ros2_control_demos -- -j8 -l8
[1.500s] DEBUG:colcon.colcon_core.event_handler.log_command:Invoking command in '/home/unknown/ROS2_Workspaces/bumperbot_ws/build/ign_ros2_control_demos': CMAKE_PREFIX_PATH=/home/unknown/ROS2_Workspaces/bumperbot_ws/install/gz_ros2_control_demos:/home/unknown/ROS2_Workspaces/bumperbot_ws/install/gz_ros2_control:/home/unknown/ROS2_Workspaces/bumperbot_ws/install/ign_ros2_control_demos:/home/unknown/ROS2_Workspaces/bumperbot_ws/install/bumper_bot:/home/unknown/ROS2_Workspaces/bumperbot_ws/install/ign_ros2_control:/home/unknown/ROS2_Workspaces/bumperbot_ws/install/gz_ros2_control_tests:/home/unknown/ROS2_Workspaces/bumperbot_ws/install/cpp_folder:/home/unknown/ROS2_Workspaces/bumperbot_ws/install/bumperbot_utils:/home/unknown/ROS2_Workspaces/bumperbot_ws/install/bumperbot_msgs:/home/unknown/ROS2_Workspaces/bumperbot_ws/install/bumperbot_localisation:/home/unknown/ROS2_Workspaces/bumperbot_ws/install/bumperbot_firmware:/home/unknown/ROS2_Workspaces/bumperbot_ws/install/bumperbot_controller:/home/unknown/ROS2_Workspaces/bumperbot_ws/install/my_robot_controller:/home/unknown/ROS2_Workspaces/bumperbot_ws/install/bumper_bot_py:/opt/ros/humble /usr/bin/cmake --install /home/unknown/ROS2_Workspaces/bumperbot_ws/build/ign_ros2_control_demos
[1.501s] DEBUG:colcon.colcon_core.event_handler.log_command:Invoked command in '/home/unknown/ROS2_Workspaces/bumperbot_ws/build/cpp_folder' returned '0': CMAKE_PREFIX_PATH=/home/unknown/ROS2_Workspaces/bumperbot_ws/install/bumperbot_msgs:/home/unknown/ROS2_Workspaces/bumperbot_ws/install/ign_ros2_control_demos:/home/unknown/ROS2_Workspaces/bumperbot_ws/install/bumper_bot:/home/unknown/ROS2_Workspaces/bumperbot_ws/install/ign_ros2_control:/home/unknown/ROS2_Workspaces/bumperbot_ws/install/gz_ros2_control_tests:/home/unknown/ROS2_Workspaces/bumperbot_ws/install/gz_ros2_control_demos:/home/unknown/ROS2_Workspaces/bumperbot_ws/install/gz_ros2_control:/home/unknown/ROS2_Workspaces/bumperbot_ws/install/cpp_folder:/home/unknown/ROS2_Workspaces/bumperbot_ws/install/bumperbot_utils:/home/unknown/ROS2_Workspaces/bumperbot_ws/install/bumperbot_localisation:/home/unknown/ROS2_Workspaces/bumperbot_ws/install/bumperbot_firmware:/home/unknown/ROS2_Workspaces/bumperbot_ws/install/bumperbot_controller:/home/unknown/ROS2_Workspaces/bumperbot_ws/install/my_robot_controller:/home/unknown/ROS2_Workspaces/bumperbot_ws/install/bumper_bot_py:/opt/ros/humble LD_LIBRARY_PATH=/home/unknown/ROS2_Workspaces/bumperbot_ws/install/bumperbot_msgs/lib:/home/unknown/ROS2_Workspaces/bumperbot_ws/install/gz_ros2_control/lib:/home/unknown/bumperbot_ws/install/gz_ros2_control/lib:/home/unknown/bumperbot_ws/install/bumperbot_msgs/lib:/home/unknown/ros2_ws/install/gz_ros2_control/lib:/home/unknown/ros2_ws/install/bumperbot_msgs/lib:/opt/ros/humble/opt/rviz_ogre_vendor/lib:/opt/ros/humble/lib/x86_64-linux-gnu:/opt/ros/humble/lib /usr/bin/cmake --build /home/unknown/ROS2_Workspaces/bumperbot_ws/build/cpp_folder -- -j8 -l8
[1.503s] DEBUG:colcon.colcon_core.event_handler.log_command:Invoking command in '/home/unknown/ROS2_Workspaces/bumperbot_ws/build/cpp_folder': CMAKE_PREFIX_PATH=/home/unknown/ROS2_Workspaces/bumperbot_ws/install/bumperbot_msgs:/home/unknown/ROS2_Workspaces/bumperbot_ws/install/ign_ros2_control_demos:/home/unknown/ROS2_Workspaces/bumperbot_ws/install/bumper_bot:/home/unknown/ROS2_Workspaces/bumperbot_ws/install/ign_ros2_control:/home/unknown/ROS2_Workspaces/bumperbot_ws/install/gz_ros2_control_tests:/home/unknown/ROS2_Workspaces/bumperbot_ws/install/gz_ros2_control_demos:/home/unknown/ROS2_Workspaces/bumperbot_ws/install/gz_ros2_control:/home/unknown/ROS2_Workspaces/bumperbot_ws/install/cpp_folder:/home/unknown/ROS2_Workspaces/bumperbot_ws/install/bumperbot_utils:/home/unknown/ROS2_Workspaces/bumperbot_ws/install/bumperbot_localisation:/home/unknown/ROS2_Workspaces/bumperbot_ws/install/bumperbot_firmware:/home/unknown/ROS2_Workspaces/bumperbot_ws/install/bumperbot_controller:/home/unknown/ROS2_Workspaces/bumperbot_ws/install/my_robot_controller:/home/unknown/ROS2_Workspaces/bumperbot_ws/install/bumper_bot_py:/opt/ros/humble LD_LIBRARY_PATH=/home/unknown/ROS2_Workspaces/bumperbot_ws/install/bumperbot_msgs/lib:/home/unknown/ROS2_Workspaces/bumperbot_ws/install/gz_ros2_control/lib:/home/unknown/bumperbot_ws/install/gz_ros2_control/lib:/home/unknown/bumperbot_ws/install/bumperbot_msgs/lib:/home/unknown/ros2_ws/install/gz_ros2_control/lib:/home/unknown/ros2_ws/install/bumperbot_msgs/lib:/opt/ros/humble/opt/rviz_ogre_vendor/lib:/opt/ros/humble/lib/x86_64-linux-gnu:/opt/ros/humble/lib /usr/bin/cmake --install /home/unknown/ROS2_Workspaces/bumperbot_ws/build/cpp_folder
[1.512s] Level 1:colcon.colcon_core.environment:create_environment_scripts_only(cpp_folder)
[1.513s] DEBUG:colcon.colcon_core.event_handler.log_command:Invoked command in '/home/unknown/ROS2_Workspaces/bumperbot_ws/build/cpp_folder' returned '0': CMAKE_PREFIX_PATH=/home/unknown/ROS2_Workspaces/bumperbot_ws/install/bumperbot_msgs:/home/unknown/ROS2_Workspaces/bumperbot_ws/install/ign_ros2_control_demos:/home/unknown/ROS2_Workspaces/bumperbot_ws/install/bumper_bot:/home/unknown/ROS2_Workspaces/bumperbot_ws/install/ign_ros2_control:/home/unknown/ROS2_Workspaces/bumperbot_ws/install/gz_ros2_control_tests:/home/unknown/ROS2_Workspaces/bumperbot_ws/install/gz_ros2_control_demos:/home/unknown/ROS2_Workspaces/bumperbot_ws/install/gz_ros2_control:/home/unknown/ROS2_Workspaces/bumperbot_ws/install/cpp_folder:/home/unknown/ROS2_Workspaces/bumperbot_ws/install/bumperbot_utils:/home/unknown/ROS2_Workspaces/bumperbot_ws/install/bumperbot_localisation:/home/unknown/ROS2_Workspaces/bumperbot_ws/install/bumperbot_firmware:/home/unknown/ROS2_Workspaces/bumperbot_ws/install/bumperbot_controller:/home/unknown/ROS2_Workspaces/bumperbot_ws/install/my_robot_controller:/home/unknown/ROS2_Workspaces/bumperbot_ws/install/bumper_bot_py:/opt/ros/humble LD_LIBRARY_PATH=/home/unknown/ROS2_Workspaces/bumperbot_ws/install/bumperbot_msgs/lib:/home/unknown/ROS2_Workspaces/bumperbot_ws/install/gz_ros2_control/lib:/home/unknown/bumperbot_ws/install/gz_ros2_control/lib:/home/unknown/bumperbot_ws/install/bumperbot_msgs/lib:/home/unknown/ros2_ws/install/gz_ros2_control/lib:/home/unknown/ros2_ws/install/bumperbot_msgs/lib:/opt/ros/humble/opt/rviz_ogre_vendor/lib:/opt/ros/humble/lib/x86_64-linux-gnu:/opt/ros/humble/lib /usr/bin/cmake --install /home/unknown/ROS2_Workspaces/bumperbot_ws/build/cpp_folder
[1.513s] Level 1:colcon.colcon_core.environment:checking '/home/unknown/ROS2_Workspaces/bumperbot_ws/install/cpp_folder' for CMake module files
[1.513s] Level 1:colcon.colcon_core.environment:checking '/home/unknown/ROS2_Workspaces/bumperbot_ws/install/cpp_folder' for CMake config files
[1.514s] Level 1:colcon.colcon_core.shell:create_environment_hook('cpp_folder', 'cmake_prefix_path')
[1.514s] INFO:colcon.colcon_core.shell:Creating environment hook '/home/unknown/ROS2_Workspaces/bumperbot_ws/install/cpp_folder/share/cpp_folder/hook/cmake_prefix_path.ps1'
[1.514s] INFO:colcon.colcon_core.shell:Creating environment descriptor '/home/unknown/ROS2_Workspaces/bumperbot_ws/install/cpp_folder/share/cpp_folder/hook/cmake_prefix_path.dsv'
[1.515s] INFO:colcon.colcon_core.shell:Creating environment hook '/home/unknown/ROS2_Workspaces/bumperbot_ws/install/cpp_folder/share/cpp_folder/hook/cmake_prefix_path.sh'
[1.515s] Level 1:colcon.colcon_core.environment:checking '/home/unknown/ROS2_Workspaces/bumperbot_ws/install/cpp_folder/lib'
[1.515s] Level 1:colcon.colcon_core.environment:checking '/home/unknown/ROS2_Workspaces/bumperbot_ws/install/cpp_folder/bin'
[1.515s] Level 1:colcon.colcon_core.environment:checking '/home/unknown/ROS2_Workspaces/bumperbot_ws/install/cpp_folder/lib/pkgconfig/cpp_folder.pc'
[1.515s] Level 1:colcon.colcon_core.environment:checking '/home/unknown/ROS2_Workspaces/bumperbot_ws/install/cpp_folder/lib/python3.10/site-packages'
[1.516s] Level 1:colcon.colcon_core.environment:checking '/home/unknown/ROS2_Workspaces/bumperbot_ws/install/cpp_folder/bin'
[1.516s] INFO:colcon.colcon_core.shell:Creating package script '/home/unknown/ROS2_Workspaces/bumperbot_ws/install/cpp_folder/share/cpp_folder/package.ps1'
[1.516s] INFO:colcon.colcon_core.shell:Creating package descriptor '/home/unknown/ROS2_Workspaces/bumperbot_ws/install/cpp_folder/share/cpp_folder/package.dsv'
[1.516s] INFO:colcon.colcon_core.shell:Creating package script '/home/unknown/ROS2_Workspaces/bumperbot_ws/install/cpp_folder/share/cpp_folder/package.sh'
[1.517s] INFO:colcon.colcon_core.shell:Creating package script '/home/unknown/ROS2_Workspaces/bumperbot_ws/install/cpp_folder/share/cpp_folder/package.bash'
[1.517s] INFO:colcon.colcon_core.shell:Creating package script '/home/unknown/ROS2_Workspaces/bumperbot_ws/install/cpp_folder/share/cpp_folder/package.zsh'
[1.517s] Level 1:colcon.colcon_core.environment:create_file_with_runtime_dependencies(/home/unknown/ROS2_Workspaces/bumperbot_ws/install/cpp_folder/share/colcon-core/packages/cpp_folder)
[1.518s] Level 1:colcon.colcon_core.environment:create_environment_scripts_only(cpp_folder)
[1.518s] Level 1:colcon.colcon_core.environment:checking '/home/unknown/ROS2_Workspaces/bumperbot_ws/install/cpp_folder' for CMake module files
[1.518s] Level 1:colcon.colcon_core.environment:checking '/home/unknown/ROS2_Workspaces/bumperbot_ws/install/cpp_folder' for CMake config files
[1.518s] Level 1:colcon.colcon_core.shell:create_environment_hook('cpp_folder', 'cmake_prefix_path')
[1.519s] INFO:colcon.colcon_core.shell:Creating environment hook '/home/unknown/ROS2_Workspaces/bumperbot_ws/install/cpp_folder/share/cpp_folder/hook/cmake_prefix_path.ps1'
[1.519s] INFO:colcon.colcon_core.shell:Creating environment descriptor '/home/unknown/ROS2_Workspaces/bumperbot_ws/install/cpp_folder/share/cpp_folder/hook/cmake_prefix_path.dsv'
[1.519s] INFO:colcon.colcon_core.shell:Creating environment hook '/home/unknown/ROS2_Workspaces/bumperbot_ws/install/cpp_folder/share/cpp_folder/hook/cmake_prefix_path.sh'
[1.520s] Level 1:colcon.colcon_core.environment:checking '/home/unknown/ROS2_Workspaces/bumperbot_ws/install/cpp_folder/lib'
[1.520s] Level 1:colcon.colcon_core.environment:checking '/home/unknown/ROS2_Workspaces/bumperbot_ws/install/cpp_folder/bin'
[1.520s] Level 1:colcon.colcon_core.environment:checking '/home/unknown/ROS2_Workspaces/bumperbot_ws/install/cpp_folder/lib/pkgconfig/cpp_folder.pc'
[1.520s] Level 1:colcon.colcon_core.environment:checking '/home/unknown/ROS2_Workspaces/bumperbot_ws/install/cpp_folder/lib/python3.10/site-packages'
[1.520s] Level 1:colcon.colcon_core.environment:checking '/home/unknown/ROS2_Workspaces/bumperbot_ws/install/cpp_folder/bin'
[1.521s] INFO:colcon.colcon_core.shell:Creating package script '/home/unknown/ROS2_Workspaces/bumperbot_ws/install/cpp_folder/share/cpp_folder/package.ps1'
[1.521s] INFO:colcon.colcon_core.shell:Creating package descriptor '/home/unknown/ROS2_Workspaces/bumperbot_ws/install/cpp_folder/share/cpp_folder/package.dsv'
[1.522s] INFO:colcon.colcon_core.shell:Creating package script '/home/unknown/ROS2_Workspaces/bumperbot_ws/install/cpp_folder/share/cpp_folder/package.sh'
[1.522s] INFO:colcon.colcon_core.shell:Creating package script '/home/unknown/ROS2_Workspaces/bumperbot_ws/install/cpp_folder/share/cpp_folder/package.bash'
[1.522s] INFO:colcon.colcon_core.shell:Creating package script '/home/unknown/ROS2_Workspaces/bumperbot_ws/install/cpp_folder/share/cpp_folder/package.zsh'
[1.523s] Level 1:colcon.colcon_core.environment:create_file_with_runtime_dependencies(/home/unknown/ROS2_Workspaces/bumperbot_ws/install/cpp_folder/share/colcon-core/packages/cpp_folder)
[1.523s] Level 1:colcon.colcon_core.environment:create_environment_scripts_only(ign_ros2_control_demos)
[1.524s] Level 1:colcon.colcon_core.environment:checking '/home/unknown/ROS2_Workspaces/bumperbot_ws/install/ign_ros2_control_demos' for CMake module files
[1.524s] Level 1:colcon.colcon_core.environment:checking '/home/unknown/ROS2_Workspaces/bumperbot_ws/install/ign_ros2_control_demos' for CMake config files
[1.525s] DEBUG:colcon.colcon_core.event_handler.log_command:Invoked command in '/home/unknown/ROS2_Workspaces/bumperbot_ws/build/ign_ros2_control_demos' returned '0': CMAKE_PREFIX_PATH=/home/unknown/ROS2_Workspaces/bumperbot_ws/install/gz_ros2_control_demos:/home/unknown/ROS2_Workspaces/bumperbot_ws/install/gz_ros2_control:/home/unknown/ROS2_Workspaces/bumperbot_ws/install/ign_ros2_control_demos:/home/unknown/ROS2_Workspaces/bumperbot_ws/install/bumper_bot:/home/unknown/ROS2_Workspaces/bumperbot_ws/install/ign_ros2_control:/home/unknown/ROS2_Workspaces/bumperbot_ws/install/gz_ros2_control_tests:/home/unknown/ROS2_Workspaces/bumperbot_ws/install/cpp_folder:/home/unknown/ROS2_Workspaces/bumperbot_ws/install/bumperbot_utils:/home/unknown/ROS2_Workspaces/bumperbot_ws/install/bumperbot_msgs:/home/unknown/ROS2_Workspaces/bumperbot_ws/install/bumperbot_localisation:/home/unknown/ROS2_Workspaces/bumperbot_ws/install/bumperbot_firmware:/home/unknown/ROS2_Workspaces/bumperbot_ws/install/bumperbot_controller:/home/unknown/ROS2_Workspaces/bumperbot_ws/install/my_robot_controller:/home/unknown/ROS2_Workspaces/bumperbot_ws/install/bumper_bot_py:/opt/ros/humble /usr/bin/cmake --install /home/unknown/ROS2_Workspaces/bumperbot_ws/build/ign_ros2_control_demos
[1.525s] Level 1:colcon.colcon_core.shell:create_environment_hook('ign_ros2_control_demos', 'cmake_prefix_path')
[1.525s] INFO:colcon.colcon_core.shell:Creating environment hook '/home/unknown/ROS2_Workspaces/bumperbot_ws/install/ign_ros2_control_demos/share/ign_ros2_control_demos/hook/cmake_prefix_path.ps1'
[1.525s] INFO:colcon.colcon_core.shell:Creating environment descriptor '/home/unknown/ROS2_Workspaces/bumperbot_ws/install/ign_ros2_control_demos/share/ign_ros2_control_demos/hook/cmake_prefix_path.dsv'
[1.526s] INFO:colcon.colcon_core.shell:Creating environment hook '/home/unknown/ROS2_Workspaces/bumperbot_ws/install/ign_ros2_control_demos/share/ign_ros2_control_demos/hook/cmake_prefix_path.sh'
[1.526s] Level 1:colcon.colcon_core.environment:checking '/home/unknown/ROS2_Workspaces/bumperbot_ws/install/ign_ros2_control_demos/lib'
[1.526s] Level 1:colcon.colcon_core.environment:checking '/home/unknown/ROS2_Workspaces/bumperbot_ws/install/ign_ros2_control_demos/bin'
[1.526s] Level 1:colcon.colcon_core.environment:checking '/home/unknown/ROS2_Workspaces/bumperbot_ws/install/ign_ros2_control_demos/lib/pkgconfig/ign_ros2_control_demos.pc'
[1.526s] Level 1:colcon.colcon_core.environment:checking '/home/unknown/ROS2_Workspaces/bumperbot_ws/install/ign_ros2_control_demos/lib/python3.10/site-packages'
[1.527s] Level 1:colcon.colcon_core.environment:checking '/home/unknown/ROS2_Workspaces/bumperbot_ws/install/ign_ros2_control_demos/bin'
[1.527s] INFO:colcon.colcon_core.shell:Creating package script '/home/unknown/ROS2_Workspaces/bumperbot_ws/install/ign_ros2_control_demos/share/ign_ros2_control_demos/package.ps1'
[1.527s] INFO:colcon.colcon_core.shell:Creating package descriptor '/home/unknown/ROS2_Workspaces/bumperbot_ws/install/ign_ros2_control_demos/share/ign_ros2_control_demos/package.dsv'
[1.528s] INFO:colcon.colcon_core.shell:Creating package script '/home/unknown/ROS2_Workspaces/bumperbot_ws/install/ign_ros2_control_demos/share/ign_ros2_control_demos/package.sh'
[1.528s] INFO:colcon.colcon_core.shell:Creating package script '/home/unknown/ROS2_Workspaces/bumperbot_ws/install/ign_ros2_control_demos/share/ign_ros2_control_demos/package.bash'
[1.528s] INFO:colcon.colcon_core.shell:Creating package script '/home/unknown/ROS2_Workspaces/bumperbot_ws/install/ign_ros2_control_demos/share/ign_ros2_control_demos/package.zsh'
[1.529s] Level 1:colcon.colcon_core.environment:create_file_with_runtime_dependencies(/home/unknown/ROS2_Workspaces/bumperbot_ws/install/ign_ros2_control_demos/share/colcon-core/packages/ign_ros2_control_demos)
[1.529s] Level 1:colcon.colcon_core.environment:create_environment_scripts_only(ign_ros2_control_demos)
[1.529s] Level 1:colcon.colcon_core.environment:checking '/home/unknown/ROS2_Workspaces/bumperbot_ws/install/ign_ros2_control_demos' for CMake module files
[1.530s] Level 1:colcon.colcon_core.environment:checking '/home/unknown/ROS2_Workspaces/bumperbot_ws/install/ign_ros2_control_demos' for CMake config files
[1.530s] Level 1:colcon.colcon_core.shell:create_environment_hook('ign_ros2_control_demos', 'cmake_prefix_path')
[1.530s] INFO:colcon.colcon_core.shell:Creating environment hook '/home/unknown/ROS2_Workspaces/bumperbot_ws/install/ign_ros2_control_demos/share/ign_ros2_control_demos/hook/cmake_prefix_path.ps1'
[1.530s] INFO:colcon.colcon_core.shell:Creating environment descriptor '/home/unknown/ROS2_Workspaces/bumperbot_ws/install/ign_ros2_control_demos/share/ign_ros2_control_demos/hook/cmake_prefix_path.dsv'
[1.530s] INFO:colcon.colcon_core.shell:Creating environment hook '/home/unknown/ROS2_Workspaces/bumperbot_ws/install/ign_ros2_control_demos/share/ign_ros2_control_demos/hook/cmake_prefix_path.sh'
[1.531s] Level 1:colcon.colcon_core.environment:checking '/home/unknown/ROS2_Workspaces/bumperbot_ws/install/ign_ros2_control_demos/lib'
[1.531s] Level 1:colcon.colcon_core.environment:checking '/home/unknown/ROS2_Workspaces/bumperbot_ws/install/ign_ros2_control_demos/bin'
[1.531s] Level 1:colcon.colcon_core.environment:checking '/home/unknown/ROS2_Workspaces/bumperbot_ws/install/ign_ros2_control_demos/lib/pkgconfig/ign_ros2_control_demos.pc'
[1.531s] Level 1:colcon.colcon_core.environment:checking '/home/unknown/ROS2_Workspaces/bumperbot_ws/install/ign_ros2_control_demos/lib/python3.10/site-packages'
[1.532s] Level 1:colcon.colcon_core.environment:checking '/home/unknown/ROS2_Workspaces/bumperbot_ws/install/ign_ros2_control_demos/bin'
[1.532s] INFO:colcon.colcon_core.shell:Creating package script '/home/unknown/ROS2_Workspaces/bumperbot_ws/install/ign_ros2_control_demos/share/ign_ros2_control_demos/package.ps1'
[1.532s] INFO:colcon.colcon_core.shell:Creating package descriptor '/home/unknown/ROS2_Workspaces/bumperbot_ws/install/ign_ros2_control_demos/share/ign_ros2_control_demos/package.dsv'
[1.533s] INFO:colcon.colcon_core.shell:Creating package script '/home/unknown/ROS2_Workspaces/bumperbot_ws/install/ign_ros2_control_demos/share/ign_ros2_control_demos/package.sh'
[1.533s] INFO:colcon.colcon_core.shell:Creating package script '/home/unknown/ROS2_Workspaces/bumperbot_ws/install/ign_ros2_control_demos/share/ign_ros2_control_demos/package.bash'
[1.533s] INFO:colcon.colcon_core.shell:Creating package script '/home/unknown/ROS2_Workspaces/bumperbot_ws/install/ign_ros2_control_demos/share/ign_ros2_control_demos/package.zsh'
[1.534s] Level 1:colcon.colcon_core.environment:create_file_with_runtime_dependencies(/home/unknown/ROS2_Workspaces/bumperbot_ws/install/ign_ros2_control_demos/share/colcon-core/packages/ign_ros2_control_demos)
[1.534s] INFO:colcon.colcon_ros.task.ament_cmake.build:Building ROS package in '/home/unknown/ROS2_Workspaces/bumperbot_ws/src/gz_ros2_control/gz_ros2_control_tests' with build type 'ament_cmake'
[1.534s] INFO:colcon.colcon_cmake.task.cmake.build:Building CMake package in '/home/unknown/ROS2_Workspaces/bumperbot_ws/src/gz_ros2_control/gz_ros2_control_tests'
[1.534s] INFO:colcon.colcon_core.shell:Skip shell extension 'powershell' for command environment: Not usable outside of PowerShell
[1.534s] DEBUG:colcon.colcon_core.shell:Skip shell extension 'dsv' for command environment
[1.544s] DEBUG:colcon.colcon_core.event_handler.log_command:Invoking command in '/home/unknown/ROS2_Workspaces/bumperbot_ws/build/gz_ros2_control_tests': CMAKE_PREFIX_PATH=/home/unknown/ROS2_Workspaces/bumperbot_ws/install/ign_ros2_control_demos:/home/unknown/ROS2_Workspaces/bumperbot_ws/install/gz_ros2_control_demos:/home/unknown/ROS2_Workspaces/bumperbot_ws/install/gz_ros2_control:/home/unknown/ROS2_Workspaces/bumperbot_ws/install/bumper_bot:/home/unknown/ROS2_Workspaces/bumperbot_ws/install/ign_ros2_control:/home/unknown/ROS2_Workspaces/bumperbot_ws/install/gz_ros2_control_tests:/home/unknown/ROS2_Workspaces/bumperbot_ws/install/cpp_folder:/home/unknown/ROS2_Workspaces/bumperbot_ws/install/bumperbot_utils:/home/unknown/ROS2_Workspaces/bumperbot_ws/install/bumperbot_msgs:/home/unknown/ROS2_Workspaces/bumperbot_ws/install/bumperbot_localisation:/home/unknown/ROS2_Workspaces/bumperbot_ws/install/bumperbot_firmware:/home/unknown/ROS2_Workspaces/bumperbot_ws/install/bumperbot_controller:/home/unknown/ROS2_Workspaces/bumperbot_ws/install/my_robot_controller:/home/unknown/ROS2_Workspaces/bumperbot_ws/install/bumper_bot_py:/opt/ros/humble /usr/bin/cmake --build /home/unknown/ROS2_Workspaces/bumperbot_ws/build/gz_ros2_control_tests -- -j8 -l8
[1.577s] DEBUG:colcon.colcon_core.event_handler.log_command:Invoked command in '/home/unknown/ROS2_Workspaces/bumperbot_ws/build/gz_ros2_control_tests' returned '0': CMAKE_PREFIX_PATH=/home/unknown/ROS2_Workspaces/bumperbot_ws/install/ign_ros2_control_demos:/home/unknown/ROS2_Workspaces/bumperbot_ws/install/gz_ros2_control_demos:/home/unknown/ROS2_Workspaces/bumperbot_ws/install/gz_ros2_control:/home/unknown/ROS2_Workspaces/bumperbot_ws/install/bumper_bot:/home/unknown/ROS2_Workspaces/bumperbot_ws/install/ign_ros2_control:/home/unknown/ROS2_Workspaces/bumperbot_ws/install/gz_ros2_control_tests:/home/unknown/ROS2_Workspaces/bumperbot_ws/install/cpp_folder:/home/unknown/ROS2_Workspaces/bumperbot_ws/install/bumperbot_utils:/home/unknown/ROS2_Workspaces/bumperbot_ws/install/bumperbot_msgs:/home/unknown/ROS2_Workspaces/bumperbot_ws/install/bumperbot_localisation:/home/unknown/ROS2_Workspaces/bumperbot_ws/install/bumperbot_firmware:/home/unknown/ROS2_Workspaces/bumperbot_ws/install/bumperbot_controller:/home/unknown/ROS2_Workspaces/bumperbot_ws/install/my_robot_controller:/home/unknown/ROS2_Workspaces/bumperbot_ws/install/bumper_bot_py:/opt/ros/humble /usr/bin/cmake --build /home/unknown/ROS2_Workspaces/bumperbot_ws/build/gz_ros2_control_tests -- -j8 -l8
[1.578s] DEBUG:colcon.colcon_core.event_handler.log_command:Invoking command in '/home/unknown/ROS2_Workspaces/bumperbot_ws/build/gz_ros2_control_tests': CMAKE_PREFIX_PATH=/home/unknown/ROS2_Workspaces/bumperbot_ws/install/ign_ros2_control_demos:/home/unknown/ROS2_Workspaces/bumperbot_ws/install/gz_ros2_control_demos:/home/unknown/ROS2_Workspaces/bumperbot_ws/install/gz_ros2_control:/home/unknown/ROS2_Workspaces/bumperbot_ws/install/bumper_bot:/home/unknown/ROS2_Workspaces/bumperbot_ws/install/ign_ros2_control:/home/unknown/ROS2_Workspaces/bumperbot_ws/install/gz_ros2_control_tests:/home/unknown/ROS2_Workspaces/bumperbot_ws/install/cpp_folder:/home/unknown/ROS2_Workspaces/bumperbot_ws/install/bumperbot_utils:/home/unknown/ROS2_Workspaces/bumperbot_ws/install/bumperbot_msgs:/home/unknown/ROS2_Workspaces/bumperbot_ws/install/bumperbot_localisation:/home/unknown/ROS2_Workspaces/bumperbot_ws/install/bumperbot_firmware:/home/unknown/ROS2_Workspaces/bumperbot_ws/install/bumperbot_controller:/home/unknown/ROS2_Workspaces/bumperbot_ws/install/my_robot_controller:/home/unknown/ROS2_Workspaces/bumperbot_ws/install/bumper_bot_py:/opt/ros/humble /usr/bin/cmake --install /home/unknown/ROS2_Workspaces/bumperbot_ws/build/gz_ros2_control_tests
[1.586s] Level 1:colcon.colcon_core.environment:create_environment_scripts_only(gz_ros2_control_tests)
[1.587s] Level 1:colcon.colcon_core.environment:checking '/home/unknown/ROS2_Workspaces/bumperbot_ws/install/gz_ros2_control_tests' for CMake module files
[1.587s] DEBUG:colcon.colcon_core.event_handler.log_command:Invoked command in '/home/unknown/ROS2_Workspaces/bumperbot_ws/build/gz_ros2_control_tests' returned '0': CMAKE_PREFIX_PATH=/home/unknown/ROS2_Workspaces/bumperbot_ws/install/ign_ros2_control_demos:/home/unknown/ROS2_Workspaces/bumperbot_ws/install/gz_ros2_control_demos:/home/unknown/ROS2_Workspaces/bumperbot_ws/install/gz_ros2_control:/home/unknown/ROS2_Workspaces/bumperbot_ws/install/bumper_bot:/home/unknown/ROS2_Workspaces/bumperbot_ws/install/ign_ros2_control:/home/unknown/ROS2_Workspaces/bumperbot_ws/install/gz_ros2_control_tests:/home/unknown/ROS2_Workspaces/bumperbot_ws/install/cpp_folder:/home/unknown/ROS2_Workspaces/bumperbot_ws/install/bumperbot_utils:/home/unknown/ROS2_Workspaces/bumperbot_ws/install/bumperbot_msgs:/home/unknown/ROS2_Workspaces/bumperbot_ws/install/bumperbot_localisation:/home/unknown/ROS2_Workspaces/bumperbot_ws/install/bumperbot_firmware:/home/unknown/ROS2_Workspaces/bumperbot_ws/install/bumperbot_controller:/home/unknown/ROS2_Workspaces/bumperbot_ws/install/my_robot_controller:/home/unknown/ROS2_Workspaces/bumperbot_ws/install/bumper_bot_py:/opt/ros/humble /usr/bin/cmake --install /home/unknown/ROS2_Workspaces/bumperbot_ws/build/gz_ros2_control_tests
[1.587s] Level 1:colcon.colcon_core.environment:checking '/home/unknown/ROS2_Workspaces/bumperbot_ws/install/gz_ros2_control_tests' for CMake config files
[1.588s] Level 1:colcon.colcon_core.shell:create_environment_hook('gz_ros2_control_tests', 'cmake_prefix_path')
[1.588s] INFO:colcon.colcon_core.shell:Creating environment hook '/home/unknown/ROS2_Workspaces/bumperbot_ws/install/gz_ros2_control_tests/share/gz_ros2_control_tests/hook/cmake_prefix_path.ps1'
[1.588s] INFO:colcon.colcon_core.shell:Creating environment descriptor '/home/unknown/ROS2_Workspaces/bumperbot_ws/install/gz_ros2_control_tests/share/gz_ros2_control_tests/hook/cmake_prefix_path.dsv'
[1.588s] INFO:colcon.colcon_core.shell:Creating environment hook '/home/unknown/ROS2_Workspaces/bumperbot_ws/install/gz_ros2_control_tests/share/gz_ros2_control_tests/hook/cmake_prefix_path.sh'
[1.589s] Level 1:colcon.colcon_core.environment:checking '/home/unknown/ROS2_Workspaces/bumperbot_ws/install/gz_ros2_control_tests/bin'
[1.589s] Level 1:colcon.colcon_core.environment:checking '/home/unknown/ROS2_Workspaces/bumperbot_ws/install/gz_ros2_control_tests/lib/pkgconfig/gz_ros2_control_tests.pc'
[1.589s] Level 1:colcon.colcon_core.environment:checking '/home/unknown/ROS2_Workspaces/bumperbot_ws/install/gz_ros2_control_tests/lib/python3.10/site-packages'
[1.589s] Level 1:colcon.colcon_core.environment:checking '/home/unknown/ROS2_Workspaces/bumperbot_ws/install/gz_ros2_control_tests/bin'
[1.590s] INFO:colcon.colcon_core.shell:Creating package script '/home/unknown/ROS2_Workspaces/bumperbot_ws/install/gz_ros2_control_tests/share/gz_ros2_control_tests/package.ps1'
[1.590s] INFO:colcon.colcon_core.shell:Creating package descriptor '/home/unknown/ROS2_Workspaces/bumperbot_ws/install/gz_ros2_control_tests/share/gz_ros2_control_tests/package.dsv'
[1.590s] INFO:colcon.colcon_core.shell:Creating package script '/home/unknown/ROS2_Workspaces/bumperbot_ws/install/gz_ros2_control_tests/share/gz_ros2_control_tests/package.sh'
[1.591s] INFO:colcon.colcon_core.shell:Creating package script '/home/unknown/ROS2_Workspaces/bumperbot_ws/install/gz_ros2_control_tests/share/gz_ros2_control_tests/package.bash'
[1.591s] INFO:colcon.colcon_core.shell:Creating package script '/home/unknown/ROS2_Workspaces/bumperbot_ws/install/gz_ros2_control_tests/share/gz_ros2_control_tests/package.zsh'
[1.591s] Level 1:colcon.colcon_core.environment:create_file_with_runtime_dependencies(/home/unknown/ROS2_Workspaces/bumperbot_ws/install/gz_ros2_control_tests/share/colcon-core/packages/gz_ros2_control_tests)
[1.592s] Level 1:colcon.colcon_core.environment:create_environment_scripts_only(gz_ros2_control_tests)
[1.592s] Level 1:colcon.colcon_core.environment:checking '/home/unknown/ROS2_Workspaces/bumperbot_ws/install/gz_ros2_control_tests' for CMake module files
[1.592s] Level 1:colcon.colcon_core.environment:checking '/home/unknown/ROS2_Workspaces/bumperbot_ws/install/gz_ros2_control_tests' for CMake config files
[1.592s] Level 1:colcon.colcon_core.shell:create_environment_hook('gz_ros2_control_tests', 'cmake_prefix_path')
[1.592s] INFO:colcon.colcon_core.shell:Creating environment hook '/home/unknown/ROS2_Workspaces/bumperbot_ws/install/gz_ros2_control_tests/share/gz_ros2_control_tests/hook/cmake_prefix_path.ps1'
[1.593s] INFO:colcon.colcon_core.shell:Creating environment descriptor '/home/unknown/ROS2_Workspaces/bumperbot_ws/install/gz_ros2_control_tests/share/gz_ros2_control_tests/hook/cmake_prefix_path.dsv'
[1.593s] INFO:colcon.colcon_core.shell:Creating environment hook '/home/unknown/ROS2_Workspaces/bumperbot_ws/install/gz_ros2_control_tests/share/gz_ros2_control_tests/hook/cmake_prefix_path.sh'
[1.594s] Level 1:colcon.colcon_core.environment:checking '/home/unknown/ROS2_Workspaces/bumperbot_ws/install/gz_ros2_control_tests/bin'
[1.594s] Level 1:colcon.colcon_core.environment:checking '/home/unknown/ROS2_Workspaces/bumperbot_ws/install/gz_ros2_control_tests/lib/pkgconfig/gz_ros2_control_tests.pc'
[1.594s] Level 1:colcon.colcon_core.environment:checking '/home/unknown/ROS2_Workspaces/bumperbot_ws/install/gz_ros2_control_tests/lib/python3.10/site-packages'
[1.594s] Level 1:colcon.colcon_core.environment:checking '/home/unknown/ROS2_Workspaces/bumperbot_ws/install/gz_ros2_control_tests/bin'
[1.594s] INFO:colcon.colcon_core.shell:Creating package script '/home/unknown/ROS2_Workspaces/bumperbot_ws/install/gz_ros2_control_tests/share/gz_ros2_control_tests/package.ps1'
[1.595s] INFO:colcon.colcon_core.shell:Creating package descriptor '/home/unknown/ROS2_Workspaces/bumperbot_ws/install/gz_ros2_control_tests/share/gz_ros2_control_tests/package.dsv'
[1.595s] INFO:colcon.colcon_core.shell:Creating package script '/home/unknown/ROS2_Workspaces/bumperbot_ws/install/gz_ros2_control_tests/share/gz_ros2_control_tests/package.sh'
[1.595s] INFO:colcon.colcon_core.shell:Creating package script '/home/unknown/ROS2_Workspaces/bumperbot_ws/install/gz_ros2_control_tests/share/gz_ros2_control_tests/package.bash'
[1.596s] INFO:colcon.colcon_core.shell:Creating package script '/home/unknown/ROS2_Workspaces/bumperbot_ws/install/gz_ros2_control_tests/share/gz_ros2_control_tests/package.zsh'
[1.596s] Level 1:colcon.colcon_core.environment:create_file_with_runtime_dependencies(/home/unknown/ROS2_Workspaces/bumperbot_ws/install/gz_ros2_control_tests/share/colcon-core/packages/gz_ros2_control_tests)
[1.688s] Level 1:colcon.colcon_core.environment:checking '/home/unknown/ROS2_Workspaces/bumperbot_ws/install/my_robot_controller' for CMake module files
[1.688s] DEBUG:colcon.colcon_core.event_handler.log_command:Invoked command in '/home/unknown/ROS2_Workspaces/bumperbot_ws/src/my_robot_controller' returned '0': PYTHONPATH=/home/unknown/ROS2_Workspaces/bumperbot_ws/build/my_robot_controller/prefix_override:/usr/lib/python3/dist-packages/colcon_core/task/python/colcon_distutils_commands:/home/unknown/ROS2_Workspaces/bumperbot_ws/install/my_robot_controller/lib/python3.10/site-packages:${PYTHONPATH} /usr/bin/python3 -W ignore:setup.py install is deprecated -W ignore:easy_install command is deprecated setup.py egg_info --egg-base ../../build/my_robot_controller build --build-base /home/unknown/ROS2_Workspaces/bumperbot_ws/build/my_robot_controller/build install --record /home/unknown/ROS2_Workspaces/bumperbot_ws/build/my_robot_controller/install.log --single-version-externally-managed install_data
[1.688s] Level 1:colcon.colcon_core.environment:checking '/home/unknown/ROS2_Workspaces/bumperbot_ws/install/my_robot_controller' for CMake config files
[1.689s] Level 1:colcon.colcon_core.environment:checking '/home/unknown/ROS2_Workspaces/bumperbot_ws/install/my_robot_controller/lib'
[1.689s] Level 1:colcon.colcon_core.environment:checking '/home/unknown/ROS2_Workspaces/bumperbot_ws/install/my_robot_controller/bin'
[1.689s] Level 1:colcon.colcon_core.environment:checking '/home/unknown/ROS2_Workspaces/bumperbot_ws/install/my_robot_controller/lib/pkgconfig/my_robot_controller.pc'
[1.689s] Level 1:colcon.colcon_core.environment:checking '/home/unknown/ROS2_Workspaces/bumperbot_ws/install/my_robot_controller/lib/python3.10/site-packages'
[1.689s] Level 1:colcon.colcon_core.shell:create_environment_hook('my_robot_controller', 'pythonpath')
[1.689s] INFO:colcon.colcon_core.shell:Creating environment hook '/home/unknown/ROS2_Workspaces/bumperbot_ws/install/my_robot_controller/share/my_robot_controller/hook/pythonpath.ps1'
[1.690s] INFO:colcon.colcon_core.shell:Creating environment descriptor '/home/unknown/ROS2_Workspaces/bumperbot_ws/install/my_robot_controller/share/my_robot_controller/hook/pythonpath.dsv'
[1.690s] INFO:colcon.colcon_core.shell:Creating environment hook '/home/unknown/ROS2_Workspaces/bumperbot_ws/install/my_robot_controller/share/my_robot_controller/hook/pythonpath.sh'
[1.691s] Level 1:colcon.colcon_core.environment:checking '/home/unknown/ROS2_Workspaces/bumperbot_ws/install/my_robot_controller/bin'
[1.691s] Level 1:colcon.colcon_core.environment:create_environment_scripts_only(my_robot_controller)
[1.691s] INFO:colcon.colcon_core.shell:Creating package script '/home/unknown/ROS2_Workspaces/bumperbot_ws/install/my_robot_controller/share/my_robot_controller/package.ps1'
[1.692s] INFO:colcon.colcon_core.shell:Creating package descriptor '/home/unknown/ROS2_Workspaces/bumperbot_ws/install/my_robot_controller/share/my_robot_controller/package.dsv'
[1.692s] INFO:colcon.colcon_core.shell:Creating package script '/home/unknown/ROS2_Workspaces/bumperbot_ws/install/my_robot_controller/share/my_robot_controller/package.sh'
[1.692s] INFO:colcon.colcon_core.shell:Creating package script '/home/unknown/ROS2_Workspaces/bumperbot_ws/install/my_robot_controller/share/my_robot_controller/package.bash'
[1.693s] INFO:colcon.colcon_core.shell:Creating package script '/home/unknown/ROS2_Workspaces/bumperbot_ws/install/my_robot_controller/share/my_robot_controller/package.zsh'
[1.693s] Level 1:colcon.colcon_core.environment:create_file_with_runtime_dependencies(/home/unknown/ROS2_Workspaces/bumperbot_ws/install/my_robot_controller/share/colcon-core/packages/my_robot_controller)
[1.747s] DEBUG:colcon.colcon_core.event_handler.log_command:Invoking command in '/home/unknown/ROS2_Workspaces/bumperbot_ws/src/bumper_bot_py': CMAKE_PREFIX_PATH=/home/unknown/ROS2_Workspaces/bumperbot_ws/install/bumperbot_msgs:/home/unknown/ROS2_Workspaces/bumperbot_ws/install/ign_ros2_control_demos:/home/unknown/ROS2_Workspaces/bumperbot_ws/install/bumper_bot:/home/unknown/ROS2_Workspaces/bumperbot_ws/install/ign_ros2_control:/home/unknown/ROS2_Workspaces/bumperbot_ws/install/gz_ros2_control_tests:/home/unknown/ROS2_Workspaces/bumperbot_ws/install/gz_ros2_control_demos:/home/unknown/ROS2_Workspaces/bumperbot_ws/install/gz_ros2_control:/home/unknown/ROS2_Workspaces/bumperbot_ws/install/cpp_folder:/home/unknown/ROS2_Workspaces/bumperbot_ws/install/bumperbot_utils:/home/unknown/ROS2_Workspaces/bumperbot_ws/install/bumperbot_localisation:/home/unknown/ROS2_Workspaces/bumperbot_ws/install/bumperbot_firmware:/home/unknown/ROS2_Workspaces/bumperbot_ws/install/bumperbot_controller LD_LIBRARY_PATH=/home/unknown/ROS2_Workspaces/bumperbot_ws/install/bumperbot_msgs/lib:/home/unknown/ROS2_Workspaces/bumperbot_ws/install/gz_ros2_control/lib:/home/unknown/bumperbot_ws/install/gz_ros2_control/lib:/home/unknown/bumperbot_ws/install/bumperbot_msgs/lib:/home/unknown/ros2_ws/install/gz_ros2_control/lib:/home/unknown/ros2_ws/install/bumperbot_msgs/lib:/opt/ros/humble/opt/rviz_ogre_vendor/lib:/opt/ros/humble/lib/x86_64-linux-gnu:/opt/ros/humble/lib PYTHONPATH=/home/unknown/ROS2_Workspaces/bumperbot_ws/build/bumper_bot_py/prefix_override:/usr/lib/python3/dist-packages/colcon_core/task/python/colcon_distutils_commands:/home/unknown/ROS2_Workspaces/bumperbot_ws/install/bumper_bot_py/lib/python3.10/site-packages:${PYTHONPATH} /usr/bin/python3 -W ignore:setup.py install is deprecated -W ignore:easy_install command is deprecated setup.py egg_info --egg-base ../../build/bumper_bot_py build --build-base /home/unknown/ROS2_Workspaces/bumperbot_ws/build/bumper_bot_py/build install --record /home/unknown/ROS2_Workspaces/bumperbot_ws/build/bumper_bot_py/install.log --single-version-externally-managed install_data
[2.015s] Level 1:colcon.colcon_core.environment:checking '/home/unknown/ROS2_Workspaces/bumperbot_ws/install/bumper_bot_py' for CMake module files
[2.016s] DEBUG:colcon.colcon_core.event_handler.log_command:Invoked command in '/home/unknown/ROS2_Workspaces/bumperbot_ws/src/bumper_bot_py' returned '0': CMAKE_PREFIX_PATH=/home/unknown/ROS2_Workspaces/bumperbot_ws/install/bumperbot_msgs:/home/unknown/ROS2_Workspaces/bumperbot_ws/install/ign_ros2_control_demos:/home/unknown/ROS2_Workspaces/bumperbot_ws/install/bumper_bot:/home/unknown/ROS2_Workspaces/bumperbot_ws/install/ign_ros2_control:/home/unknown/ROS2_Workspaces/bumperbot_ws/install/gz_ros2_control_tests:/home/unknown/ROS2_Workspaces/bumperbot_ws/install/gz_ros2_control_demos:/home/unknown/ROS2_Workspaces/bumperbot_ws/install/gz_ros2_control:/home/unknown/ROS2_Workspaces/bumperbot_ws/install/cpp_folder:/home/unknown/ROS2_Workspaces/bumperbot_ws/install/bumperbot_utils:/home/unknown/ROS2_Workspaces/bumperbot_ws/install/bumperbot_localisation:/home/unknown/ROS2_Workspaces/bumperbot_ws/install/bumperbot_firmware:/home/unknown/ROS2_Workspaces/bumperbot_ws/install/bumperbot_controller LD_LIBRARY_PATH=/home/unknown/ROS2_Workspaces/bumperbot_ws/install/bumperbot_msgs/lib:/home/unknown/ROS2_Workspaces/bumperbot_ws/install/gz_ros2_control/lib:/home/unknown/bumperbot_ws/install/gz_ros2_control/lib:/home/unknown/bumperbot_ws/install/bumperbot_msgs/lib:/home/unknown/ros2_ws/install/gz_ros2_control/lib:/home/unknown/ros2_ws/install/bumperbot_msgs/lib:/opt/ros/humble/opt/rviz_ogre_vendor/lib:/opt/ros/humble/lib/x86_64-linux-gnu:/opt/ros/humble/lib PYTHONPATH=/home/unknown/ROS2_Workspaces/bumperbot_ws/build/bumper_bot_py/prefix_override:/usr/lib/python3/dist-packages/colcon_core/task/python/colcon_distutils_commands:/home/unknown/ROS2_Workspaces/bumperbot_ws/install/bumper_bot_py/lib/python3.10/site-packages:${PYTHONPATH} /usr/bin/python3 -W ignore:setup.py install is deprecated -W ignore:easy_install command is deprecated setup.py egg_info --egg-base ../../build/bumper_bot_py build --build-base /home/unknown/ROS2_Workspaces/bumperbot_ws/build/bumper_bot_py/build install --record /home/unknown/ROS2_Workspaces/bumperbot_ws/build/bumper_bot_py/install.log --single-version-externally-managed install_data
[2.016s] Level 1:colcon.colcon_core.environment:checking '/home/unknown/ROS2_Workspaces/bumperbot_ws/install/bumper_bot_py' for CMake config files
[2.016s] Level 1:colcon.colcon_core.environment:checking '/home/unknown/ROS2_Workspaces/bumperbot_ws/install/bumper_bot_py/lib'
[2.017s] Level 1:colcon.colcon_core.environment:checking '/home/unknown/ROS2_Workspaces/bumperbot_ws/install/bumper_bot_py/bin'
[2.017s] Level 1:colcon.colcon_core.environment:checking '/home/unknown/ROS2_Workspaces/bumperbot_ws/install/bumper_bot_py/lib/pkgconfig/bumper_bot_py.pc'
[2.017s] Level 1:colcon.colcon_core.environment:checking '/home/unknown/ROS2_Workspaces/bumperbot_ws/install/bumper_bot_py/lib/python3.10/site-packages'
[2.017s] Level 1:colcon.colcon_core.shell:create_environment_hook('bumper_bot_py', 'pythonpath')
[2.017s] INFO:colcon.colcon_core.shell:Creating environment hook '/home/unknown/ROS2_Workspaces/bumperbot_ws/install/bumper_bot_py/share/bumper_bot_py/hook/pythonpath.ps1'
[2.018s] INFO:colcon.colcon_core.shell:Creating environment descriptor '/home/unknown/ROS2_Workspaces/bumperbot_ws/install/bumper_bot_py/share/bumper_bot_py/hook/pythonpath.dsv'
[2.018s] INFO:colcon.colcon_core.shell:Creating environment hook '/home/unknown/ROS2_Workspaces/bumperbot_ws/install/bumper_bot_py/share/bumper_bot_py/hook/pythonpath.sh'
[2.018s] Level 1:colcon.colcon_core.environment:checking '/home/unknown/ROS2_Workspaces/bumperbot_ws/install/bumper_bot_py/bin'
[2.019s] Level 1:colcon.colcon_core.environment:create_environment_scripts_only(bumper_bot_py)
[2.019s] INFO:colcon.colcon_core.shell:Creating package script '/home/unknown/ROS2_Workspaces/bumperbot_ws/install/bumper_bot_py/share/bumper_bot_py/package.ps1'
[2.019s] INFO:colcon.colcon_core.shell:Creating package descriptor '/home/unknown/ROS2_Workspaces/bumperbot_ws/install/bumper_bot_py/share/bumper_bot_py/package.dsv'
[2.020s] INFO:colcon.colcon_core.shell:Creating package script '/home/unknown/ROS2_Workspaces/bumperbot_ws/install/bumper_bot_py/share/bumper_bot_py/package.sh'
[2.020s] INFO:colcon.colcon_core.shell:Creating package script '/home/unknown/ROS2_Workspaces/bumperbot_ws/install/bumper_bot_py/share/bumper_bot_py/package.bash'
[2.020s] INFO:colcon.colcon_core.shell:Creating package script '/home/unknown/ROS2_Workspaces/bumperbot_ws/install/bumper_bot_py/share/bumper_bot_py/package.zsh'
[2.021s] Level 1:colcon.colcon_core.environment:create_file_with_runtime_dependencies(/home/unknown/ROS2_Workspaces/bumperbot_ws/install/bumper_bot_py/share/colcon-core/packages/bumper_bot_py)
[2.021s] DEBUG:colcon.colcon_parallel_executor.executor.parallel:closing loop
[2.021s] DEBUG:colcon.colcon_parallel_executor.executor.parallel:loop closed
[2.021s] DEBUG:colcon.colcon_parallel_executor.executor.parallel:run_until_complete finished with '0'
[2.021s] DEBUG:colcon.colcon_core.event_reactor:joining thread
[2.026s] INFO:colcon.colcon_core.plugin_system:Skipping extension 'colcon_notification.desktop_notification.terminal_notifier': Not used on non-Darwin systems
[2.027s] INFO:colcon.colcon_core.plugin_system:Skipping extension 'colcon_notification.desktop_notification.win32': Not used on non-Windows systems
[2.027s] INFO:colcon.colcon_notification.desktop_notification:Sending desktop notification using 'notify2'
[2.037s] DEBUG:colcon.colcon_core.event_reactor:joined thread
[2.037s] INFO:colcon.colcon_core.shell:Creating prefix script '/home/unknown/ROS2_Workspaces/bumperbot_ws/install/local_setup.ps1'
[2.039s] INFO:colcon.colcon_core.shell:Creating prefix util module '/home/unknown/ROS2_Workspaces/bumperbot_ws/install/_local_setup_util_ps1.py'
[2.040s] INFO:colcon.colcon_core.shell:Creating prefix chain script '/home/unknown/ROS2_Workspaces/bumperbot_ws/install/setup.ps1'
[2.042s] INFO:colcon.colcon_core.shell:Creating prefix script '/home/unknown/ROS2_Workspaces/bumperbot_ws/install/local_setup.sh'
[2.042s] INFO:colcon.colcon_core.shell:Creating prefix util module '/home/unknown/ROS2_Workspaces/bumperbot_ws/install/_local_setup_util_sh.py'
[2.043s] INFO:colcon.colcon_core.shell:Creating prefix chain script '/home/unknown/ROS2_Workspaces/bumperbot_ws/install/setup.sh'
[2.045s] INFO:colcon.colcon_core.shell:Creating prefix script '/home/unknown/ROS2_Workspaces/bumperbot_ws/install/local_setup.bash'
[2.045s] INFO:colcon.colcon_core.shell:Creating prefix chain script '/home/unknown/ROS2_Workspaces/bumperbot_ws/install/setup.bash'
[2.047s] INFO:colcon.colcon_core.shell:Creating prefix script '/home/unknown/ROS2_Workspaces/bumperbot_ws/install/local_setup.zsh'
[2.047s] INFO:colcon.colcon_core.shell:Creating prefix chain script '/home/unknown/ROS2_Workspaces/bumperbot_ws/install/setup.zsh'
