[0.092s] DEBUG:colcon:Command line arguments: ['/usr/bin/colcon', 'build']
[0.092s] DEBUG:colcon:Parsed command line arguments: Namespace(log_base=None, log_level=None, verb_name='build', build_base='build', install_base='install', merge_install=False, symlink_install=False, test_result_base=None, continue_on_error=False, executor='parallel', parallel_workers=8, event_handlers=None, ignore_user_meta=False, metas=['./colcon.meta'], base_paths=['.'], packages_ignore=None, packages_ignore_regex=None, paths=None, packages_up_to=None, packages_up_to_regex=None, packages_above=None, packages_above_and_dependencies=None, packages_above_depth=None, packages_select_by_dep=None, packages_skip_by_dep=None, packages_skip_up_to=None, packages_select_build_failed=False, packages_skip_build_finished=False, packages_select_test_failures=False, packages_skip_test_passed=False, packages_select=None, packages_skip=None, packages_select_regex=None, packages_skip_regex=None, packages_start=None, packages_end=None, allow_overriding=[], cmake_args=None, cmake_target=None, cmake_target_skip_unavailable=False, cmake_clean_cache=False, cmake_clean_first=False, cmake_force_configure=False, ament_cmake_args=None, catkin_cmake_args=None, catkin_skip_building_tests=False, mixin_files=None, mixin=None, verb_parser=<colcon_mixin.mixin.mixin_argument.MixinArgumentDecorator object at 0x7c4f63cfada0>, verb_extension=<colcon_core.verb.build.BuildVerb object at 0x7c4f63cfa830>, main=<bound method BuildVerb.main of <colcon_core.verb.build.BuildVerb object at 0x7c4f63cfa830>>, mixin_verb=('build',))
[0.246s] Level 1:colcon.colcon_core.package_discovery:discover_packages(colcon_meta) check parameters
[0.246s] Level 1:colcon.colcon_core.package_discovery:discover_packages(recursive) check parameters
[0.246s] Level 1:colcon.colcon_core.package_discovery:discover_packages(ignore) check parameters
[0.246s] Level 1:colcon.colcon_core.package_discovery:discover_packages(path) check parameters
[0.246s] Level 1:colcon.colcon_core.package_discovery:discover_packages(colcon_meta) discover
[0.246s] Level 1:colcon.colcon_core.package_discovery:discover_packages(recursive) discover
[0.246s] INFO:colcon.colcon_core.package_discovery:Crawling recursively for packages in '/home/unknown/ROS2_Workspaces/bumperbot_ws'
[0.246s] Level 1:colcon.colcon_core.package_identification:_identify(.) by extensions ['ignore', 'ignore_ament_install']
[0.246s] Level 1:colcon.colcon_core.package_identification:_identify(.) by extension 'ignore'
[0.246s] Level 1:colcon.colcon_core.package_identification:_identify(.) by extension 'ignore_ament_install'
[0.246s] Level 1:colcon.colcon_core.package_identification:_identify(.) by extensions ['colcon_pkg']
[0.246s] Level 1:colcon.colcon_core.package_identification:_identify(.) by extension 'colcon_pkg'
[0.246s] Level 1:colcon.colcon_core.package_identification:_identify(.) by extensions ['colcon_meta']
[0.246s] Level 1:colcon.colcon_core.package_identification:_identify(.) by extension 'colcon_meta'
[0.246s] Level 1:colcon.colcon_core.package_identification:_identify(.) by extensions ['ros']
[0.246s] Level 1:colcon.colcon_core.package_identification:_identify(.) by extension 'ros'
[0.263s] Level 1:colcon.colcon_core.package_identification:_identify(.) by extensions ['cmake', 'python']
[0.263s] Level 1:colcon.colcon_core.package_identification:_identify(.) by extension 'cmake'
[0.263s] Level 1:colcon.colcon_core.package_identification:_identify(.) by extension 'python'
[0.263s] Level 1:colcon.colcon_core.package_identification:_identify(.) by extensions ['python_setup_py']
[0.263s] Level 1:colcon.colcon_core.package_identification:_identify(.) by extension 'python_setup_py'
[0.263s] Level 1:colcon.colcon_core.package_identification:_identify(build) by extensions ['ignore', 'ignore_ament_install']
[0.263s] Level 1:colcon.colcon_core.package_identification:_identify(build) by extension 'ignore'
[0.263s] Level 1:colcon.colcon_core.package_identification:_identify(build) ignored
[0.263s] Level 1:colcon.colcon_core.package_identification:_identify(install) by extensions ['ignore', 'ignore_ament_install']
[0.264s] Level 1:colcon.colcon_core.package_identification:_identify(install) by extension 'ignore'
[0.264s] Level 1:colcon.colcon_core.package_identification:_identify(install) ignored
[0.264s] Level 1:colcon.colcon_core.package_identification:_identify(log) by extensions ['ignore', 'ignore_ament_install']
[0.264s] Level 1:colcon.colcon_core.package_identification:_identify(log) by extension 'ignore'
[0.264s] Level 1:colcon.colcon_core.package_identification:_identify(log) ignored
[0.264s] Level 1:colcon.colcon_core.package_identification:_identify(src) by extensions ['ignore', 'ignore_ament_install']
[0.264s] Level 1:colcon.colcon_core.package_identification:_identify(src) by extension 'ignore'
[0.264s] Level 1:colcon.colcon_core.package_identification:_identify(src) by extension 'ignore_ament_install'
[0.264s] Level 1:colcon.colcon_core.package_identification:_identify(src) by extensions ['colcon_pkg']
[0.264s] Level 1:colcon.colcon_core.package_identification:_identify(src) by extension 'colcon_pkg'
[0.264s] Level 1:colcon.colcon_core.package_identification:_identify(src) by extensions ['colcon_meta']
[0.264s] Level 1:colcon.colcon_core.package_identification:_identify(src) by extension 'colcon_meta'
[0.264s] Level 1:colcon.colcon_core.package_identification:_identify(src) by extensions ['ros']
[0.264s] Level 1:colcon.colcon_core.package_identification:_identify(src) by extension 'ros'
[0.264s] Level 1:colcon.colcon_core.package_identification:_identify(src) by extensions ['cmake', 'python']
[0.264s] Level 1:colcon.colcon_core.package_identification:_identify(src) by extension 'cmake'
[0.264s] Level 1:colcon.colcon_core.package_identification:_identify(src) by extension 'python'
[0.264s] Level 1:colcon.colcon_core.package_identification:_identify(src) by extensions ['python_setup_py']
[0.264s] Level 1:colcon.colcon_core.package_identification:_identify(src) by extension 'python_setup_py'
[0.264s] Level 1:colcon.colcon_core.package_identification:_identify(src/bumper_bot) by extensions ['ignore', 'ignore_ament_install']
[0.265s] Level 1:colcon.colcon_core.package_identification:_identify(src/bumper_bot) by extension 'ignore'
[0.265s] Level 1:colcon.colcon_core.package_identification:_identify(src/bumper_bot) by extension 'ignore_ament_install'
[0.265s] Level 1:colcon.colcon_core.package_identification:_identify(src/bumper_bot) by extensions ['colcon_pkg']
[0.265s] Level 1:colcon.colcon_core.package_identification:_identify(src/bumper_bot) by extension 'colcon_pkg'
[0.265s] Level 1:colcon.colcon_core.package_identification:_identify(src/bumper_bot) by extensions ['colcon_meta']
[0.265s] Level 1:colcon.colcon_core.package_identification:_identify(src/bumper_bot) by extension 'colcon_meta'
[0.265s] Level 1:colcon.colcon_core.package_identification:_identify(src/bumper_bot) by extensions ['ros']
[0.265s] Level 1:colcon.colcon_core.package_identification:_identify(src/bumper_bot) by extension 'ros'
[0.269s] DEBUG:colcon.colcon_core.package_identification:Package 'src/bumper_bot' with type 'ros.ament_cmake' and name 'bumper_bot'
[0.269s] Level 1:colcon.colcon_core.package_identification:_identify(src/bumper_bot_py) by extensions ['ignore', 'ignore_ament_install']
[0.269s] Level 1:colcon.colcon_core.package_identification:_identify(src/bumper_bot_py) by extension 'ignore'
[0.269s] Level 1:colcon.colcon_core.package_identification:_identify(src/bumper_bot_py) by extension 'ignore_ament_install'
[0.269s] Level 1:colcon.colcon_core.package_identification:_identify(src/bumper_bot_py) by extensions ['colcon_pkg']
[0.269s] Level 1:colcon.colcon_core.package_identification:_identify(src/bumper_bot_py) by extension 'colcon_pkg'
[0.269s] Level 1:colcon.colcon_core.package_identification:_identify(src/bumper_bot_py) by extensions ['colcon_meta']
[0.269s] Level 1:colcon.colcon_core.package_identification:_identify(src/bumper_bot_py) by extension 'colcon_meta'
[0.269s] Level 1:colcon.colcon_core.package_identification:_identify(src/bumper_bot_py) by extensions ['ros']
[0.269s] Level 1:colcon.colcon_core.package_identification:_identify(src/bumper_bot_py) by extension 'ros'
[0.270s] DEBUG:colcon.colcon_core.package_identification:Package 'src/bumper_bot_py' with type 'ros.ament_python' and name 'bumper_bot_py'
[0.270s] Level 1:colcon.colcon_core.package_identification:_identify(src/bumperbot_controller) by extensions ['ignore', 'ignore_ament_install']
[0.270s] Level 1:colcon.colcon_core.package_identification:_identify(src/bumperbot_controller) by extension 'ignore'
[0.270s] Level 1:colcon.colcon_core.package_identification:_identify(src/bumperbot_controller) by extension 'ignore_ament_install'
[0.270s] Level 1:colcon.colcon_core.package_identification:_identify(src/bumperbot_controller) by extensions ['colcon_pkg']
[0.270s] Level 1:colcon.colcon_core.package_identification:_identify(src/bumperbot_controller) by extension 'colcon_pkg'
[0.270s] Level 1:colcon.colcon_core.package_identification:_identify(src/bumperbot_controller) by extensions ['colcon_meta']
[0.270s] Level 1:colcon.colcon_core.package_identification:_identify(src/bumperbot_controller) by extension 'colcon_meta'
[0.270s] Level 1:colcon.colcon_core.package_identification:_identify(src/bumperbot_controller) by extensions ['ros']
[0.270s] Level 1:colcon.colcon_core.package_identification:_identify(src/bumperbot_controller) by extension 'ros'
[0.271s] DEBUG:colcon.colcon_core.package_identification:Package 'src/bumperbot_controller' with type 'ros.ament_cmake' and name 'bumperbot_controller'
[0.271s] Level 1:colcon.colcon_core.package_identification:_identify(src/bumperbot_firmware) by extensions ['ignore', 'ignore_ament_install']
[0.272s] Level 1:colcon.colcon_core.package_identification:_identify(src/bumperbot_firmware) by extension 'ignore'
[0.272s] Level 1:colcon.colcon_core.package_identification:_identify(src/bumperbot_firmware) by extension 'ignore_ament_install'
[0.272s] Level 1:colcon.colcon_core.package_identification:_identify(src/bumperbot_firmware) by extensions ['colcon_pkg']
[0.272s] Level 1:colcon.colcon_core.package_identification:_identify(src/bumperbot_firmware) by extension 'colcon_pkg'
[0.272s] Level 1:colcon.colcon_core.package_identification:_identify(src/bumperbot_firmware) by extensions ['colcon_meta']
[0.272s] Level 1:colcon.colcon_core.package_identification:_identify(src/bumperbot_firmware) by extension 'colcon_meta'
[0.272s] Level 1:colcon.colcon_core.package_identification:_identify(src/bumperbot_firmware) by extensions ['ros']
[0.272s] Level 1:colcon.colcon_core.package_identification:_identify(src/bumperbot_firmware) by extension 'ros'
[0.272s] DEBUG:colcon.colcon_core.package_identification:Package 'src/bumperbot_firmware' with type 'ros.ament_cmake' and name 'bumperbot_firmware'
[0.272s] Level 1:colcon.colcon_core.package_identification:_identify(src/bumperbot_localisation) by extensions ['ignore', 'ignore_ament_install']
[0.272s] Level 1:colcon.colcon_core.package_identification:_identify(src/bumperbot_localisation) by extension 'ignore'
[0.273s] Level 1:colcon.colcon_core.package_identification:_identify(src/bumperbot_localisation) by extension 'ignore_ament_install'
[0.273s] Level 1:colcon.colcon_core.package_identification:_identify(src/bumperbot_localisation) by extensions ['colcon_pkg']
[0.273s] Level 1:colcon.colcon_core.package_identification:_identify(src/bumperbot_localisation) by extension 'colcon_pkg'
[0.273s] Level 1:colcon.colcon_core.package_identification:_identify(src/bumperbot_localisation) by extensions ['colcon_meta']
[0.273s] Level 1:colcon.colcon_core.package_identification:_identify(src/bumperbot_localisation) by extension 'colcon_meta'
[0.273s] Level 1:colcon.colcon_core.package_identification:_identify(src/bumperbot_localisation) by extensions ['ros']
[0.273s] Level 1:colcon.colcon_core.package_identification:_identify(src/bumperbot_localisation) by extension 'ros'
[0.274s] DEBUG:colcon.colcon_core.package_identification:Package 'src/bumperbot_localisation' with type 'ros.ament_cmake' and name 'bumperbot_localisation'
[0.274s] Level 1:colcon.colcon_core.package_identification:_identify(src/bumperbot_msgs) by extensions ['ignore', 'ignore_ament_install']
[0.274s] Level 1:colcon.colcon_core.package_identification:_identify(src/bumperbot_msgs) by extension 'ignore'
[0.274s] Level 1:colcon.colcon_core.package_identification:_identify(src/bumperbot_msgs) by extension 'ignore_ament_install'
[0.274s] Level 1:colcon.colcon_core.package_identification:_identify(src/bumperbot_msgs) by extensions ['colcon_pkg']
[0.274s] Level 1:colcon.colcon_core.package_identification:_identify(src/bumperbot_msgs) by extension 'colcon_pkg'
[0.274s] Level 1:colcon.colcon_core.package_identification:_identify(src/bumperbot_msgs) by extensions ['colcon_meta']
[0.274s] Level 1:colcon.colcon_core.package_identification:_identify(src/bumperbot_msgs) by extension 'colcon_meta'
[0.274s] Level 1:colcon.colcon_core.package_identification:_identify(src/bumperbot_msgs) by extensions ['ros']
[0.274s] Level 1:colcon.colcon_core.package_identification:_identify(src/bumperbot_msgs) by extension 'ros'
[0.275s] DEBUG:colcon.colcon_core.package_identification:Package 'src/bumperbot_msgs' with type 'ros.ament_cmake' and name 'bumperbot_msgs'
[0.275s] Level 1:colcon.colcon_core.package_identification:_identify(src/bumperbot_utils) by extensions ['ignore', 'ignore_ament_install']
[0.275s] Level 1:colcon.colcon_core.package_identification:_identify(src/bumperbot_utils) by extension 'ignore'
[0.275s] Level 1:colcon.colcon_core.package_identification:_identify(src/bumperbot_utils) by extension 'ignore_ament_install'
[0.275s] Level 1:colcon.colcon_core.package_identification:_identify(src/bumperbot_utils) by extensions ['colcon_pkg']
[0.275s] Level 1:colcon.colcon_core.package_identification:_identify(src/bumperbot_utils) by extension 'colcon_pkg'
[0.275s] Level 1:colcon.colcon_core.package_identification:_identify(src/bumperbot_utils) by extensions ['colcon_meta']
[0.275s] Level 1:colcon.colcon_core.package_identification:_identify(src/bumperbot_utils) by extension 'colcon_meta'
[0.275s] Level 1:colcon.colcon_core.package_identification:_identify(src/bumperbot_utils) by extensions ['ros']
[0.275s] Level 1:colcon.colcon_core.package_identification:_identify(src/bumperbot_utils) by extension 'ros'
[0.276s] DEBUG:colcon.colcon_core.package_identification:Package 'src/bumperbot_utils' with type 'ros.ament_cmake' and name 'bumperbot_utils'
[0.276s] Level 1:colcon.colcon_core.package_identification:_identify(src/cpp_folder) by extensions ['ignore', 'ignore_ament_install']
[0.276s] Level 1:colcon.colcon_core.package_identification:_identify(src/cpp_folder) by extension 'ignore'
[0.276s] Level 1:colcon.colcon_core.package_identification:_identify(src/cpp_folder) by extension 'ignore_ament_install'
[0.276s] Level 1:colcon.colcon_core.package_identification:_identify(src/cpp_folder) by extensions ['colcon_pkg']
[0.276s] Level 1:colcon.colcon_core.package_identification:_identify(src/cpp_folder) by extension 'colcon_pkg'
[0.276s] Level 1:colcon.colcon_core.package_identification:_identify(src/cpp_folder) by extensions ['colcon_meta']
[0.276s] Level 1:colcon.colcon_core.package_identification:_identify(src/cpp_folder) by extension 'colcon_meta'
[0.276s] Level 1:colcon.colcon_core.package_identification:_identify(src/cpp_folder) by extensions ['ros']
[0.276s] Level 1:colcon.colcon_core.package_identification:_identify(src/cpp_folder) by extension 'ros'
[0.277s] DEBUG:colcon.colcon_core.package_identification:Package 'src/cpp_folder' with type 'ros.ament_cmake' and name 'cpp_folder'
[0.277s] Level 1:colcon.colcon_core.package_identification:_identify(src/gz_ros2_control) by extensions ['ignore', 'ignore_ament_install']
[0.277s] Level 1:colcon.colcon_core.package_identification:_identify(src/gz_ros2_control) by extension 'ignore'
[0.277s] Level 1:colcon.colcon_core.package_identification:_identify(src/gz_ros2_control) by extension 'ignore_ament_install'
[0.277s] Level 1:colcon.colcon_core.package_identification:_identify(src/gz_ros2_control) by extensions ['colcon_pkg']
[0.277s] Level 1:colcon.colcon_core.package_identification:_identify(src/gz_ros2_control) by extension 'colcon_pkg'
[0.277s] Level 1:colcon.colcon_core.package_identification:_identify(src/gz_ros2_control) by extensions ['colcon_meta']
[0.277s] Level 1:colcon.colcon_core.package_identification:_identify(src/gz_ros2_control) by extension 'colcon_meta'
[0.277s] Level 1:colcon.colcon_core.package_identification:_identify(src/gz_ros2_control) by extensions ['ros']
[0.277s] Level 1:colcon.colcon_core.package_identification:_identify(src/gz_ros2_control) by extension 'ros'
[0.277s] Level 1:colcon.colcon_core.package_identification:_identify(src/gz_ros2_control) by extensions ['cmake', 'python']
[0.277s] Level 1:colcon.colcon_core.package_identification:_identify(src/gz_ros2_control) by extension 'cmake'
[0.277s] Level 1:colcon.colcon_core.package_identification:_identify(src/gz_ros2_control) by extension 'python'
[0.277s] Level 1:colcon.colcon_core.package_identification:_identify(src/gz_ros2_control) by extensions ['python_setup_py']
[0.277s] Level 1:colcon.colcon_core.package_identification:_identify(src/gz_ros2_control) by extension 'python_setup_py'
[0.278s] Level 1:colcon.colcon_core.package_identification:_identify(src/gz_ros2_control/Dockerfile) by extensions ['ignore', 'ignore_ament_install']
[0.278s] Level 1:colcon.colcon_core.package_identification:_identify(src/gz_ros2_control/Dockerfile) by extension 'ignore'
[0.278s] Level 1:colcon.colcon_core.package_identification:_identify(src/gz_ros2_control/Dockerfile) by extension 'ignore_ament_install'
[0.278s] Level 1:colcon.colcon_core.package_identification:_identify(src/gz_ros2_control/Dockerfile) by extensions ['colcon_pkg']
[0.278s] Level 1:colcon.colcon_core.package_identification:_identify(src/gz_ros2_control/Dockerfile) by extension 'colcon_pkg'
[0.278s] Level 1:colcon.colcon_core.package_identification:_identify(src/gz_ros2_control/Dockerfile) by extensions ['colcon_meta']
[0.278s] Level 1:colcon.colcon_core.package_identification:_identify(src/gz_ros2_control/Dockerfile) by extension 'colcon_meta'
[0.278s] Level 1:colcon.colcon_core.package_identification:_identify(src/gz_ros2_control/Dockerfile) by extensions ['ros']
[0.278s] Level 1:colcon.colcon_core.package_identification:_identify(src/gz_ros2_control/Dockerfile) by extension 'ros'
[0.278s] Level 1:colcon.colcon_core.package_identification:_identify(src/gz_ros2_control/Dockerfile) by extensions ['cmake', 'python']
[0.278s] Level 1:colcon.colcon_core.package_identification:_identify(src/gz_ros2_control/Dockerfile) by extension 'cmake'
[0.278s] Level 1:colcon.colcon_core.package_identification:_identify(src/gz_ros2_control/Dockerfile) by extension 'python'
[0.278s] Level 1:colcon.colcon_core.package_identification:_identify(src/gz_ros2_control/Dockerfile) by extensions ['python_setup_py']
[0.278s] Level 1:colcon.colcon_core.package_identification:_identify(src/gz_ros2_control/Dockerfile) by extension 'python_setup_py'
[0.278s] Level 1:colcon.colcon_core.package_identification:_identify(src/gz_ros2_control/doc) by extensions ['ignore', 'ignore_ament_install']
[0.278s] Level 1:colcon.colcon_core.package_identification:_identify(src/gz_ros2_control/doc) by extension 'ignore'
[0.278s] Level 1:colcon.colcon_core.package_identification:_identify(src/gz_ros2_control/doc) by extension 'ignore_ament_install'
[0.278s] Level 1:colcon.colcon_core.package_identification:_identify(src/gz_ros2_control/doc) by extensions ['colcon_pkg']
[0.278s] Level 1:colcon.colcon_core.package_identification:_identify(src/gz_ros2_control/doc) by extension 'colcon_pkg'
[0.278s] Level 1:colcon.colcon_core.package_identification:_identify(src/gz_ros2_control/doc) by extensions ['colcon_meta']
[0.278s] Level 1:colcon.colcon_core.package_identification:_identify(src/gz_ros2_control/doc) by extension 'colcon_meta'
[0.278s] Level 1:colcon.colcon_core.package_identification:_identify(src/gz_ros2_control/doc) by extensions ['ros']
[0.278s] Level 1:colcon.colcon_core.package_identification:_identify(src/gz_ros2_control/doc) by extension 'ros'
[0.278s] Level 1:colcon.colcon_core.package_identification:_identify(src/gz_ros2_control/doc) by extensions ['cmake', 'python']
[0.279s] Level 1:colcon.colcon_core.package_identification:_identify(src/gz_ros2_control/doc) by extension 'cmake'
[0.279s] Level 1:colcon.colcon_core.package_identification:_identify(src/gz_ros2_control/doc) by extension 'python'
[0.279s] Level 1:colcon.colcon_core.package_identification:_identify(src/gz_ros2_control/doc) by extensions ['python_setup_py']
[0.279s] Level 1:colcon.colcon_core.package_identification:_identify(src/gz_ros2_control/doc) by extension 'python_setup_py'
[0.279s] Level 1:colcon.colcon_core.package_identification:_identify(src/gz_ros2_control/doc/img) by extensions ['ignore', 'ignore_ament_install']
[0.279s] Level 1:colcon.colcon_core.package_identification:_identify(src/gz_ros2_control/doc/img) by extension 'ignore'
[0.279s] Level 1:colcon.colcon_core.package_identification:_identify(src/gz_ros2_control/doc/img) by extension 'ignore_ament_install'
[0.279s] Level 1:colcon.colcon_core.package_identification:_identify(src/gz_ros2_control/doc/img) by extensions ['colcon_pkg']
[0.279s] Level 1:colcon.colcon_core.package_identification:_identify(src/gz_ros2_control/doc/img) by extension 'colcon_pkg'
[0.279s] Level 1:colcon.colcon_core.package_identification:_identify(src/gz_ros2_control/doc/img) by extensions ['colcon_meta']
[0.279s] Level 1:colcon.colcon_core.package_identification:_identify(src/gz_ros2_control/doc/img) by extension 'colcon_meta'
[0.279s] Level 1:colcon.colcon_core.package_identification:_identify(src/gz_ros2_control/doc/img) by extensions ['ros']
[0.279s] Level 1:colcon.colcon_core.package_identification:_identify(src/gz_ros2_control/doc/img) by extension 'ros'
[0.279s] Level 1:colcon.colcon_core.package_identification:_identify(src/gz_ros2_control/doc/img) by extensions ['cmake', 'python']
[0.279s] Level 1:colcon.colcon_core.package_identification:_identify(src/gz_ros2_control/doc/img) by extension 'cmake'
[0.279s] Level 1:colcon.colcon_core.package_identification:_identify(src/gz_ros2_control/doc/img) by extension 'python'
[0.279s] Level 1:colcon.colcon_core.package_identification:_identify(src/gz_ros2_control/doc/img) by extensions ['python_setup_py']
[0.279s] Level 1:colcon.colcon_core.package_identification:_identify(src/gz_ros2_control/doc/img) by extension 'python_setup_py'
[0.279s] Level 1:colcon.colcon_core.package_identification:_identify(src/gz_ros2_control/gz_ros2_control) by extensions ['ignore', 'ignore_ament_install']
[0.279s] Level 1:colcon.colcon_core.package_identification:_identify(src/gz_ros2_control/gz_ros2_control) by extension 'ignore'
[0.279s] Level 1:colcon.colcon_core.package_identification:_identify(src/gz_ros2_control/gz_ros2_control) by extension 'ignore_ament_install'
[0.279s] Level 1:colcon.colcon_core.package_identification:_identify(src/gz_ros2_control/gz_ros2_control) by extensions ['colcon_pkg']
[0.279s] Level 1:colcon.colcon_core.package_identification:_identify(src/gz_ros2_control/gz_ros2_control) by extension 'colcon_pkg'
[0.279s] Level 1:colcon.colcon_core.package_identification:_identify(src/gz_ros2_control/gz_ros2_control) by extensions ['colcon_meta']
[0.279s] Level 1:colcon.colcon_core.package_identification:_identify(src/gz_ros2_control/gz_ros2_control) by extension 'colcon_meta'
[0.280s] Level 1:colcon.colcon_core.package_identification:_identify(src/gz_ros2_control/gz_ros2_control) by extensions ['ros']
[0.280s] Level 1:colcon.colcon_core.package_identification:_identify(src/gz_ros2_control/gz_ros2_control) by extension 'ros'
[0.284s] DEBUG:colcon.colcon_core.package_identification:Package 'src/gz_ros2_control/gz_ros2_control' with type 'ros.ament_cmake' and name 'gz_ros2_control'
[0.284s] Level 1:colcon.colcon_core.package_identification:_identify(src/gz_ros2_control/gz_ros2_control_demos) by extensions ['ignore', 'ignore_ament_install']
[0.284s] Level 1:colcon.colcon_core.package_identification:_identify(src/gz_ros2_control/gz_ros2_control_demos) by extension 'ignore'
[0.284s] Level 1:colcon.colcon_core.package_identification:_identify(src/gz_ros2_control/gz_ros2_control_demos) by extension 'ignore_ament_install'
[0.284s] Level 1:colcon.colcon_core.package_identification:_identify(src/gz_ros2_control/gz_ros2_control_demos) by extensions ['colcon_pkg']
[0.284s] Level 1:colcon.colcon_core.package_identification:_identify(src/gz_ros2_control/gz_ros2_control_demos) by extension 'colcon_pkg'
[0.284s] Level 1:colcon.colcon_core.package_identification:_identify(src/gz_ros2_control/gz_ros2_control_demos) by extensions ['colcon_meta']
[0.284s] Level 1:colcon.colcon_core.package_identification:_identify(src/gz_ros2_control/gz_ros2_control_demos) by extension 'colcon_meta'
[0.284s] Level 1:colcon.colcon_core.package_identification:_identify(src/gz_ros2_control/gz_ros2_control_demos) by extensions ['ros']
[0.284s] Level 1:colcon.colcon_core.package_identification:_identify(src/gz_ros2_control/gz_ros2_control_demos) by extension 'ros'
[0.285s] DEBUG:colcon.colcon_core.package_identification:Package 'src/gz_ros2_control/gz_ros2_control_demos' with type 'ros.ament_cmake' and name 'gz_ros2_control_demos'
[0.285s] Level 1:colcon.colcon_core.package_identification:_identify(src/gz_ros2_control/gz_ros2_control_tests) by extensions ['ignore', 'ignore_ament_install']
[0.285s] Level 1:colcon.colcon_core.package_identification:_identify(src/gz_ros2_control/gz_ros2_control_tests) by extension 'ignore'
[0.285s] Level 1:colcon.colcon_core.package_identification:_identify(src/gz_ros2_control/gz_ros2_control_tests) by extension 'ignore_ament_install'
[0.286s] Level 1:colcon.colcon_core.package_identification:_identify(src/gz_ros2_control/gz_ros2_control_tests) by extensions ['colcon_pkg']
[0.286s] Level 1:colcon.colcon_core.package_identification:_identify(src/gz_ros2_control/gz_ros2_control_tests) by extension 'colcon_pkg'
[0.286s] Level 1:colcon.colcon_core.package_identification:_identify(src/gz_ros2_control/gz_ros2_control_tests) by extensions ['colcon_meta']
[0.286s] Level 1:colcon.colcon_core.package_identification:_identify(src/gz_ros2_control/gz_ros2_control_tests) by extension 'colcon_meta'
[0.286s] Level 1:colcon.colcon_core.package_identification:_identify(src/gz_ros2_control/gz_ros2_control_tests) by extensions ['ros']
[0.286s] Level 1:colcon.colcon_core.package_identification:_identify(src/gz_ros2_control/gz_ros2_control_tests) by extension 'ros'
[0.286s] DEBUG:colcon.colcon_core.package_identification:Package 'src/gz_ros2_control/gz_ros2_control_tests' with type 'ros.ament_cmake' and name 'gz_ros2_control_tests'
[0.286s] Level 1:colcon.colcon_core.package_identification:_identify(src/gz_ros2_control/ign_ros2_control) by extensions ['ignore', 'ignore_ament_install']
[0.286s] Level 1:colcon.colcon_core.package_identification:_identify(src/gz_ros2_control/ign_ros2_control) by extension 'ignore'
[0.286s] Level 1:colcon.colcon_core.package_identification:_identify(src/gz_ros2_control/ign_ros2_control) by extension 'ignore_ament_install'
[0.286s] Level 1:colcon.colcon_core.package_identification:_identify(src/gz_ros2_control/ign_ros2_control) by extensions ['colcon_pkg']
[0.286s] Level 1:colcon.colcon_core.package_identification:_identify(src/gz_ros2_control/ign_ros2_control) by extension 'colcon_pkg'
[0.287s] Level 1:colcon.colcon_core.package_identification:_identify(src/gz_ros2_control/ign_ros2_control) by extensions ['colcon_meta']
[0.287s] Level 1:colcon.colcon_core.package_identification:_identify(src/gz_ros2_control/ign_ros2_control) by extension 'colcon_meta'
[0.287s] Level 1:colcon.colcon_core.package_identification:_identify(src/gz_ros2_control/ign_ros2_control) by extensions ['ros']
[0.287s] Level 1:colcon.colcon_core.package_identification:_identify(src/gz_ros2_control/ign_ros2_control) by extension 'ros'
[0.287s] DEBUG:colcon.colcon_core.package_identification:Package 'src/gz_ros2_control/ign_ros2_control' with type 'ros.ament_cmake' and name 'ign_ros2_control'
[0.287s] Level 1:colcon.colcon_core.package_identification:_identify(src/gz_ros2_control/ign_ros2_control_demos) by extensions ['ignore', 'ignore_ament_install']
[0.287s] Level 1:colcon.colcon_core.package_identification:_identify(src/gz_ros2_control/ign_ros2_control_demos) by extension 'ignore'
[0.287s] Level 1:colcon.colcon_core.package_identification:_identify(src/gz_ros2_control/ign_ros2_control_demos) by extension 'ignore_ament_install'
[0.287s] Level 1:colcon.colcon_core.package_identification:_identify(src/gz_ros2_control/ign_ros2_control_demos) by extensions ['colcon_pkg']
[0.287s] Level 1:colcon.colcon_core.package_identification:_identify(src/gz_ros2_control/ign_ros2_control_demos) by extension 'colcon_pkg'
[0.287s] Level 1:colcon.colcon_core.package_identification:_identify(src/gz_ros2_control/ign_ros2_control_demos) by extensions ['colcon_meta']
[0.287s] Level 1:colcon.colcon_core.package_identification:_identify(src/gz_ros2_control/ign_ros2_control_demos) by extension 'colcon_meta'
[0.287s] Level 1:colcon.colcon_core.package_identification:_identify(src/gz_ros2_control/ign_ros2_control_demos) by extensions ['ros']
[0.287s] Level 1:colcon.colcon_core.package_identification:_identify(src/gz_ros2_control/ign_ros2_control_demos) by extension 'ros'
[0.288s] DEBUG:colcon.colcon_core.package_identification:Package 'src/gz_ros2_control/ign_ros2_control_demos' with type 'ros.ament_cmake' and name 'ign_ros2_control_demos'
[0.288s] Level 1:colcon.colcon_core.package_identification:_identify(src/my_robot_controller) by extensions ['ignore', 'ignore_ament_install']
[0.288s] Level 1:colcon.colcon_core.package_identification:_identify(src/my_robot_controller) by extension 'ignore'
[0.288s] Level 1:colcon.colcon_core.package_identification:_identify(src/my_robot_controller) by extension 'ignore_ament_install'
[0.288s] Level 1:colcon.colcon_core.package_identification:_identify(src/my_robot_controller) by extensions ['colcon_pkg']
[0.288s] Level 1:colcon.colcon_core.package_identification:_identify(src/my_robot_controller) by extension 'colcon_pkg'
[0.288s] Level 1:colcon.colcon_core.package_identification:_identify(src/my_robot_controller) by extensions ['colcon_meta']
[0.288s] Level 1:colcon.colcon_core.package_identification:_identify(src/my_robot_controller) by extension 'colcon_meta'
[0.288s] Level 1:colcon.colcon_core.package_identification:_identify(src/my_robot_controller) by extensions ['ros']
[0.288s] Level 1:colcon.colcon_core.package_identification:_identify(src/my_robot_controller) by extension 'ros'
[0.289s] DEBUG:colcon.colcon_core.package_identification:Package 'src/my_robot_controller' with type 'ros.ament_python' and name 'my_robot_controller'
[0.289s] Level 1:colcon.colcon_core.package_discovery:discover_packages(recursive) using defaults
[0.289s] Level 1:colcon.colcon_core.package_discovery:discover_packages(ignore) discover
[0.289s] Level 1:colcon.colcon_core.package_discovery:discover_packages(ignore) using defaults
[0.289s] Level 1:colcon.colcon_core.package_discovery:discover_packages(path) discover
[0.289s] Level 1:colcon.colcon_core.package_discovery:discover_packages(path) using defaults
[0.308s] Level 1:colcon.colcon_core.package_discovery:discover_packages(prefix_path) check parameters
[0.308s] Level 1:colcon.colcon_core.package_discovery:discover_packages(prefix_path) discover
[0.308s] WARNING:colcon.colcon_core.prefix_path.colcon:The path '/home/unknown/bumperbot_ws/install' in the environment variable COLCON_PREFIX_PATH doesn't exist
[0.308s] WARNING:colcon.colcon_core.prefix_path.colcon:The path '/home/unknown/ros2_ws/install' in the environment variable COLCON_PREFIX_PATH doesn't exist
[0.308s] WARNING:colcon.colcon_ros.prefix_path.ament:The path '/home/unknown/ROS2_Workspaces/bumperbot_ws/install/my_robot_controller' in the environment variable AMENT_PREFIX_PATH doesn't exist
[0.308s] WARNING:colcon.colcon_ros.prefix_path.ament:The path '/home/unknown/ROS2_Workspaces/bumperbot_ws/install/ign_ros2_control_demos' in the environment variable AMENT_PREFIX_PATH doesn't exist
[0.309s] WARNING:colcon.colcon_ros.prefix_path.ament:The path '/home/unknown/ROS2_Workspaces/bumperbot_ws/install/bumper_bot' in the environment variable AMENT_PREFIX_PATH doesn't exist
[0.309s] WARNING:colcon.colcon_ros.prefix_path.ament:The path '/home/unknown/ROS2_Workspaces/bumperbot_ws/install/ign_ros2_control' in the environment variable AMENT_PREFIX_PATH doesn't exist
[0.309s] WARNING:colcon.colcon_ros.prefix_path.ament:The path '/home/unknown/ROS2_Workspaces/bumperbot_ws/install/gz_ros2_control_tests' in the environment variable AMENT_PREFIX_PATH doesn't exist
[0.309s] WARNING:colcon.colcon_ros.prefix_path.ament:The path '/home/unknown/ROS2_Workspaces/bumperbot_ws/install/gz_ros2_control_demos' in the environment variable AMENT_PREFIX_PATH doesn't exist
[0.309s] WARNING:colcon.colcon_ros.prefix_path.ament:The path '/home/unknown/ROS2_Workspaces/bumperbot_ws/install/gz_ros2_control' in the environment variable AMENT_PREFIX_PATH doesn't exist
[0.309s] WARNING:colcon.colcon_ros.prefix_path.ament:The path '/home/unknown/ROS2_Workspaces/bumperbot_ws/install/cpp_folder' in the environment variable AMENT_PREFIX_PATH doesn't exist
[0.309s] WARNING:colcon.colcon_ros.prefix_path.ament:The path '/home/unknown/ROS2_Workspaces/bumperbot_ws/install/bumperbot_utils' in the environment variable AMENT_PREFIX_PATH doesn't exist
[0.309s] WARNING:colcon.colcon_ros.prefix_path.ament:The path '/home/unknown/ROS2_Workspaces/bumperbot_ws/install/bumper_bot_py' in the environment variable AMENT_PREFIX_PATH doesn't exist
[0.309s] WARNING:colcon.colcon_ros.prefix_path.ament:The path '/home/unknown/ROS2_Workspaces/bumperbot_ws/install/bumperbot_msgs' in the environment variable AMENT_PREFIX_PATH doesn't exist
[0.309s] WARNING:colcon.colcon_ros.prefix_path.ament:The path '/home/unknown/ROS2_Workspaces/bumperbot_ws/install/bumperbot_localisation' in the environment variable AMENT_PREFIX_PATH doesn't exist
[0.309s] WARNING:colcon.colcon_ros.prefix_path.ament:The path '/home/unknown/ROS2_Workspaces/bumperbot_ws/install/bumperbot_firmware' in the environment variable AMENT_PREFIX_PATH doesn't exist
[0.309s] WARNING:colcon.colcon_ros.prefix_path.ament:The path '/home/unknown/ROS2_Workspaces/bumperbot_ws/install/bumperbot_controller' in the environment variable AMENT_PREFIX_PATH doesn't exist
[0.309s] WARNING:colcon.colcon_ros.prefix_path.ament:The path '/home/unknown/bumperbot_ws/install/my_robot_controller' in the environment variable AMENT_PREFIX_PATH doesn't exist
[0.309s] WARNING:colcon.colcon_ros.prefix_path.ament:The path '/home/unknown/bumperbot_ws/install/ign_ros2_control_demos' in the environment variable AMENT_PREFIX_PATH doesn't exist
[0.309s] WARNING:colcon.colcon_ros.prefix_path.ament:The path '/home/unknown/bumperbot_ws/install/bumper_bot' in the environment variable AMENT_PREFIX_PATH doesn't exist
[0.309s] WARNING:colcon.colcon_ros.prefix_path.ament:The path '/home/unknown/bumperbot_ws/install/ign_ros2_control' in the environment variable AMENT_PREFIX_PATH doesn't exist
[0.309s] WARNING:colcon.colcon_ros.prefix_path.ament:The path '/home/unknown/bumperbot_ws/install/gz_ros2_control_tests' in the environment variable AMENT_PREFIX_PATH doesn't exist
[0.309s] WARNING:colcon.colcon_ros.prefix_path.ament:The path '/home/unknown/bumperbot_ws/install/gz_ros2_control_demos' in the environment variable AMENT_PREFIX_PATH doesn't exist
[0.309s] WARNING:colcon.colcon_ros.prefix_path.ament:The path '/home/unknown/bumperbot_ws/install/gz_ros2_control' in the environment variable AMENT_PREFIX_PATH doesn't exist
[0.309s] WARNING:colcon.colcon_ros.prefix_path.ament:The path '/home/unknown/bumperbot_ws/install/cpp_folder' in the environment variable AMENT_PREFIX_PATH doesn't exist
[0.309s] WARNING:colcon.colcon_ros.prefix_path.ament:The path '/home/unknown/bumperbot_ws/install/bumperbot_utils' in the environment variable AMENT_PREFIX_PATH doesn't exist
[0.309s] WARNING:colcon.colcon_ros.prefix_path.ament:The path '/home/unknown/bumperbot_ws/install/bumper_bot_py' in the environment variable AMENT_PREFIX_PATH doesn't exist
[0.309s] WARNING:colcon.colcon_ros.prefix_path.ament:The path '/home/unknown/bumperbot_ws/install/bumperbot_msgs' in the environment variable AMENT_PREFIX_PATH doesn't exist
[0.309s] WARNING:colcon.colcon_ros.prefix_path.ament:The path '/home/unknown/bumperbot_ws/install/bumperbot_localisation' in the environment variable AMENT_PREFIX_PATH doesn't exist
[0.309s] WARNING:colcon.colcon_ros.prefix_path.ament:The path '/home/unknown/bumperbot_ws/install/bumperbot_firmware' in the environment variable AMENT_PREFIX_PATH doesn't exist
[0.309s] WARNING:colcon.colcon_ros.prefix_path.ament:The path '/home/unknown/bumperbot_ws/install/bumperbot_controller' in the environment variable AMENT_PREFIX_PATH doesn't exist
[0.309s] WARNING:colcon.colcon_ros.prefix_path.ament:The path '/home/unknown/ros2_ws/install/rc_plane' in the environment variable AMENT_PREFIX_PATH doesn't exist
[0.309s] WARNING:colcon.colcon_ros.prefix_path.ament:The path '/home/unknown/ros2_ws/install/my_robot_controller' in the environment variable AMENT_PREFIX_PATH doesn't exist
[0.309s] WARNING:colcon.colcon_ros.prefix_path.ament:The path '/home/unknown/ros2_ws/install/ign_ros2_control_demos' in the environment variable AMENT_PREFIX_PATH doesn't exist
[0.309s] WARNING:colcon.colcon_ros.prefix_path.ament:The path '/home/unknown/ros2_ws/install/bumper_bot' in the environment variable AMENT_PREFIX_PATH doesn't exist
[0.309s] WARNING:colcon.colcon_ros.prefix_path.ament:The path '/home/unknown/ros2_ws/install/ign_ros2_control' in the environment variable AMENT_PREFIX_PATH doesn't exist
[0.309s] WARNING:colcon.colcon_ros.prefix_path.ament:The path '/home/unknown/ros2_ws/install/gz_ros2_control_tests' in the environment variable AMENT_PREFIX_PATH doesn't exist
[0.309s] WARNING:colcon.colcon_ros.prefix_path.ament:The path '/home/unknown/ros2_ws/install/gz_ros2_control_demos' in the environment variable AMENT_PREFIX_PATH doesn't exist
[0.309s] WARNING:colcon.colcon_ros.prefix_path.ament:The path '/home/unknown/ros2_ws/install/gz_ros2_control' in the environment variable AMENT_PREFIX_PATH doesn't exist
[0.310s] WARNING:colcon.colcon_ros.prefix_path.ament:The path '/home/unknown/ros2_ws/install/cpp_folder' in the environment variable AMENT_PREFIX_PATH doesn't exist
[0.310s] WARNING:colcon.colcon_ros.prefix_path.ament:The path '/home/unknown/ros2_ws/install/bumperbot_utils' in the environment variable AMENT_PREFIX_PATH doesn't exist
[0.310s] WARNING:colcon.colcon_ros.prefix_path.ament:The path '/home/unknown/ros2_ws/install/bumper_bot_py' in the environment variable AMENT_PREFIX_PATH doesn't exist
[0.310s] WARNING:colcon.colcon_ros.prefix_path.ament:The path '/home/unknown/ros2_ws/install/bumperbot_msgs' in the environment variable AMENT_PREFIX_PATH doesn't exist
[0.310s] WARNING:colcon.colcon_ros.prefix_path.ament:The path '/home/unknown/ros2_ws/install/bumperbot_localisation' in the environment variable AMENT_PREFIX_PATH doesn't exist
[0.310s] WARNING:colcon.colcon_ros.prefix_path.ament:The path '/home/unknown/ros2_ws/install/bumperbot_firmware' in the environment variable AMENT_PREFIX_PATH doesn't exist
[0.310s] WARNING:colcon.colcon_ros.prefix_path.ament:The path '/home/unknown/ros2_ws/install/bumperbot_controller' in the environment variable AMENT_PREFIX_PATH doesn't exist
[0.310s] WARNING:colcon.colcon_ros.prefix_path.catkin:The path '/home/unknown/ROS2_Workspaces/bumperbot_ws/install/ign_ros2_control_demos' in the environment variable CMAKE_PREFIX_PATH doesn't exist
[0.310s] WARNING:colcon.colcon_ros.prefix_path.catkin:The path '/home/unknown/ROS2_Workspaces/bumperbot_ws/install/bumper_bot' in the environment variable CMAKE_PREFIX_PATH doesn't exist
[0.310s] WARNING:colcon.colcon_ros.prefix_path.catkin:The path '/home/unknown/ROS2_Workspaces/bumperbot_ws/install/ign_ros2_control' in the environment variable CMAKE_PREFIX_PATH doesn't exist
[0.310s] WARNING:colcon.colcon_ros.prefix_path.catkin:The path '/home/unknown/ROS2_Workspaces/bumperbot_ws/install/gz_ros2_control_tests' in the environment variable CMAKE_PREFIX_PATH doesn't exist
[0.310s] WARNING:colcon.colcon_ros.prefix_path.catkin:The path '/home/unknown/ROS2_Workspaces/bumperbot_ws/install/gz_ros2_control_demos' in the environment variable CMAKE_PREFIX_PATH doesn't exist
[0.310s] WARNING:colcon.colcon_ros.prefix_path.catkin:The path '/home/unknown/ROS2_Workspaces/bumperbot_ws/install/gz_ros2_control' in the environment variable CMAKE_PREFIX_PATH doesn't exist
[0.310s] WARNING:colcon.colcon_ros.prefix_path.catkin:The path '/home/unknown/ROS2_Workspaces/bumperbot_ws/install/cpp_folder' in the environment variable CMAKE_PREFIX_PATH doesn't exist
[0.310s] WARNING:colcon.colcon_ros.prefix_path.catkin:The path '/home/unknown/ROS2_Workspaces/bumperbot_ws/install/bumperbot_utils' in the environment variable CMAKE_PREFIX_PATH doesn't exist
[0.310s] WARNING:colcon.colcon_ros.prefix_path.catkin:The path '/home/unknown/ROS2_Workspaces/bumperbot_ws/install/bumperbot_msgs' in the environment variable CMAKE_PREFIX_PATH doesn't exist
[0.310s] WARNING:colcon.colcon_ros.prefix_path.catkin:The path '/home/unknown/ROS2_Workspaces/bumperbot_ws/install/bumperbot_localisation' in the environment variable CMAKE_PREFIX_PATH doesn't exist
[0.310s] WARNING:colcon.colcon_ros.prefix_path.catkin:The path '/home/unknown/ROS2_Workspaces/bumperbot_ws/install/bumperbot_firmware' in the environment variable CMAKE_PREFIX_PATH doesn't exist
[0.310s] WARNING:colcon.colcon_ros.prefix_path.catkin:The path '/home/unknown/ROS2_Workspaces/bumperbot_ws/install/bumperbot_controller' in the environment variable CMAKE_PREFIX_PATH doesn't exist
[0.310s] WARNING:colcon.colcon_ros.prefix_path.catkin:The path '/home/unknown/bumperbot_ws/install/ign_ros2_control_demos' in the environment variable CMAKE_PREFIX_PATH doesn't exist
[0.310s] WARNING:colcon.colcon_ros.prefix_path.catkin:The path '/home/unknown/bumperbot_ws/install/bumper_bot' in the environment variable CMAKE_PREFIX_PATH doesn't exist
[0.310s] WARNING:colcon.colcon_ros.prefix_path.catkin:The path '/home/unknown/bumperbot_ws/install/ign_ros2_control' in the environment variable CMAKE_PREFIX_PATH doesn't exist
[0.310s] WARNING:colcon.colcon_ros.prefix_path.catkin:The path '/home/unknown/bumperbot_ws/install/gz_ros2_control_tests' in the environment variable CMAKE_PREFIX_PATH doesn't exist
[0.310s] WARNING:colcon.colcon_ros.prefix_path.catkin:The path '/home/unknown/bumperbot_ws/install/gz_ros2_control_demos' in the environment variable CMAKE_PREFIX_PATH doesn't exist
[0.310s] WARNING:colcon.colcon_ros.prefix_path.catkin:The path '/home/unknown/bumperbot_ws/install/gz_ros2_control' in the environment variable CMAKE_PREFIX_PATH doesn't exist
[0.310s] WARNING:colcon.colcon_ros.prefix_path.catkin:The path '/home/unknown/bumperbot_ws/install/cpp_folder' in the environment variable CMAKE_PREFIX_PATH doesn't exist
[0.310s] WARNING:colcon.colcon_ros.prefix_path.catkin:The path '/home/unknown/bumperbot_ws/install/bumperbot_utils' in the environment variable CMAKE_PREFIX_PATH doesn't exist
[0.310s] WARNING:colcon.colcon_ros.prefix_path.catkin:The path '/home/unknown/bumperbot_ws/install/bumperbot_msgs' in the environment variable CMAKE_PREFIX_PATH doesn't exist
[0.310s] WARNING:colcon.colcon_ros.prefix_path.catkin:The path '/home/unknown/bumperbot_ws/install/bumperbot_localisation' in the environment variable CMAKE_PREFIX_PATH doesn't exist
[0.310s] WARNING:colcon.colcon_ros.prefix_path.catkin:The path '/home/unknown/bumperbot_ws/install/bumperbot_firmware' in the environment variable CMAKE_PREFIX_PATH doesn't exist
[0.310s] WARNING:colcon.colcon_ros.prefix_path.catkin:The path '/home/unknown/bumperbot_ws/install/bumperbot_controller' in the environment variable CMAKE_PREFIX_PATH doesn't exist
[0.310s] WARNING:colcon.colcon_ros.prefix_path.catkin:The path '/home/unknown/ros2_ws/install/rc_plane' in the environment variable CMAKE_PREFIX_PATH doesn't exist
[0.310s] WARNING:colcon.colcon_ros.prefix_path.catkin:The path '/home/unknown/ros2_ws/install/ign_ros2_control_demos' in the environment variable CMAKE_PREFIX_PATH doesn't exist
[0.310s] WARNING:colcon.colcon_ros.prefix_path.catkin:The path '/home/unknown/ros2_ws/install/bumper_bot' in the environment variable CMAKE_PREFIX_PATH doesn't exist
[0.310s] WARNING:colcon.colcon_ros.prefix_path.catkin:The path '/home/unknown/ros2_ws/install/ign_ros2_control' in the environment variable CMAKE_PREFIX_PATH doesn't exist
[0.311s] WARNING:colcon.colcon_ros.prefix_path.catkin:The path '/home/unknown/ros2_ws/install/gz_ros2_control_tests' in the environment variable CMAKE_PREFIX_PATH doesn't exist
[0.311s] WARNING:colcon.colcon_ros.prefix_path.catkin:The path '/home/unknown/ros2_ws/install/gz_ros2_control_demos' in the environment variable CMAKE_PREFIX_PATH doesn't exist
[0.311s] WARNING:colcon.colcon_ros.prefix_path.catkin:The path '/home/unknown/ros2_ws/install/gz_ros2_control' in the environment variable CMAKE_PREFIX_PATH doesn't exist
[0.311s] WARNING:colcon.colcon_ros.prefix_path.catkin:The path '/home/unknown/ros2_ws/install/cpp_folder' in the environment variable CMAKE_PREFIX_PATH doesn't exist
[0.311s] WARNING:colcon.colcon_ros.prefix_path.catkin:The path '/home/unknown/ros2_ws/install/bumperbot_utils' in the environment variable CMAKE_PREFIX_PATH doesn't exist
[0.311s] WARNING:colcon.colcon_ros.prefix_path.catkin:The path '/home/unknown/ros2_ws/install/bumperbot_msgs' in the environment variable CMAKE_PREFIX_PATH doesn't exist
[0.311s] WARNING:colcon.colcon_ros.prefix_path.catkin:The path '/home/unknown/ros2_ws/install/bumperbot_localisation' in the environment variable CMAKE_PREFIX_PATH doesn't exist
[0.311s] WARNING:colcon.colcon_ros.prefix_path.catkin:The path '/home/unknown/ros2_ws/install/bumperbot_firmware' in the environment variable CMAKE_PREFIX_PATH doesn't exist
[0.311s] WARNING:colcon.colcon_ros.prefix_path.catkin:The path '/home/unknown/ros2_ws/install/bumperbot_controller' in the environment variable CMAKE_PREFIX_PATH doesn't exist
[0.311s] DEBUG:colcon.colcon_installed_package_information.package_discovery:Found 0 installed packages in /home/unknown/ROS2_Workspaces/bumperbot_ws/install
[0.312s] DEBUG:colcon.colcon_installed_package_information.package_discovery:Found 334 installed packages in /opt/ros/humble
[0.314s] Level 1:colcon.colcon_core.package_discovery:discover_packages(prefix_path) using defaults
[0.350s] Level 5:colcon.colcon_core.verb:set package 'bumperbot_controller' build argument 'cmake_args' from command line to 'None'
[0.351s] Level 5:colcon.colcon_core.verb:set package 'bumperbot_controller' build argument 'cmake_target' from command line to 'None'
[0.351s] Level 5:colcon.colcon_core.verb:set package 'bumperbot_controller' build argument 'cmake_target_skip_unavailable' from command line to 'False'
[0.351s] Level 5:colcon.colcon_core.verb:set package 'bumperbot_controller' build argument 'cmake_clean_cache' from command line to 'False'
[0.351s] Level 5:colcon.colcon_core.verb:set package 'bumperbot_controller' build argument 'cmake_clean_first' from command line to 'False'
[0.351s] Level 5:colcon.colcon_core.verb:set package 'bumperbot_controller' build argument 'cmake_force_configure' from command line to 'False'
[0.351s] Level 5:colcon.colcon_core.verb:set package 'bumperbot_controller' build argument 'ament_cmake_args' from command line to 'None'
[0.351s] Level 5:colcon.colcon_core.verb:set package 'bumperbot_controller' build argument 'catkin_cmake_args' from command line to 'None'
[0.351s] Level 5:colcon.colcon_core.verb:set package 'bumperbot_controller' build argument 'catkin_skip_building_tests' from command line to 'False'
[0.351s] DEBUG:colcon.colcon_core.verb:Building package 'bumperbot_controller' with the following arguments: {'ament_cmake_args': None, 'build_base': '/home/unknown/ROS2_Workspaces/bumperbot_ws/build/bumperbot_controller', 'catkin_cmake_args': None, 'catkin_skip_building_tests': False, 'cmake_args': None, 'cmake_clean_cache': False, 'cmake_clean_first': False, 'cmake_force_configure': False, 'cmake_target': None, 'cmake_target_skip_unavailable': False, 'install_base': '/home/unknown/ROS2_Workspaces/bumperbot_ws/install/bumperbot_controller', 'merge_install': False, 'path': '/home/unknown/ROS2_Workspaces/bumperbot_ws/src/bumperbot_controller', 'symlink_install': False, 'test_result_base': None}
[0.351s] Level 5:colcon.colcon_core.verb:set package 'bumperbot_firmware' build argument 'cmake_args' from command line to 'None'
[0.351s] Level 5:colcon.colcon_core.verb:set package 'bumperbot_firmware' build argument 'cmake_target' from command line to 'None'
[0.351s] Level 5:colcon.colcon_core.verb:set package 'bumperbot_firmware' build argument 'cmake_target_skip_unavailable' from command line to 'False'
[0.351s] Level 5:colcon.colcon_core.verb:set package 'bumperbot_firmware' build argument 'cmake_clean_cache' from command line to 'False'
[0.351s] Level 5:colcon.colcon_core.verb:set package 'bumperbot_firmware' build argument 'cmake_clean_first' from command line to 'False'
[0.351s] Level 5:colcon.colcon_core.verb:set package 'bumperbot_firmware' build argument 'cmake_force_configure' from command line to 'False'
[0.351s] Level 5:colcon.colcon_core.verb:set package 'bumperbot_firmware' build argument 'ament_cmake_args' from command line to 'None'
[0.351s] Level 5:colcon.colcon_core.verb:set package 'bumperbot_firmware' build argument 'catkin_cmake_args' from command line to 'None'
[0.351s] Level 5:colcon.colcon_core.verb:set package 'bumperbot_firmware' build argument 'catkin_skip_building_tests' from command line to 'False'
[0.351s] DEBUG:colcon.colcon_core.verb:Building package 'bumperbot_firmware' with the following arguments: {'ament_cmake_args': None, 'build_base': '/home/unknown/ROS2_Workspaces/bumperbot_ws/build/bumperbot_firmware', 'catkin_cmake_args': None, 'catkin_skip_building_tests': False, 'cmake_args': None, 'cmake_clean_cache': False, 'cmake_clean_first': False, 'cmake_force_configure': False, 'cmake_target': None, 'cmake_target_skip_unavailable': False, 'install_base': '/home/unknown/ROS2_Workspaces/bumperbot_ws/install/bumperbot_firmware', 'merge_install': False, 'path': '/home/unknown/ROS2_Workspaces/bumperbot_ws/src/bumperbot_firmware', 'symlink_install': False, 'test_result_base': None}
[0.351s] Level 5:colcon.colcon_core.verb:set package 'bumperbot_localisation' build argument 'cmake_args' from command line to 'None'
[0.352s] Level 5:colcon.colcon_core.verb:set package 'bumperbot_localisation' build argument 'cmake_target' from command line to 'None'
[0.352s] Level 5:colcon.colcon_core.verb:set package 'bumperbot_localisation' build argument 'cmake_target_skip_unavailable' from command line to 'False'
[0.352s] Level 5:colcon.colcon_core.verb:set package 'bumperbot_localisation' build argument 'cmake_clean_cache' from command line to 'False'
[0.352s] Level 5:colcon.colcon_core.verb:set package 'bumperbot_localisation' build argument 'cmake_clean_first' from command line to 'False'
[0.352s] Level 5:colcon.colcon_core.verb:set package 'bumperbot_localisation' build argument 'cmake_force_configure' from command line to 'False'
[0.352s] Level 5:colcon.colcon_core.verb:set package 'bumperbot_localisation' build argument 'ament_cmake_args' from command line to 'None'
[0.352s] Level 5:colcon.colcon_core.verb:set package 'bumperbot_localisation' build argument 'catkin_cmake_args' from command line to 'None'
[0.352s] Level 5:colcon.colcon_core.verb:set package 'bumperbot_localisation' build argument 'catkin_skip_building_tests' from command line to 'False'
[0.352s] DEBUG:colcon.colcon_core.verb:Building package 'bumperbot_localisation' with the following arguments: {'ament_cmake_args': None, 'build_base': '/home/unknown/ROS2_Workspaces/bumperbot_ws/build/bumperbot_localisation', 'catkin_cmake_args': None, 'catkin_skip_building_tests': False, 'cmake_args': None, 'cmake_clean_cache': False, 'cmake_clean_first': False, 'cmake_force_configure': False, 'cmake_target': None, 'cmake_target_skip_unavailable': False, 'install_base': '/home/unknown/ROS2_Workspaces/bumperbot_ws/install/bumperbot_localisation', 'merge_install': False, 'path': '/home/unknown/ROS2_Workspaces/bumperbot_ws/src/bumperbot_localisation', 'symlink_install': False, 'test_result_base': None}
[0.352s] Level 5:colcon.colcon_core.verb:set package 'bumperbot_msgs' build argument 'cmake_args' from command line to 'None'
[0.352s] Level 5:colcon.colcon_core.verb:set package 'bumperbot_msgs' build argument 'cmake_target' from command line to 'None'
[0.352s] Level 5:colcon.colcon_core.verb:set package 'bumperbot_msgs' build argument 'cmake_target_skip_unavailable' from command line to 'False'
[0.352s] Level 5:colcon.colcon_core.verb:set package 'bumperbot_msgs' build argument 'cmake_clean_cache' from command line to 'False'
[0.352s] Level 5:colcon.colcon_core.verb:set package 'bumperbot_msgs' build argument 'cmake_clean_first' from command line to 'False'
[0.352s] Level 5:colcon.colcon_core.verb:set package 'bumperbot_msgs' build argument 'cmake_force_configure' from command line to 'False'
[0.352s] Level 5:colcon.colcon_core.verb:set package 'bumperbot_msgs' build argument 'ament_cmake_args' from command line to 'None'
[0.352s] Level 5:colcon.colcon_core.verb:set package 'bumperbot_msgs' build argument 'catkin_cmake_args' from command line to 'None'
[0.352s] Level 5:colcon.colcon_core.verb:set package 'bumperbot_msgs' build argument 'catkin_skip_building_tests' from command line to 'False'
[0.352s] DEBUG:colcon.colcon_core.verb:Building package 'bumperbot_msgs' with the following arguments: {'ament_cmake_args': None, 'build_base': '/home/unknown/ROS2_Workspaces/bumperbot_ws/build/bumperbot_msgs', 'catkin_cmake_args': None, 'catkin_skip_building_tests': False, 'cmake_args': None, 'cmake_clean_cache': False, 'cmake_clean_first': False, 'cmake_force_configure': False, 'cmake_target': None, 'cmake_target_skip_unavailable': False, 'install_base': '/home/unknown/ROS2_Workspaces/bumperbot_ws/install/bumperbot_msgs', 'merge_install': False, 'path': '/home/unknown/ROS2_Workspaces/bumperbot_ws/src/bumperbot_msgs', 'symlink_install': False, 'test_result_base': None}
[0.352s] Level 5:colcon.colcon_core.verb:set package 'bumperbot_utils' build argument 'cmake_args' from command line to 'None'
[0.352s] Level 5:colcon.colcon_core.verb:set package 'bumperbot_utils' build argument 'cmake_target' from command line to 'None'
[0.352s] Level 5:colcon.colcon_core.verb:set package 'bumperbot_utils' build argument 'cmake_target_skip_unavailable' from command line to 'False'
[0.352s] Level 5:colcon.colcon_core.verb:set package 'bumperbot_utils' build argument 'cmake_clean_cache' from command line to 'False'
[0.352s] Level 5:colcon.colcon_core.verb:set package 'bumperbot_utils' build argument 'cmake_clean_first' from command line to 'False'
[0.352s] Level 5:colcon.colcon_core.verb:set package 'bumperbot_utils' build argument 'cmake_force_configure' from command line to 'False'
[0.353s] Level 5:colcon.colcon_core.verb:set package 'bumperbot_utils' build argument 'ament_cmake_args' from command line to 'None'
[0.353s] Level 5:colcon.colcon_core.verb:set package 'bumperbot_utils' build argument 'catkin_cmake_args' from command line to 'None'
[0.353s] Level 5:colcon.colcon_core.verb:set package 'bumperbot_utils' build argument 'catkin_skip_building_tests' from command line to 'False'
[0.353s] DEBUG:colcon.colcon_core.verb:Building package 'bumperbot_utils' with the following arguments: {'ament_cmake_args': None, 'build_base': '/home/unknown/ROS2_Workspaces/bumperbot_ws/build/bumperbot_utils', 'catkin_cmake_args': None, 'catkin_skip_building_tests': False, 'cmake_args': None, 'cmake_clean_cache': False, 'cmake_clean_first': False, 'cmake_force_configure': False, 'cmake_target': None, 'cmake_target_skip_unavailable': False, 'install_base': '/home/unknown/ROS2_Workspaces/bumperbot_ws/install/bumperbot_utils', 'merge_install': False, 'path': '/home/unknown/ROS2_Workspaces/bumperbot_ws/src/bumperbot_utils', 'symlink_install': False, 'test_result_base': None}
[0.353s] Level 5:colcon.colcon_core.verb:set package 'gz_ros2_control' build argument 'cmake_args' from command line to 'None'
[0.353s] Level 5:colcon.colcon_core.verb:set package 'gz_ros2_control' build argument 'cmake_target' from command line to 'None'
[0.353s] Level 5:colcon.colcon_core.verb:set package 'gz_ros2_control' build argument 'cmake_target_skip_unavailable' from command line to 'False'
[0.353s] Level 5:colcon.colcon_core.verb:set package 'gz_ros2_control' build argument 'cmake_clean_cache' from command line to 'False'
[0.353s] Level 5:colcon.colcon_core.verb:set package 'gz_ros2_control' build argument 'cmake_clean_first' from command line to 'False'
[0.353s] Level 5:colcon.colcon_core.verb:set package 'gz_ros2_control' build argument 'cmake_force_configure' from command line to 'False'
[0.353s] Level 5:colcon.colcon_core.verb:set package 'gz_ros2_control' build argument 'ament_cmake_args' from command line to 'None'
[0.353s] Level 5:colcon.colcon_core.verb:set package 'gz_ros2_control' build argument 'catkin_cmake_args' from command line to 'None'
[0.353s] Level 5:colcon.colcon_core.verb:set package 'gz_ros2_control' build argument 'catkin_skip_building_tests' from command line to 'False'
[0.353s] DEBUG:colcon.colcon_core.verb:Building package 'gz_ros2_control' with the following arguments: {'ament_cmake_args': None, 'build_base': '/home/unknown/ROS2_Workspaces/bumperbot_ws/build/gz_ros2_control', 'catkin_cmake_args': None, 'catkin_skip_building_tests': False, 'cmake_args': None, 'cmake_clean_cache': False, 'cmake_clean_first': False, 'cmake_force_configure': False, 'cmake_target': None, 'cmake_target_skip_unavailable': False, 'install_base': '/home/unknown/ROS2_Workspaces/bumperbot_ws/install/gz_ros2_control', 'merge_install': False, 'path': '/home/unknown/ROS2_Workspaces/bumperbot_ws/src/gz_ros2_control/gz_ros2_control', 'symlink_install': False, 'test_result_base': None}
[0.353s] Level 5:colcon.colcon_core.verb:set package 'my_robot_controller' build argument 'cmake_args' from command line to 'None'
[0.353s] Level 5:colcon.colcon_core.verb:set package 'my_robot_controller' build argument 'cmake_target' from command line to 'None'
[0.353s] Level 5:colcon.colcon_core.verb:set package 'my_robot_controller' build argument 'cmake_target_skip_unavailable' from command line to 'False'
[0.353s] Level 5:colcon.colcon_core.verb:set package 'my_robot_controller' build argument 'cmake_clean_cache' from command line to 'False'
[0.353s] Level 5:colcon.colcon_core.verb:set package 'my_robot_controller' build argument 'cmake_clean_first' from command line to 'False'
[0.353s] Level 5:colcon.colcon_core.verb:set package 'my_robot_controller' build argument 'cmake_force_configure' from command line to 'False'
[0.353s] Level 5:colcon.colcon_core.verb:set package 'my_robot_controller' build argument 'ament_cmake_args' from command line to 'None'
[0.353s] Level 5:colcon.colcon_core.verb:set package 'my_robot_controller' build argument 'catkin_cmake_args' from command line to 'None'
[0.353s] Level 5:colcon.colcon_core.verb:set package 'my_robot_controller' build argument 'catkin_skip_building_tests' from command line to 'False'
[0.353s] DEBUG:colcon.colcon_core.verb:Building package 'my_robot_controller' with the following arguments: {'ament_cmake_args': None, 'build_base': '/home/unknown/ROS2_Workspaces/bumperbot_ws/build/my_robot_controller', 'catkin_cmake_args': None, 'catkin_skip_building_tests': False, 'cmake_args': None, 'cmake_clean_cache': False, 'cmake_clean_first': False, 'cmake_force_configure': False, 'cmake_target': None, 'cmake_target_skip_unavailable': False, 'install_base': '/home/unknown/ROS2_Workspaces/bumperbot_ws/install/my_robot_controller', 'merge_install': False, 'path': '/home/unknown/ROS2_Workspaces/bumperbot_ws/src/my_robot_controller', 'symlink_install': False, 'test_result_base': None}
[0.354s] Level 5:colcon.colcon_core.verb:set package 'bumper_bot_py' build argument 'cmake_args' from command line to 'None'
[0.354s] Level 5:colcon.colcon_core.verb:set package 'bumper_bot_py' build argument 'cmake_target' from command line to 'None'
[0.354s] Level 5:colcon.colcon_core.verb:set package 'bumper_bot_py' build argument 'cmake_target_skip_unavailable' from command line to 'False'
[0.354s] Level 5:colcon.colcon_core.verb:set package 'bumper_bot_py' build argument 'cmake_clean_cache' from command line to 'False'
[0.354s] Level 5:colcon.colcon_core.verb:set package 'bumper_bot_py' build argument 'cmake_clean_first' from command line to 'False'
[0.354s] Level 5:colcon.colcon_core.verb:set package 'bumper_bot_py' build argument 'cmake_force_configure' from command line to 'False'
[0.354s] Level 5:colcon.colcon_core.verb:set package 'bumper_bot_py' build argument 'ament_cmake_args' from command line to 'None'
[0.354s] Level 5:colcon.colcon_core.verb:set package 'bumper_bot_py' build argument 'catkin_cmake_args' from command line to 'None'
[0.354s] Level 5:colcon.colcon_core.verb:set package 'bumper_bot_py' build argument 'catkin_skip_building_tests' from command line to 'False'
[0.354s] DEBUG:colcon.colcon_core.verb:Building package 'bumper_bot_py' with the following arguments: {'ament_cmake_args': None, 'build_base': '/home/unknown/ROS2_Workspaces/bumperbot_ws/build/bumper_bot_py', 'catkin_cmake_args': None, 'catkin_skip_building_tests': False, 'cmake_args': None, 'cmake_clean_cache': False, 'cmake_clean_first': False, 'cmake_force_configure': False, 'cmake_target': None, 'cmake_target_skip_unavailable': False, 'install_base': '/home/unknown/ROS2_Workspaces/bumperbot_ws/install/bumper_bot_py', 'merge_install': False, 'path': '/home/unknown/ROS2_Workspaces/bumperbot_ws/src/bumper_bot_py', 'symlink_install': False, 'test_result_base': None}
[0.354s] Level 5:colcon.colcon_core.verb:set package 'cpp_folder' build argument 'cmake_args' from command line to 'None'
[0.354s] Level 5:colcon.colcon_core.verb:set package 'cpp_folder' build argument 'cmake_target' from command line to 'None'
[0.354s] Level 5:colcon.colcon_core.verb:set package 'cpp_folder' build argument 'cmake_target_skip_unavailable' from command line to 'False'
[0.354s] Level 5:colcon.colcon_core.verb:set package 'cpp_folder' build argument 'cmake_clean_cache' from command line to 'False'
[0.354s] Level 5:colcon.colcon_core.verb:set package 'cpp_folder' build argument 'cmake_clean_first' from command line to 'False'
[0.354s] Level 5:colcon.colcon_core.verb:set package 'cpp_folder' build argument 'cmake_force_configure' from command line to 'False'
[0.354s] Level 5:colcon.colcon_core.verb:set package 'cpp_folder' build argument 'ament_cmake_args' from command line to 'None'
[0.354s] Level 5:colcon.colcon_core.verb:set package 'cpp_folder' build argument 'catkin_cmake_args' from command line to 'None'
[0.354s] Level 5:colcon.colcon_core.verb:set package 'cpp_folder' build argument 'catkin_skip_building_tests' from command line to 'False'
[0.354s] DEBUG:colcon.colcon_core.verb:Building package 'cpp_folder' with the following arguments: {'ament_cmake_args': None, 'build_base': '/home/unknown/ROS2_Workspaces/bumperbot_ws/build/cpp_folder', 'catkin_cmake_args': None, 'catkin_skip_building_tests': False, 'cmake_args': None, 'cmake_clean_cache': False, 'cmake_clean_first': False, 'cmake_force_configure': False, 'cmake_target': None, 'cmake_target_skip_unavailable': False, 'install_base': '/home/unknown/ROS2_Workspaces/bumperbot_ws/install/cpp_folder', 'merge_install': False, 'path': '/home/unknown/ROS2_Workspaces/bumperbot_ws/src/cpp_folder', 'symlink_install': False, 'test_result_base': None}
[0.355s] Level 5:colcon.colcon_core.verb:set package 'gz_ros2_control_demos' build argument 'cmake_args' from command line to 'None'
[0.355s] Level 5:colcon.colcon_core.verb:set package 'gz_ros2_control_demos' build argument 'cmake_target' from command line to 'None'
[0.355s] Level 5:colcon.colcon_core.verb:set package 'gz_ros2_control_demos' build argument 'cmake_target_skip_unavailable' from command line to 'False'
[0.355s] Level 5:colcon.colcon_core.verb:set package 'gz_ros2_control_demos' build argument 'cmake_clean_cache' from command line to 'False'
[0.355s] Level 5:colcon.colcon_core.verb:set package 'gz_ros2_control_demos' build argument 'cmake_clean_first' from command line to 'False'
[0.355s] Level 5:colcon.colcon_core.verb:set package 'gz_ros2_control_demos' build argument 'cmake_force_configure' from command line to 'False'
[0.355s] Level 5:colcon.colcon_core.verb:set package 'gz_ros2_control_demos' build argument 'ament_cmake_args' from command line to 'None'
[0.355s] Level 5:colcon.colcon_core.verb:set package 'gz_ros2_control_demos' build argument 'catkin_cmake_args' from command line to 'None'
[0.355s] Level 5:colcon.colcon_core.verb:set package 'gz_ros2_control_demos' build argument 'catkin_skip_building_tests' from command line to 'False'
[0.355s] DEBUG:colcon.colcon_core.verb:Building package 'gz_ros2_control_demos' with the following arguments: {'ament_cmake_args': None, 'build_base': '/home/unknown/ROS2_Workspaces/bumperbot_ws/build/gz_ros2_control_demos', 'catkin_cmake_args': None, 'catkin_skip_building_tests': False, 'cmake_args': None, 'cmake_clean_cache': False, 'cmake_clean_first': False, 'cmake_force_configure': False, 'cmake_target': None, 'cmake_target_skip_unavailable': False, 'install_base': '/home/unknown/ROS2_Workspaces/bumperbot_ws/install/gz_ros2_control_demos', 'merge_install': False, 'path': '/home/unknown/ROS2_Workspaces/bumperbot_ws/src/gz_ros2_control/gz_ros2_control_demos', 'symlink_install': False, 'test_result_base': None}
[0.355s] Level 5:colcon.colcon_core.verb:set package 'ign_ros2_control' build argument 'cmake_args' from command line to 'None'
[0.355s] Level 5:colcon.colcon_core.verb:set package 'ign_ros2_control' build argument 'cmake_target' from command line to 'None'
[0.355s] Level 5:colcon.colcon_core.verb:set package 'ign_ros2_control' build argument 'cmake_target_skip_unavailable' from command line to 'False'
[0.355s] Level 5:colcon.colcon_core.verb:set package 'ign_ros2_control' build argument 'cmake_clean_cache' from command line to 'False'
[0.355s] Level 5:colcon.colcon_core.verb:set package 'ign_ros2_control' build argument 'cmake_clean_first' from command line to 'False'
[0.355s] Level 5:colcon.colcon_core.verb:set package 'ign_ros2_control' build argument 'cmake_force_configure' from command line to 'False'
[0.355s] Level 5:colcon.colcon_core.verb:set package 'ign_ros2_control' build argument 'ament_cmake_args' from command line to 'None'
[0.355s] Level 5:colcon.colcon_core.verb:set package 'ign_ros2_control' build argument 'catkin_cmake_args' from command line to 'None'
[0.355s] Level 5:colcon.colcon_core.verb:set package 'ign_ros2_control' build argument 'catkin_skip_building_tests' from command line to 'False'
[0.355s] DEBUG:colcon.colcon_core.verb:Building package 'ign_ros2_control' with the following arguments: {'ament_cmake_args': None, 'build_base': '/home/unknown/ROS2_Workspaces/bumperbot_ws/build/ign_ros2_control', 'catkin_cmake_args': None, 'catkin_skip_building_tests': False, 'cmake_args': None, 'cmake_clean_cache': False, 'cmake_clean_first': False, 'cmake_force_configure': False, 'cmake_target': None, 'cmake_target_skip_unavailable': False, 'install_base': '/home/unknown/ROS2_Workspaces/bumperbot_ws/install/ign_ros2_control', 'merge_install': False, 'path': '/home/unknown/ROS2_Workspaces/bumperbot_ws/src/gz_ros2_control/ign_ros2_control', 'symlink_install': False, 'test_result_base': None}
[0.355s] Level 5:colcon.colcon_core.verb:set package 'bumper_bot' build argument 'cmake_args' from command line to 'None'
[0.355s] Level 5:colcon.colcon_core.verb:set package 'bumper_bot' build argument 'cmake_target' from command line to 'None'
[0.356s] Level 5:colcon.colcon_core.verb:set package 'bumper_bot' build argument 'cmake_target_skip_unavailable' from command line to 'False'
[0.356s] Level 5:colcon.colcon_core.verb:set package 'bumper_bot' build argument 'cmake_clean_cache' from command line to 'False'
[0.356s] Level 5:colcon.colcon_core.verb:set package 'bumper_bot' build argument 'cmake_clean_first' from command line to 'False'
[0.356s] Level 5:colcon.colcon_core.verb:set package 'bumper_bot' build argument 'cmake_force_configure' from command line to 'False'
[0.356s] Level 5:colcon.colcon_core.verb:set package 'bumper_bot' build argument 'ament_cmake_args' from command line to 'None'
[0.356s] Level 5:colcon.colcon_core.verb:set package 'bumper_bot' build argument 'catkin_cmake_args' from command line to 'None'
[0.356s] Level 5:colcon.colcon_core.verb:set package 'bumper_bot' build argument 'catkin_skip_building_tests' from command line to 'False'
[0.356s] DEBUG:colcon.colcon_core.verb:Building package 'bumper_bot' with the following arguments: {'ament_cmake_args': None, 'build_base': '/home/unknown/ROS2_Workspaces/bumperbot_ws/build/bumper_bot', 'catkin_cmake_args': None, 'catkin_skip_building_tests': False, 'cmake_args': None, 'cmake_clean_cache': False, 'cmake_clean_first': False, 'cmake_force_configure': False, 'cmake_target': None, 'cmake_target_skip_unavailable': False, 'install_base': '/home/unknown/ROS2_Workspaces/bumperbot_ws/install/bumper_bot', 'merge_install': False, 'path': '/home/unknown/ROS2_Workspaces/bumperbot_ws/src/bumper_bot', 'symlink_install': False, 'test_result_base': None}
[0.356s] Level 5:colcon.colcon_core.verb:set package 'ign_ros2_control_demos' build argument 'cmake_args' from command line to 'None'
[0.356s] Level 5:colcon.colcon_core.verb:set package 'ign_ros2_control_demos' build argument 'cmake_target' from command line to 'None'
[0.356s] Level 5:colcon.colcon_core.verb:set package 'ign_ros2_control_demos' build argument 'cmake_target_skip_unavailable' from command line to 'False'
[0.356s] Level 5:colcon.colcon_core.verb:set package 'ign_ros2_control_demos' build argument 'cmake_clean_cache' from command line to 'False'
[0.356s] Level 5:colcon.colcon_core.verb:set package 'ign_ros2_control_demos' build argument 'cmake_clean_first' from command line to 'False'
[0.356s] Level 5:colcon.colcon_core.verb:set package 'ign_ros2_control_demos' build argument 'cmake_force_configure' from command line to 'False'
[0.356s] Level 5:colcon.colcon_core.verb:set package 'ign_ros2_control_demos' build argument 'ament_cmake_args' from command line to 'None'
[0.356s] Level 5:colcon.colcon_core.verb:set package 'ign_ros2_control_demos' build argument 'catkin_cmake_args' from command line to 'None'
[0.356s] Level 5:colcon.colcon_core.verb:set package 'ign_ros2_control_demos' build argument 'catkin_skip_building_tests' from command line to 'False'
[0.356s] DEBUG:colcon.colcon_core.verb:Building package 'ign_ros2_control_demos' with the following arguments: {'ament_cmake_args': None, 'build_base': '/home/unknown/ROS2_Workspaces/bumperbot_ws/build/ign_ros2_control_demos', 'catkin_cmake_args': None, 'catkin_skip_building_tests': False, 'cmake_args': None, 'cmake_clean_cache': False, 'cmake_clean_first': False, 'cmake_force_configure': False, 'cmake_target': None, 'cmake_target_skip_unavailable': False, 'install_base': '/home/unknown/ROS2_Workspaces/bumperbot_ws/install/ign_ros2_control_demos', 'merge_install': False, 'path': '/home/unknown/ROS2_Workspaces/bumperbot_ws/src/gz_ros2_control/ign_ros2_control_demos', 'symlink_install': False, 'test_result_base': None}
[0.356s] Level 5:colcon.colcon_core.verb:set package 'gz_ros2_control_tests' build argument 'cmake_args' from command line to 'None'
[0.356s] Level 5:colcon.colcon_core.verb:set package 'gz_ros2_control_tests' build argument 'cmake_target' from command line to 'None'
[0.356s] Level 5:colcon.colcon_core.verb:set package 'gz_ros2_control_tests' build argument 'cmake_target_skip_unavailable' from command line to 'False'
[0.356s] Level 5:colcon.colcon_core.verb:set package 'gz_ros2_control_tests' build argument 'cmake_clean_cache' from command line to 'False'
[0.356s] Level 5:colcon.colcon_core.verb:set package 'gz_ros2_control_tests' build argument 'cmake_clean_first' from command line to 'False'
[0.356s] Level 5:colcon.colcon_core.verb:set package 'gz_ros2_control_tests' build argument 'cmake_force_configure' from command line to 'False'
[0.356s] Level 5:colcon.colcon_core.verb:set package 'gz_ros2_control_tests' build argument 'ament_cmake_args' from command line to 'None'
[0.356s] Level 5:colcon.colcon_core.verb:set package 'gz_ros2_control_tests' build argument 'catkin_cmake_args' from command line to 'None'
[0.357s] Level 5:colcon.colcon_core.verb:set package 'gz_ros2_control_tests' build argument 'catkin_skip_building_tests' from command line to 'False'
[0.357s] DEBUG:colcon.colcon_core.verb:Building package 'gz_ros2_control_tests' with the following arguments: {'ament_cmake_args': None, 'build_base': '/home/unknown/ROS2_Workspaces/bumperbot_ws/build/gz_ros2_control_tests', 'catkin_cmake_args': None, 'catkin_skip_building_tests': False, 'cmake_args': None, 'cmake_clean_cache': False, 'cmake_clean_first': False, 'cmake_force_configure': False, 'cmake_target': None, 'cmake_target_skip_unavailable': False, 'install_base': '/home/unknown/ROS2_Workspaces/bumperbot_ws/install/gz_ros2_control_tests', 'merge_install': False, 'path': '/home/unknown/ROS2_Workspaces/bumperbot_ws/src/gz_ros2_control/gz_ros2_control_tests', 'symlink_install': False, 'test_result_base': None}
[0.357s] INFO:colcon.colcon_core.executor:Executing jobs using 'parallel' executor
[0.357s] DEBUG:colcon.colcon_parallel_executor.executor.parallel:run_until_complete
[0.358s] INFO:colcon.colcon_ros.task.ament_cmake.build:Building ROS package in '/home/unknown/ROS2_Workspaces/bumperbot_ws/src/gz_ros2_control/gz_ros2_control' with build type 'ament_cmake'
[0.358s] INFO:colcon.colcon_cmake.task.cmake.build:Building CMake package in '/home/unknown/ROS2_Workspaces/bumperbot_ws/src/gz_ros2_control/gz_ros2_control'
[0.359s] INFO:colcon.colcon_core.plugin_system:Skipping extension 'colcon_core.shell.bat': Not used on non-Windows systems
[0.360s] INFO:colcon.colcon_core.shell:Skip shell extension 'powershell' for command environment: Not usable outside of PowerShell
[0.360s] DEBUG:colcon.colcon_core.shell:Skip shell extension 'dsv' for command environment
[0.362s] INFO:colcon.colcon_ros.task.ament_cmake.build:Building ROS package in '/home/unknown/ROS2_Workspaces/bumperbot_ws/src/bumperbot_msgs' with build type 'ament_cmake'
[0.362s] INFO:colcon.colcon_cmake.task.cmake.build:Building CMake package in '/home/unknown/ROS2_Workspaces/bumperbot_ws/src/bumperbot_msgs'
[0.362s] INFO:colcon.colcon_core.shell:Skip shell extension 'powershell' for command environment: Not usable outside of PowerShell
[0.362s] DEBUG:colcon.colcon_core.shell:Skip shell extension 'dsv' for command environment
[0.365s] INFO:colcon.colcon_ros.task.ament_cmake.build:Building ROS package in '/home/unknown/ROS2_Workspaces/bumperbot_ws/src/bumperbot_controller' with build type 'ament_cmake'
[0.365s] INFO:colcon.colcon_cmake.task.cmake.build:Building CMake package in '/home/unknown/ROS2_Workspaces/bumperbot_ws/src/bumperbot_controller'
[0.365s] INFO:colcon.colcon_core.shell:Skip shell extension 'powershell' for command environment: Not usable outside of PowerShell
[0.365s] DEBUG:colcon.colcon_core.shell:Skip shell extension 'dsv' for command environment
[0.368s] INFO:colcon.colcon_ros.task.ament_cmake.build:Building ROS package in '/home/unknown/ROS2_Workspaces/bumperbot_ws/src/bumperbot_firmware' with build type 'ament_cmake'
[0.369s] INFO:colcon.colcon_cmake.task.cmake.build:Building CMake package in '/home/unknown/ROS2_Workspaces/bumperbot_ws/src/bumperbot_firmware'
[0.369s] INFO:colcon.colcon_core.shell:Skip shell extension 'powershell' for command environment: Not usable outside of PowerShell
[0.369s] DEBUG:colcon.colcon_core.shell:Skip shell extension 'dsv' for command environment
[0.371s] INFO:colcon.colcon_ros.task.ament_cmake.build:Building ROS package in '/home/unknown/ROS2_Workspaces/bumperbot_ws/src/bumperbot_localisation' with build type 'ament_cmake'
[0.371s] INFO:colcon.colcon_cmake.task.cmake.build:Building CMake package in '/home/unknown/ROS2_Workspaces/bumperbot_ws/src/bumperbot_localisation'
[0.372s] INFO:colcon.colcon_core.shell:Skip shell extension 'powershell' for command environment: Not usable outside of PowerShell
[0.372s] DEBUG:colcon.colcon_core.shell:Skip shell extension 'dsv' for command environment
[0.374s] INFO:colcon.colcon_ros.task.ament_cmake.build:Building ROS package in '/home/unknown/ROS2_Workspaces/bumperbot_ws/src/bumperbot_utils' with build type 'ament_cmake'
[0.374s] INFO:colcon.colcon_cmake.task.cmake.build:Building CMake package in '/home/unknown/ROS2_Workspaces/bumperbot_ws/src/bumperbot_utils'
[0.374s] INFO:colcon.colcon_core.shell:Skip shell extension 'powershell' for command environment: Not usable outside of PowerShell
[0.374s] DEBUG:colcon.colcon_core.shell:Skip shell extension 'dsv' for command environment
[0.377s] INFO:colcon.colcon_ros.task.ament_python.build:Building ROS package in '/home/unknown/ROS2_Workspaces/bumperbot_ws/src/my_robot_controller' with build type 'ament_python'
[0.377s] Level 1:colcon.colcon_core.shell:create_environment_hook('my_robot_controller', 'ament_prefix_path')
[0.377s] INFO:colcon.colcon_core.shell:Creating environment hook '/home/unknown/ROS2_Workspaces/bumperbot_ws/install/my_robot_controller/share/my_robot_controller/hook/ament_prefix_path.ps1'
[0.378s] INFO:colcon.colcon_core.shell:Creating environment descriptor '/home/unknown/ROS2_Workspaces/bumperbot_ws/install/my_robot_controller/share/my_robot_controller/hook/ament_prefix_path.dsv'
[0.378s] INFO:colcon.colcon_core.shell:Creating environment hook '/home/unknown/ROS2_Workspaces/bumperbot_ws/install/my_robot_controller/share/my_robot_controller/hook/ament_prefix_path.sh'
[0.378s] INFO:colcon.colcon_core.shell:Skip shell extension 'powershell' for command environment: Not usable outside of PowerShell
[0.379s] DEBUG:colcon.colcon_core.shell:Skip shell extension 'dsv' for command environment
[0.384s] DEBUG:colcon.colcon_core.event_handler.log_command:Invoking command in '/home/unknown/ROS2_Workspaces/bumperbot_ws/build/gz_ros2_control': CMAKE_PREFIX_PATH=${CMAKE_PREFIX_PATH}:/home/unknown/ROS2_Workspaces/bumperbot_ws/install/my_robot_controller:/home/unknown/ROS2_Workspaces/bumperbot_ws/install/bumper_bot_py:/home/unknown/bumperbot_ws/install/my_robot_controller:/home/unknown/bumperbot_ws/install/bumper_bot_py:/home/unknown/ros2_ws/install/my_robot_controller:/home/unknown/ros2_ws/install/bumper_bot_py:/opt/ros/humble /usr/bin/cmake /home/unknown/ROS2_Workspaces/bumperbot_ws/src/gz_ros2_control/gz_ros2_control -DCMAKE_INSTALL_PREFIX=/home/unknown/ROS2_Workspaces/bumperbot_ws/install/gz_ros2_control
[0.386s] DEBUG:colcon.colcon_core.event_handler.log_command:Invoking command in '/home/unknown/ROS2_Workspaces/bumperbot_ws/build/bumperbot_msgs': CMAKE_PREFIX_PATH=${CMAKE_PREFIX_PATH}:/home/unknown/ROS2_Workspaces/bumperbot_ws/install/my_robot_controller:/home/unknown/ROS2_Workspaces/bumperbot_ws/install/bumper_bot_py:/home/unknown/bumperbot_ws/install/my_robot_controller:/home/unknown/bumperbot_ws/install/bumper_bot_py:/home/unknown/ros2_ws/install/my_robot_controller:/home/unknown/ros2_ws/install/bumper_bot_py:/opt/ros/humble /usr/bin/cmake /home/unknown/ROS2_Workspaces/bumperbot_ws/src/bumperbot_msgs -DCMAKE_INSTALL_PREFIX=/home/unknown/ROS2_Workspaces/bumperbot_ws/install/bumperbot_msgs
[0.388s] DEBUG:colcon.colcon_core.event_handler.log_command:Invoking command in '/home/unknown/ROS2_Workspaces/bumperbot_ws/build/bumperbot_controller': CMAKE_PREFIX_PATH=${CMAKE_PREFIX_PATH}:/home/unknown/ROS2_Workspaces/bumperbot_ws/install/my_robot_controller:/home/unknown/ROS2_Workspaces/bumperbot_ws/install/bumper_bot_py:/home/unknown/bumperbot_ws/install/my_robot_controller:/home/unknown/bumperbot_ws/install/bumper_bot_py:/home/unknown/ros2_ws/install/my_robot_controller:/home/unknown/ros2_ws/install/bumper_bot_py:/opt/ros/humble /usr/bin/cmake /home/unknown/ROS2_Workspaces/bumperbot_ws/src/bumperbot_controller -DCMAKE_INSTALL_PREFIX=/home/unknown/ROS2_Workspaces/bumperbot_ws/install/bumperbot_controller
[0.390s] DEBUG:colcon.colcon_core.event_handler.log_command:Invoking command in '/home/unknown/ROS2_Workspaces/bumperbot_ws/build/bumperbot_firmware': CMAKE_PREFIX_PATH=${CMAKE_PREFIX_PATH}:/home/unknown/ROS2_Workspaces/bumperbot_ws/install/my_robot_controller:/home/unknown/ROS2_Workspaces/bumperbot_ws/install/bumper_bot_py:/home/unknown/bumperbot_ws/install/my_robot_controller:/home/unknown/bumperbot_ws/install/bumper_bot_py:/home/unknown/ros2_ws/install/my_robot_controller:/home/unknown/ros2_ws/install/bumper_bot_py:/opt/ros/humble /usr/bin/cmake /home/unknown/ROS2_Workspaces/bumperbot_ws/src/bumperbot_firmware -DCMAKE_INSTALL_PREFIX=/home/unknown/ROS2_Workspaces/bumperbot_ws/install/bumperbot_firmware
[0.392s] DEBUG:colcon.colcon_core.event_handler.log_command:Invoking command in '/home/unknown/ROS2_Workspaces/bumperbot_ws/build/bumperbot_localisation': CMAKE_PREFIX_PATH=${CMAKE_PREFIX_PATH}:/home/unknown/ROS2_Workspaces/bumperbot_ws/install/my_robot_controller:/home/unknown/ROS2_Workspaces/bumperbot_ws/install/bumper_bot_py:/home/unknown/bumperbot_ws/install/my_robot_controller:/home/unknown/bumperbot_ws/install/bumper_bot_py:/home/unknown/ros2_ws/install/my_robot_controller:/home/unknown/ros2_ws/install/bumper_bot_py:/opt/ros/humble /usr/bin/cmake /home/unknown/ROS2_Workspaces/bumperbot_ws/src/bumperbot_localisation -DCMAKE_INSTALL_PREFIX=/home/unknown/ROS2_Workspaces/bumperbot_ws/install/bumperbot_localisation
[0.394s] DEBUG:colcon.colcon_core.event_handler.log_command:Invoking command in '/home/unknown/ROS2_Workspaces/bumperbot_ws/build/bumperbot_utils': CMAKE_PREFIX_PATH=${CMAKE_PREFIX_PATH}:/home/unknown/ROS2_Workspaces/bumperbot_ws/install/my_robot_controller:/home/unknown/ROS2_Workspaces/bumperbot_ws/install/bumper_bot_py:/home/unknown/bumperbot_ws/install/my_robot_controller:/home/unknown/bumperbot_ws/install/bumper_bot_py:/home/unknown/ros2_ws/install/my_robot_controller:/home/unknown/ros2_ws/install/bumper_bot_py:/opt/ros/humble /usr/bin/cmake /home/unknown/ROS2_Workspaces/bumperbot_ws/src/bumperbot_utils -DCMAKE_INSTALL_PREFIX=/home/unknown/ROS2_Workspaces/bumperbot_ws/install/bumperbot_utils
[0.791s] INFO:colcon.colcon_core.task.python.build:Building Python package in '/home/unknown/ROS2_Workspaces/bumperbot_ws/src/my_robot_controller'
[0.791s] INFO:colcon.colcon_core.shell:Skip shell extension 'powershell' for command environment: Not usable outside of PowerShell
[0.791s] DEBUG:colcon.colcon_core.shell:Skip shell extension 'dsv' for command environment
[1.298s] DEBUG:colcon.colcon_core.event_handler.log_command:Invoked command in '/home/unknown/ROS2_Workspaces/bumperbot_ws/build/bumperbot_firmware' returned '0': CMAKE_PREFIX_PATH=${CMAKE_PREFIX_PATH}:/home/unknown/ROS2_Workspaces/bumperbot_ws/install/my_robot_controller:/home/unknown/ROS2_Workspaces/bumperbot_ws/install/bumper_bot_py:/home/unknown/bumperbot_ws/install/my_robot_controller:/home/unknown/bumperbot_ws/install/bumper_bot_py:/home/unknown/ros2_ws/install/my_robot_controller:/home/unknown/ros2_ws/install/bumper_bot_py:/opt/ros/humble /usr/bin/cmake /home/unknown/ROS2_Workspaces/bumperbot_ws/src/bumperbot_firmware -DCMAKE_INSTALL_PREFIX=/home/unknown/ROS2_Workspaces/bumperbot_ws/install/bumperbot_firmware
[1.299s] DEBUG:colcon.colcon_core.event_handler.log_command:Invoking command in '/home/unknown/ROS2_Workspaces/bumperbot_ws/build/bumperbot_firmware': CMAKE_PREFIX_PATH=${CMAKE_PREFIX_PATH}:/home/unknown/ROS2_Workspaces/bumperbot_ws/install/my_robot_controller:/home/unknown/ROS2_Workspaces/bumperbot_ws/install/bumper_bot_py:/home/unknown/bumperbot_ws/install/my_robot_controller:/home/unknown/bumperbot_ws/install/bumper_bot_py:/home/unknown/ros2_ws/install/my_robot_controller:/home/unknown/ros2_ws/install/bumper_bot_py:/opt/ros/humble /usr/bin/cmake --build /home/unknown/ROS2_Workspaces/bumperbot_ws/build/bumperbot_firmware -- -j8 -l8
[1.343s] DEBUG:colcon.colcon_core.event_handler.log_command:Invoked command in '/home/unknown/ROS2_Workspaces/bumperbot_ws/build/bumperbot_firmware' returned '0': CMAKE_PREFIX_PATH=${CMAKE_PREFIX_PATH}:/home/unknown/ROS2_Workspaces/bumperbot_ws/install/my_robot_controller:/home/unknown/ROS2_Workspaces/bumperbot_ws/install/bumper_bot_py:/home/unknown/bumperbot_ws/install/my_robot_controller:/home/unknown/bumperbot_ws/install/bumper_bot_py:/home/unknown/ros2_ws/install/my_robot_controller:/home/unknown/ros2_ws/install/bumper_bot_py:/opt/ros/humble /usr/bin/cmake --build /home/unknown/ROS2_Workspaces/bumperbot_ws/build/bumperbot_firmware -- -j8 -l8
[1.350s] DEBUG:colcon.colcon_core.event_handler.log_command:Invoking command in '/home/unknown/ROS2_Workspaces/bumperbot_ws/build/bumperbot_firmware': CMAKE_PREFIX_PATH=${CMAKE_PREFIX_PATH}:/home/unknown/ROS2_Workspaces/bumperbot_ws/install/my_robot_controller:/home/unknown/ROS2_Workspaces/bumperbot_ws/install/bumper_bot_py:/home/unknown/bumperbot_ws/install/my_robot_controller:/home/unknown/bumperbot_ws/install/bumper_bot_py:/home/unknown/ros2_ws/install/my_robot_controller:/home/unknown/ros2_ws/install/bumper_bot_py:/opt/ros/humble /usr/bin/cmake --install /home/unknown/ROS2_Workspaces/bumperbot_ws/build/bumperbot_firmware
[1.353s] DEBUG:colcon.colcon_core.event_handler.log_command:Invoking command in '/home/unknown/ROS2_Workspaces/bumperbot_ws/src/my_robot_controller': PYTHONPATH=/home/unknown/ROS2_Workspaces/bumperbot_ws/build/my_robot_controller/prefix_override:/usr/lib/python3/dist-packages/colcon_core/task/python/colcon_distutils_commands:/home/unknown/ROS2_Workspaces/bumperbot_ws/install/my_robot_controller/lib/python3.10/site-packages:${PYTHONPATH} /usr/bin/python3 -W ignore:setup.py install is deprecated -W ignore:easy_install command is deprecated setup.py egg_info --egg-base ../../build/my_robot_controller build --build-base /home/unknown/ROS2_Workspaces/bumperbot_ws/build/my_robot_controller/build install --record /home/unknown/ROS2_Workspaces/bumperbot_ws/build/my_robot_controller/install.log --single-version-externally-managed install_data
[1.360s] Level 1:colcon.colcon_core.environment:create_environment_scripts_only(bumperbot_firmware)
[1.361s] DEBUG:colcon.colcon_core.event_handler.log_command:Invoked command in '/home/unknown/ROS2_Workspaces/bumperbot_ws/build/bumperbot_firmware' returned '0': CMAKE_PREFIX_PATH=${CMAKE_PREFIX_PATH}:/home/unknown/ROS2_Workspaces/bumperbot_ws/install/my_robot_controller:/home/unknown/ROS2_Workspaces/bumperbot_ws/install/bumper_bot_py:/home/unknown/bumperbot_ws/install/my_robot_controller:/home/unknown/bumperbot_ws/install/bumper_bot_py:/home/unknown/ros2_ws/install/my_robot_controller:/home/unknown/ros2_ws/install/bumper_bot_py:/opt/ros/humble /usr/bin/cmake --install /home/unknown/ROS2_Workspaces/bumperbot_ws/build/bumperbot_firmware
[1.363s] Level 1:colcon.colcon_core.environment:checking '/home/unknown/ROS2_Workspaces/bumperbot_ws/install/bumperbot_firmware' for CMake module files
[1.364s] Level 1:colcon.colcon_core.environment:checking '/home/unknown/ROS2_Workspaces/bumperbot_ws/install/bumperbot_firmware' for CMake config files
[1.364s] Level 1:colcon.colcon_core.shell:create_environment_hook('bumperbot_firmware', 'cmake_prefix_path')
[1.364s] INFO:colcon.colcon_core.shell:Creating environment hook '/home/unknown/ROS2_Workspaces/bumperbot_ws/install/bumperbot_firmware/share/bumperbot_firmware/hook/cmake_prefix_path.ps1'
[1.365s] INFO:colcon.colcon_core.shell:Creating environment descriptor '/home/unknown/ROS2_Workspaces/bumperbot_ws/install/bumperbot_firmware/share/bumperbot_firmware/hook/cmake_prefix_path.dsv'
[1.365s] INFO:colcon.colcon_core.shell:Creating environment hook '/home/unknown/ROS2_Workspaces/bumperbot_ws/install/bumperbot_firmware/share/bumperbot_firmware/hook/cmake_prefix_path.sh'
[1.366s] Level 1:colcon.colcon_core.environment:checking '/home/unknown/ROS2_Workspaces/bumperbot_ws/install/bumperbot_firmware/bin'
[1.366s] Level 1:colcon.colcon_core.environment:checking '/home/unknown/ROS2_Workspaces/bumperbot_ws/install/bumperbot_firmware/lib/pkgconfig/bumperbot_firmware.pc'
[1.367s] Level 1:colcon.colcon_core.environment:checking '/home/unknown/ROS2_Workspaces/bumperbot_ws/install/bumperbot_firmware/lib/python3.10/site-packages'
[1.367s] Level 1:colcon.colcon_core.environment:checking '/home/unknown/ROS2_Workspaces/bumperbot_ws/install/bumperbot_firmware/bin'
[1.368s] INFO:colcon.colcon_core.shell:Creating package script '/home/unknown/ROS2_Workspaces/bumperbot_ws/install/bumperbot_firmware/share/bumperbot_firmware/package.ps1'
[1.369s] INFO:colcon.colcon_core.shell:Creating package descriptor '/home/unknown/ROS2_Workspaces/bumperbot_ws/install/bumperbot_firmware/share/bumperbot_firmware/package.dsv'
[1.370s] INFO:colcon.colcon_core.shell:Creating package script '/home/unknown/ROS2_Workspaces/bumperbot_ws/install/bumperbot_firmware/share/bumperbot_firmware/package.sh'
[1.372s] INFO:colcon.colcon_core.shell:Creating package script '/home/unknown/ROS2_Workspaces/bumperbot_ws/install/bumperbot_firmware/share/bumperbot_firmware/package.bash'
[1.373s] INFO:colcon.colcon_core.shell:Creating package script '/home/unknown/ROS2_Workspaces/bumperbot_ws/install/bumperbot_firmware/share/bumperbot_firmware/package.zsh'
[1.374s] Level 1:colcon.colcon_core.environment:create_file_with_runtime_dependencies(/home/unknown/ROS2_Workspaces/bumperbot_ws/install/bumperbot_firmware/share/colcon-core/packages/bumperbot_firmware)
[1.375s] Level 1:colcon.colcon_core.environment:create_environment_scripts_only(bumperbot_firmware)
[1.375s] Level 1:colcon.colcon_core.environment:checking '/home/unknown/ROS2_Workspaces/bumperbot_ws/install/bumperbot_firmware' for CMake module files
[1.376s] Level 1:colcon.colcon_core.environment:checking '/home/unknown/ROS2_Workspaces/bumperbot_ws/install/bumperbot_firmware' for CMake config files
[1.376s] Level 1:colcon.colcon_core.shell:create_environment_hook('bumperbot_firmware', 'cmake_prefix_path')
[1.377s] INFO:colcon.colcon_core.shell:Creating environment hook '/home/unknown/ROS2_Workspaces/bumperbot_ws/install/bumperbot_firmware/share/bumperbot_firmware/hook/cmake_prefix_path.ps1'
[1.377s] INFO:colcon.colcon_core.shell:Creating environment descriptor '/home/unknown/ROS2_Workspaces/bumperbot_ws/install/bumperbot_firmware/share/bumperbot_firmware/hook/cmake_prefix_path.dsv'
[1.378s] INFO:colcon.colcon_core.shell:Creating environment hook '/home/unknown/ROS2_Workspaces/bumperbot_ws/install/bumperbot_firmware/share/bumperbot_firmware/hook/cmake_prefix_path.sh'
[1.378s] Level 1:colcon.colcon_core.environment:checking '/home/unknown/ROS2_Workspaces/bumperbot_ws/install/bumperbot_firmware/bin'
[1.378s] Level 1:colcon.colcon_core.environment:checking '/home/unknown/ROS2_Workspaces/bumperbot_ws/install/bumperbot_firmware/lib/pkgconfig/bumperbot_firmware.pc'
[1.379s] Level 1:colcon.colcon_core.environment:checking '/home/unknown/ROS2_Workspaces/bumperbot_ws/install/bumperbot_firmware/lib/python3.10/site-packages'
[1.379s] Level 1:colcon.colcon_core.environment:checking '/home/unknown/ROS2_Workspaces/bumperbot_ws/install/bumperbot_firmware/bin'
[1.380s] INFO:colcon.colcon_core.shell:Creating package script '/home/unknown/ROS2_Workspaces/bumperbot_ws/install/bumperbot_firmware/share/bumperbot_firmware/package.ps1'
[1.381s] INFO:colcon.colcon_core.shell:Creating package descriptor '/home/unknown/ROS2_Workspaces/bumperbot_ws/install/bumperbot_firmware/share/bumperbot_firmware/package.dsv'
[1.381s] INFO:colcon.colcon_core.shell:Creating package script '/home/unknown/ROS2_Workspaces/bumperbot_ws/install/bumperbot_firmware/share/bumperbot_firmware/package.sh'
[1.382s] INFO:colcon.colcon_core.shell:Creating package script '/home/unknown/ROS2_Workspaces/bumperbot_ws/install/bumperbot_firmware/share/bumperbot_firmware/package.bash'
[1.382s] INFO:colcon.colcon_core.shell:Creating package script '/home/unknown/ROS2_Workspaces/bumperbot_ws/install/bumperbot_firmware/share/bumperbot_firmware/package.zsh'
[1.383s] Level 1:colcon.colcon_core.environment:create_file_with_runtime_dependencies(/home/unknown/ROS2_Workspaces/bumperbot_ws/install/bumperbot_firmware/share/colcon-core/packages/bumperbot_firmware)
[1.468s] DEBUG:colcon.colcon_core.event_handler.log_command:Invoked command in '/home/unknown/ROS2_Workspaces/bumperbot_ws/build/bumperbot_utils' returned '0': CMAKE_PREFIX_PATH=${CMAKE_PREFIX_PATH}:/home/unknown/ROS2_Workspaces/bumperbot_ws/install/my_robot_controller:/home/unknown/ROS2_Workspaces/bumperbot_ws/install/bumper_bot_py:/home/unknown/bumperbot_ws/install/my_robot_controller:/home/unknown/bumperbot_ws/install/bumper_bot_py:/home/unknown/ros2_ws/install/my_robot_controller:/home/unknown/ros2_ws/install/bumper_bot_py:/opt/ros/humble /usr/bin/cmake /home/unknown/ROS2_Workspaces/bumperbot_ws/src/bumperbot_utils -DCMAKE_INSTALL_PREFIX=/home/unknown/ROS2_Workspaces/bumperbot_ws/install/bumperbot_utils
[1.470s] DEBUG:colcon.colcon_core.event_handler.log_command:Invoking command in '/home/unknown/ROS2_Workspaces/bumperbot_ws/build/bumperbot_utils': CMAKE_PREFIX_PATH=${CMAKE_PREFIX_PATH}:/home/unknown/ROS2_Workspaces/bumperbot_ws/install/my_robot_controller:/home/unknown/ROS2_Workspaces/bumperbot_ws/install/bumper_bot_py:/home/unknown/bumperbot_ws/install/my_robot_controller:/home/unknown/bumperbot_ws/install/bumper_bot_py:/home/unknown/ros2_ws/install/my_robot_controller:/home/unknown/ros2_ws/install/bumper_bot_py:/opt/ros/humble /usr/bin/cmake --build /home/unknown/ROS2_Workspaces/bumperbot_ws/build/bumperbot_utils -- -j8 -l8
[1.513s] DEBUG:colcon.colcon_core.event_handler.log_command:Invoked command in '/home/unknown/ROS2_Workspaces/bumperbot_ws/build/bumperbot_utils' returned '0': CMAKE_PREFIX_PATH=${CMAKE_PREFIX_PATH}:/home/unknown/ROS2_Workspaces/bumperbot_ws/install/my_robot_controller:/home/unknown/ROS2_Workspaces/bumperbot_ws/install/bumper_bot_py:/home/unknown/bumperbot_ws/install/my_robot_controller:/home/unknown/bumperbot_ws/install/bumper_bot_py:/home/unknown/ros2_ws/install/my_robot_controller:/home/unknown/ros2_ws/install/bumper_bot_py:/opt/ros/humble /usr/bin/cmake --build /home/unknown/ROS2_Workspaces/bumperbot_ws/build/bumperbot_utils -- -j8 -l8
[1.515s] DEBUG:colcon.colcon_core.event_handler.log_command:Invoking command in '/home/unknown/ROS2_Workspaces/bumperbot_ws/build/bumperbot_utils': CMAKE_PREFIX_PATH=${CMAKE_PREFIX_PATH}:/home/unknown/ROS2_Workspaces/bumperbot_ws/install/my_robot_controller:/home/unknown/ROS2_Workspaces/bumperbot_ws/install/bumper_bot_py:/home/unknown/bumperbot_ws/install/my_robot_controller:/home/unknown/bumperbot_ws/install/bumper_bot_py:/home/unknown/ros2_ws/install/my_robot_controller:/home/unknown/ros2_ws/install/bumper_bot_py:/opt/ros/humble /usr/bin/cmake --install /home/unknown/ROS2_Workspaces/bumperbot_ws/build/bumperbot_utils
[1.525s] Level 1:colcon.colcon_core.environment:create_environment_scripts_only(bumperbot_utils)
[1.526s] Level 1:colcon.colcon_core.environment:checking '/home/unknown/ROS2_Workspaces/bumperbot_ws/install/bumperbot_utils' for CMake module files
[1.526s] DEBUG:colcon.colcon_core.event_handler.log_command:Invoked command in '/home/unknown/ROS2_Workspaces/bumperbot_ws/build/bumperbot_utils' returned '0': CMAKE_PREFIX_PATH=${CMAKE_PREFIX_PATH}:/home/unknown/ROS2_Workspaces/bumperbot_ws/install/my_robot_controller:/home/unknown/ROS2_Workspaces/bumperbot_ws/install/bumper_bot_py:/home/unknown/bumperbot_ws/install/my_robot_controller:/home/unknown/bumperbot_ws/install/bumper_bot_py:/home/unknown/ros2_ws/install/my_robot_controller:/home/unknown/ros2_ws/install/bumper_bot_py:/opt/ros/humble /usr/bin/cmake --install /home/unknown/ROS2_Workspaces/bumperbot_ws/build/bumperbot_utils
[1.527s] Level 1:colcon.colcon_core.environment:checking '/home/unknown/ROS2_Workspaces/bumperbot_ws/install/bumperbot_utils' for CMake config files
[1.527s] Level 1:colcon.colcon_core.shell:create_environment_hook('bumperbot_utils', 'cmake_prefix_path')
[1.527s] INFO:colcon.colcon_core.shell:Creating environment hook '/home/unknown/ROS2_Workspaces/bumperbot_ws/install/bumperbot_utils/share/bumperbot_utils/hook/cmake_prefix_path.ps1'
[1.528s] INFO:colcon.colcon_core.shell:Creating environment descriptor '/home/unknown/ROS2_Workspaces/bumperbot_ws/install/bumperbot_utils/share/bumperbot_utils/hook/cmake_prefix_path.dsv'
[1.528s] INFO:colcon.colcon_core.shell:Creating environment hook '/home/unknown/ROS2_Workspaces/bumperbot_ws/install/bumperbot_utils/share/bumperbot_utils/hook/cmake_prefix_path.sh'
[1.529s] Level 1:colcon.colcon_core.environment:checking '/home/unknown/ROS2_Workspaces/bumperbot_ws/install/bumperbot_utils/lib'
[1.529s] Level 1:colcon.colcon_core.environment:checking '/home/unknown/ROS2_Workspaces/bumperbot_ws/install/bumperbot_utils/bin'
[1.529s] Level 1:colcon.colcon_core.environment:checking '/home/unknown/ROS2_Workspaces/bumperbot_ws/install/bumperbot_utils/lib/pkgconfig/bumperbot_utils.pc'
[1.529s] Level 1:colcon.colcon_core.environment:checking '/home/unknown/ROS2_Workspaces/bumperbot_ws/install/bumperbot_utils/lib/python3.10/site-packages'
[1.530s] Level 1:colcon.colcon_core.environment:checking '/home/unknown/ROS2_Workspaces/bumperbot_ws/install/bumperbot_utils/bin'
[1.530s] INFO:colcon.colcon_core.shell:Creating package script '/home/unknown/ROS2_Workspaces/bumperbot_ws/install/bumperbot_utils/share/bumperbot_utils/package.ps1'
[1.531s] INFO:colcon.colcon_core.shell:Creating package descriptor '/home/unknown/ROS2_Workspaces/bumperbot_ws/install/bumperbot_utils/share/bumperbot_utils/package.dsv'
[1.531s] INFO:colcon.colcon_core.shell:Creating package script '/home/unknown/ROS2_Workspaces/bumperbot_ws/install/bumperbot_utils/share/bumperbot_utils/package.sh'
[1.532s] INFO:colcon.colcon_core.shell:Creating package script '/home/unknown/ROS2_Workspaces/bumperbot_ws/install/bumperbot_utils/share/bumperbot_utils/package.bash'
[1.532s] INFO:colcon.colcon_core.shell:Creating package script '/home/unknown/ROS2_Workspaces/bumperbot_ws/install/bumperbot_utils/share/bumperbot_utils/package.zsh'
[1.533s] Level 1:colcon.colcon_core.environment:create_file_with_runtime_dependencies(/home/unknown/ROS2_Workspaces/bumperbot_ws/install/bumperbot_utils/share/colcon-core/packages/bumperbot_utils)
[1.533s] Level 1:colcon.colcon_core.environment:create_environment_scripts_only(bumperbot_utils)
[1.534s] Level 1:colcon.colcon_core.environment:checking '/home/unknown/ROS2_Workspaces/bumperbot_ws/install/bumperbot_utils' for CMake module files
[1.534s] Level 1:colcon.colcon_core.environment:checking '/home/unknown/ROS2_Workspaces/bumperbot_ws/install/bumperbot_utils' for CMake config files
[1.534s] Level 1:colcon.colcon_core.shell:create_environment_hook('bumperbot_utils', 'cmake_prefix_path')
[1.535s] INFO:colcon.colcon_core.shell:Creating environment hook '/home/unknown/ROS2_Workspaces/bumperbot_ws/install/bumperbot_utils/share/bumperbot_utils/hook/cmake_prefix_path.ps1'
[1.535s] INFO:colcon.colcon_core.shell:Creating environment descriptor '/home/unknown/ROS2_Workspaces/bumperbot_ws/install/bumperbot_utils/share/bumperbot_utils/hook/cmake_prefix_path.dsv'
[1.536s] INFO:colcon.colcon_core.shell:Creating environment hook '/home/unknown/ROS2_Workspaces/bumperbot_ws/install/bumperbot_utils/share/bumperbot_utils/hook/cmake_prefix_path.sh'
[1.537s] Level 1:colcon.colcon_core.environment:checking '/home/unknown/ROS2_Workspaces/bumperbot_ws/install/bumperbot_utils/lib'
[1.537s] Level 1:colcon.colcon_core.environment:checking '/home/unknown/ROS2_Workspaces/bumperbot_ws/install/bumperbot_utils/bin'
[1.537s] Level 1:colcon.colcon_core.environment:checking '/home/unknown/ROS2_Workspaces/bumperbot_ws/install/bumperbot_utils/lib/pkgconfig/bumperbot_utils.pc'
[1.537s] Level 1:colcon.colcon_core.environment:checking '/home/unknown/ROS2_Workspaces/bumperbot_ws/install/bumperbot_utils/lib/python3.10/site-packages'
[1.537s] Level 1:colcon.colcon_core.environment:checking '/home/unknown/ROS2_Workspaces/bumperbot_ws/install/bumperbot_utils/bin'
[1.538s] INFO:colcon.colcon_core.shell:Creating package script '/home/unknown/ROS2_Workspaces/bumperbot_ws/install/bumperbot_utils/share/bumperbot_utils/package.ps1'
[1.538s] INFO:colcon.colcon_core.shell:Creating package descriptor '/home/unknown/ROS2_Workspaces/bumperbot_ws/install/bumperbot_utils/share/bumperbot_utils/package.dsv'
[1.539s] INFO:colcon.colcon_core.shell:Creating package script '/home/unknown/ROS2_Workspaces/bumperbot_ws/install/bumperbot_utils/share/bumperbot_utils/package.sh'
[1.539s] INFO:colcon.colcon_core.shell:Creating package script '/home/unknown/ROS2_Workspaces/bumperbot_ws/install/bumperbot_utils/share/bumperbot_utils/package.bash'
[1.540s] INFO:colcon.colcon_core.shell:Creating package script '/home/unknown/ROS2_Workspaces/bumperbot_ws/install/bumperbot_utils/share/bumperbot_utils/package.zsh'
[1.540s] Level 1:colcon.colcon_core.environment:create_file_with_runtime_dependencies(/home/unknown/ROS2_Workspaces/bumperbot_ws/install/bumperbot_utils/share/colcon-core/packages/bumperbot_utils)
[1.742s] Level 1:colcon.colcon_core.environment:checking '/home/unknown/ROS2_Workspaces/bumperbot_ws/install/my_robot_controller' for CMake module files
[1.743s] DEBUG:colcon.colcon_core.event_handler.log_command:Invoked command in '/home/unknown/ROS2_Workspaces/bumperbot_ws/src/my_robot_controller' returned '0': PYTHONPATH=/home/unknown/ROS2_Workspaces/bumperbot_ws/build/my_robot_controller/prefix_override:/usr/lib/python3/dist-packages/colcon_core/task/python/colcon_distutils_commands:/home/unknown/ROS2_Workspaces/bumperbot_ws/install/my_robot_controller/lib/python3.10/site-packages:${PYTHONPATH} /usr/bin/python3 -W ignore:setup.py install is deprecated -W ignore:easy_install command is deprecated setup.py egg_info --egg-base ../../build/my_robot_controller build --build-base /home/unknown/ROS2_Workspaces/bumperbot_ws/build/my_robot_controller/build install --record /home/unknown/ROS2_Workspaces/bumperbot_ws/build/my_robot_controller/install.log --single-version-externally-managed install_data
[1.743s] Level 1:colcon.colcon_core.environment:checking '/home/unknown/ROS2_Workspaces/bumperbot_ws/install/my_robot_controller' for CMake config files
[1.744s] Level 1:colcon.colcon_core.environment:checking '/home/unknown/ROS2_Workspaces/bumperbot_ws/install/my_robot_controller/lib'
[1.744s] Level 1:colcon.colcon_core.environment:checking '/home/unknown/ROS2_Workspaces/bumperbot_ws/install/my_robot_controller/bin'
[1.744s] Level 1:colcon.colcon_core.environment:checking '/home/unknown/ROS2_Workspaces/bumperbot_ws/install/my_robot_controller/lib/pkgconfig/my_robot_controller.pc'
[1.745s] Level 1:colcon.colcon_core.environment:checking '/home/unknown/ROS2_Workspaces/bumperbot_ws/install/my_robot_controller/lib/python3.10/site-packages'
[1.745s] Level 1:colcon.colcon_core.shell:create_environment_hook('my_robot_controller', 'pythonpath')
[1.745s] INFO:colcon.colcon_core.shell:Creating environment hook '/home/unknown/ROS2_Workspaces/bumperbot_ws/install/my_robot_controller/share/my_robot_controller/hook/pythonpath.ps1'
[1.746s] INFO:colcon.colcon_core.shell:Creating environment descriptor '/home/unknown/ROS2_Workspaces/bumperbot_ws/install/my_robot_controller/share/my_robot_controller/hook/pythonpath.dsv'
[1.746s] INFO:colcon.colcon_core.shell:Creating environment hook '/home/unknown/ROS2_Workspaces/bumperbot_ws/install/my_robot_controller/share/my_robot_controller/hook/pythonpath.sh'
[1.747s] Level 1:colcon.colcon_core.environment:checking '/home/unknown/ROS2_Workspaces/bumperbot_ws/install/my_robot_controller/bin'
[1.747s] Level 1:colcon.colcon_core.environment:create_environment_scripts_only(my_robot_controller)
[1.748s] INFO:colcon.colcon_core.shell:Creating package script '/home/unknown/ROS2_Workspaces/bumperbot_ws/install/my_robot_controller/share/my_robot_controller/package.ps1'
[1.748s] INFO:colcon.colcon_core.shell:Creating package descriptor '/home/unknown/ROS2_Workspaces/bumperbot_ws/install/my_robot_controller/share/my_robot_controller/package.dsv'
[1.749s] INFO:colcon.colcon_core.shell:Creating package script '/home/unknown/ROS2_Workspaces/bumperbot_ws/install/my_robot_controller/share/my_robot_controller/package.sh'
[1.749s] INFO:colcon.colcon_core.shell:Creating package script '/home/unknown/ROS2_Workspaces/bumperbot_ws/install/my_robot_controller/share/my_robot_controller/package.bash'
[1.750s] INFO:colcon.colcon_core.shell:Creating package script '/home/unknown/ROS2_Workspaces/bumperbot_ws/install/my_robot_controller/share/my_robot_controller/package.zsh'
[1.750s] Level 1:colcon.colcon_core.environment:create_file_with_runtime_dependencies(/home/unknown/ROS2_Workspaces/bumperbot_ws/install/my_robot_controller/share/colcon-core/packages/my_robot_controller)
[2.055s] DEBUG:colcon.colcon_core.event_handler.log_command:Invoked command in '/home/unknown/ROS2_Workspaces/bumperbot_ws/build/bumperbot_localisation' returned '0': CMAKE_PREFIX_PATH=${CMAKE_PREFIX_PATH}:/home/unknown/ROS2_Workspaces/bumperbot_ws/install/my_robot_controller:/home/unknown/ROS2_Workspaces/bumperbot_ws/install/bumper_bot_py:/home/unknown/bumperbot_ws/install/my_robot_controller:/home/unknown/bumperbot_ws/install/bumper_bot_py:/home/unknown/ros2_ws/install/my_robot_controller:/home/unknown/ros2_ws/install/bumper_bot_py:/opt/ros/humble /usr/bin/cmake /home/unknown/ROS2_Workspaces/bumperbot_ws/src/bumperbot_localisation -DCMAKE_INSTALL_PREFIX=/home/unknown/ROS2_Workspaces/bumperbot_ws/install/bumperbot_localisation
[2.056s] DEBUG:colcon.colcon_core.event_handler.log_command:Invoking command in '/home/unknown/ROS2_Workspaces/bumperbot_ws/build/bumperbot_localisation': CMAKE_PREFIX_PATH=${CMAKE_PREFIX_PATH}:/home/unknown/ROS2_Workspaces/bumperbot_ws/install/my_robot_controller:/home/unknown/ROS2_Workspaces/bumperbot_ws/install/bumper_bot_py:/home/unknown/bumperbot_ws/install/my_robot_controller:/home/unknown/bumperbot_ws/install/bumper_bot_py:/home/unknown/ros2_ws/install/my_robot_controller:/home/unknown/ros2_ws/install/bumper_bot_py:/opt/ros/humble /usr/bin/cmake --build /home/unknown/ROS2_Workspaces/bumperbot_ws/build/bumperbot_localisation -- -j8 -l8
[2.128s] DEBUG:colcon.colcon_core.event_handler.log_command:Invoked command in '/home/unknown/ROS2_Workspaces/bumperbot_ws/build/bumperbot_controller' returned '0': CMAKE_PREFIX_PATH=${CMAKE_PREFIX_PATH}:/home/unknown/ROS2_Workspaces/bumperbot_ws/install/my_robot_controller:/home/unknown/ROS2_Workspaces/bumperbot_ws/install/bumper_bot_py:/home/unknown/bumperbot_ws/install/my_robot_controller:/home/unknown/bumperbot_ws/install/bumper_bot_py:/home/unknown/ros2_ws/install/my_robot_controller:/home/unknown/ros2_ws/install/bumper_bot_py:/opt/ros/humble /usr/bin/cmake /home/unknown/ROS2_Workspaces/bumperbot_ws/src/bumperbot_controller -DCMAKE_INSTALL_PREFIX=/home/unknown/ROS2_Workspaces/bumperbot_ws/install/bumperbot_controller
[2.130s] DEBUG:colcon.colcon_core.event_handler.log_command:Invoking command in '/home/unknown/ROS2_Workspaces/bumperbot_ws/build/bumperbot_controller': CMAKE_PREFIX_PATH=${CMAKE_PREFIX_PATH}:/home/unknown/ROS2_Workspaces/bumperbot_ws/install/my_robot_controller:/home/unknown/ROS2_Workspaces/bumperbot_ws/install/bumper_bot_py:/home/unknown/bumperbot_ws/install/my_robot_controller:/home/unknown/bumperbot_ws/install/bumper_bot_py:/home/unknown/ros2_ws/install/my_robot_controller:/home/unknown/ros2_ws/install/bumper_bot_py:/opt/ros/humble /usr/bin/cmake --build /home/unknown/ROS2_Workspaces/bumperbot_ws/build/bumperbot_controller -- -j8 -l8
[2.946s] DEBUG:colcon.colcon_core.event_handler.log_command:Invoked command in '/home/unknown/ROS2_Workspaces/bumperbot_ws/build/bumperbot_msgs' returned '0': CMAKE_PREFIX_PATH=${CMAKE_PREFIX_PATH}:/home/unknown/ROS2_Workspaces/bumperbot_ws/install/my_robot_controller:/home/unknown/ROS2_Workspaces/bumperbot_ws/install/bumper_bot_py:/home/unknown/bumperbot_ws/install/my_robot_controller:/home/unknown/bumperbot_ws/install/bumper_bot_py:/home/unknown/ros2_ws/install/my_robot_controller:/home/unknown/ros2_ws/install/bumper_bot_py:/opt/ros/humble /usr/bin/cmake /home/unknown/ROS2_Workspaces/bumperbot_ws/src/bumperbot_msgs -DCMAKE_INSTALL_PREFIX=/home/unknown/ROS2_Workspaces/bumperbot_ws/install/bumperbot_msgs
[2.948s] DEBUG:colcon.colcon_core.event_handler.log_command:Invoking command in '/home/unknown/ROS2_Workspaces/bumperbot_ws/build/bumperbot_msgs': CMAKE_PREFIX_PATH=${CMAKE_PREFIX_PATH}:/home/unknown/ROS2_Workspaces/bumperbot_ws/install/my_robot_controller:/home/unknown/ROS2_Workspaces/bumperbot_ws/install/bumper_bot_py:/home/unknown/bumperbot_ws/install/my_robot_controller:/home/unknown/bumperbot_ws/install/bumper_bot_py:/home/unknown/ros2_ws/install/my_robot_controller:/home/unknown/ros2_ws/install/bumper_bot_py:/opt/ros/humble /usr/bin/cmake --build /home/unknown/ROS2_Workspaces/bumperbot_ws/build/bumperbot_msgs -- -j8 -l8
[4.110s] DEBUG:colcon.colcon_core.event_handler.log_command:Invoked command in '/home/unknown/ROS2_Workspaces/bumperbot_ws/build/gz_ros2_control' returned '0': CMAKE_PREFIX_PATH=${CMAKE_PREFIX_PATH}:/home/unknown/ROS2_Workspaces/bumperbot_ws/install/my_robot_controller:/home/unknown/ROS2_Workspaces/bumperbot_ws/install/bumper_bot_py:/home/unknown/bumperbot_ws/install/my_robot_controller:/home/unknown/bumperbot_ws/install/bumper_bot_py:/home/unknown/ros2_ws/install/my_robot_controller:/home/unknown/ros2_ws/install/bumper_bot_py:/opt/ros/humble /usr/bin/cmake /home/unknown/ROS2_Workspaces/bumperbot_ws/src/gz_ros2_control/gz_ros2_control -DCMAKE_INSTALL_PREFIX=/home/unknown/ROS2_Workspaces/bumperbot_ws/install/gz_ros2_control
[4.112s] DEBUG:colcon.colcon_core.event_handler.log_command:Invoking command in '/home/unknown/ROS2_Workspaces/bumperbot_ws/build/gz_ros2_control': CMAKE_PREFIX_PATH=${CMAKE_PREFIX_PATH}:/home/unknown/ROS2_Workspaces/bumperbot_ws/install/my_robot_controller:/home/unknown/ROS2_Workspaces/bumperbot_ws/install/bumper_bot_py:/home/unknown/bumperbot_ws/install/my_robot_controller:/home/unknown/bumperbot_ws/install/bumper_bot_py:/home/unknown/ros2_ws/install/my_robot_controller:/home/unknown/ros2_ws/install/bumper_bot_py:/opt/ros/humble /usr/bin/cmake --build /home/unknown/ROS2_Workspaces/bumperbot_ws/build/gz_ros2_control -- -j8 -l8
[10.264s] DEBUG:colcon.colcon_core.event_handler.log_command:Invoked command in '/home/unknown/ROS2_Workspaces/bumperbot_ws/build/bumperbot_msgs' returned '0': CMAKE_PREFIX_PATH=${CMAKE_PREFIX_PATH}:/home/unknown/ROS2_Workspaces/bumperbot_ws/install/my_robot_controller:/home/unknown/ROS2_Workspaces/bumperbot_ws/install/bumper_bot_py:/home/unknown/bumperbot_ws/install/my_robot_controller:/home/unknown/bumperbot_ws/install/bumper_bot_py:/home/unknown/ros2_ws/install/my_robot_controller:/home/unknown/ros2_ws/install/bumper_bot_py:/opt/ros/humble /usr/bin/cmake --build /home/unknown/ROS2_Workspaces/bumperbot_ws/build/bumperbot_msgs -- -j8 -l8
[10.265s] DEBUG:colcon.colcon_core.event_handler.log_command:Invoking command in '/home/unknown/ROS2_Workspaces/bumperbot_ws/build/bumperbot_msgs': CMAKE_PREFIX_PATH=${CMAKE_PREFIX_PATH}:/home/unknown/ROS2_Workspaces/bumperbot_ws/install/my_robot_controller:/home/unknown/ROS2_Workspaces/bumperbot_ws/install/bumper_bot_py:/home/unknown/bumperbot_ws/install/my_robot_controller:/home/unknown/bumperbot_ws/install/bumper_bot_py:/home/unknown/ros2_ws/install/my_robot_controller:/home/unknown/ros2_ws/install/bumper_bot_py:/opt/ros/humble /usr/bin/cmake --install /home/unknown/ROS2_Workspaces/bumperbot_ws/build/bumperbot_msgs
[10.517s] Level 1:colcon.colcon_core.environment:create_environment_scripts_only(bumperbot_msgs)
[10.517s] Level 1:colcon.colcon_core.environment:checking '/home/unknown/ROS2_Workspaces/bumperbot_ws/install/bumperbot_msgs' for CMake module files
[10.518s] DEBUG:colcon.colcon_core.event_handler.log_command:Invoked command in '/home/unknown/ROS2_Workspaces/bumperbot_ws/build/bumperbot_msgs' returned '0': CMAKE_PREFIX_PATH=${CMAKE_PREFIX_PATH}:/home/unknown/ROS2_Workspaces/bumperbot_ws/install/my_robot_controller:/home/unknown/ROS2_Workspaces/bumperbot_ws/install/bumper_bot_py:/home/unknown/bumperbot_ws/install/my_robot_controller:/home/unknown/bumperbot_ws/install/bumper_bot_py:/home/unknown/ros2_ws/install/my_robot_controller:/home/unknown/ros2_ws/install/bumper_bot_py:/opt/ros/humble /usr/bin/cmake --install /home/unknown/ROS2_Workspaces/bumperbot_ws/build/bumperbot_msgs
[10.519s] Level 1:colcon.colcon_core.environment:checking '/home/unknown/ROS2_Workspaces/bumperbot_ws/install/bumperbot_msgs' for CMake config files
[10.519s] Level 1:colcon.colcon_core.shell:create_environment_hook('bumperbot_msgs', 'cmake_prefix_path')
[10.520s] INFO:colcon.colcon_core.shell:Creating environment hook '/home/unknown/ROS2_Workspaces/bumperbot_ws/install/bumperbot_msgs/share/bumperbot_msgs/hook/cmake_prefix_path.ps1'
[10.521s] INFO:colcon.colcon_core.shell:Creating environment descriptor '/home/unknown/ROS2_Workspaces/bumperbot_ws/install/bumperbot_msgs/share/bumperbot_msgs/hook/cmake_prefix_path.dsv'
[10.521s] INFO:colcon.colcon_core.shell:Creating environment hook '/home/unknown/ROS2_Workspaces/bumperbot_ws/install/bumperbot_msgs/share/bumperbot_msgs/hook/cmake_prefix_path.sh'
[10.527s] Level 1:colcon.colcon_core.environment:checking '/home/unknown/ROS2_Workspaces/bumperbot_ws/install/bumperbot_msgs/lib'
[10.527s] Level 1:colcon.colcon_core.shell:create_environment_hook('bumperbot_msgs', 'ld_library_path_lib')
[10.528s] INFO:colcon.colcon_core.shell:Creating environment hook '/home/unknown/ROS2_Workspaces/bumperbot_ws/install/bumperbot_msgs/share/bumperbot_msgs/hook/ld_library_path_lib.ps1'
[10.528s] INFO:colcon.colcon_core.shell:Creating environment descriptor '/home/unknown/ROS2_Workspaces/bumperbot_ws/install/bumperbot_msgs/share/bumperbot_msgs/hook/ld_library_path_lib.dsv'
[10.529s] INFO:colcon.colcon_core.shell:Creating environment hook '/home/unknown/ROS2_Workspaces/bumperbot_ws/install/bumperbot_msgs/share/bumperbot_msgs/hook/ld_library_path_lib.sh'
[10.532s] Level 1:colcon.colcon_core.environment:checking '/home/unknown/ROS2_Workspaces/bumperbot_ws/install/bumperbot_msgs/bin'
[10.533s] Level 1:colcon.colcon_core.environment:checking '/home/unknown/ROS2_Workspaces/bumperbot_ws/install/bumperbot_msgs/lib/pkgconfig/bumperbot_msgs.pc'
[10.533s] Level 1:colcon.colcon_core.environment:checking '/home/unknown/ROS2_Workspaces/bumperbot_ws/install/bumperbot_msgs/lib/python3.10/site-packages'
[10.534s] Level 1:colcon.colcon_core.environment:checking '/home/unknown/ROS2_Workspaces/bumperbot_ws/install/bumperbot_msgs/bin'
[10.534s] INFO:colcon.colcon_core.shell:Creating package script '/home/unknown/ROS2_Workspaces/bumperbot_ws/install/bumperbot_msgs/share/bumperbot_msgs/package.ps1'
[10.535s] INFO:colcon.colcon_core.shell:Creating package descriptor '/home/unknown/ROS2_Workspaces/bumperbot_ws/install/bumperbot_msgs/share/bumperbot_msgs/package.dsv'
[10.539s] INFO:colcon.colcon_core.shell:Creating package script '/home/unknown/ROS2_Workspaces/bumperbot_ws/install/bumperbot_msgs/share/bumperbot_msgs/package.sh'
[10.540s] INFO:colcon.colcon_core.shell:Creating package script '/home/unknown/ROS2_Workspaces/bumperbot_ws/install/bumperbot_msgs/share/bumperbot_msgs/package.bash'
[10.540s] INFO:colcon.colcon_core.shell:Creating package script '/home/unknown/ROS2_Workspaces/bumperbot_ws/install/bumperbot_msgs/share/bumperbot_msgs/package.zsh'
[10.541s] Level 1:colcon.colcon_core.environment:create_file_with_runtime_dependencies(/home/unknown/ROS2_Workspaces/bumperbot_ws/install/bumperbot_msgs/share/colcon-core/packages/bumperbot_msgs)
[10.545s] Level 1:colcon.colcon_core.environment:create_environment_scripts_only(bumperbot_msgs)
[10.546s] Level 1:colcon.colcon_core.environment:checking '/home/unknown/ROS2_Workspaces/bumperbot_ws/install/bumperbot_msgs' for CMake module files
[10.547s] Level 1:colcon.colcon_core.environment:checking '/home/unknown/ROS2_Workspaces/bumperbot_ws/install/bumperbot_msgs' for CMake config files
[10.548s] Level 1:colcon.colcon_core.shell:create_environment_hook('bumperbot_msgs', 'cmake_prefix_path')
[10.548s] INFO:colcon.colcon_core.shell:Creating environment hook '/home/unknown/ROS2_Workspaces/bumperbot_ws/install/bumperbot_msgs/share/bumperbot_msgs/hook/cmake_prefix_path.ps1'
[10.552s] INFO:colcon.colcon_core.shell:Creating environment descriptor '/home/unknown/ROS2_Workspaces/bumperbot_ws/install/bumperbot_msgs/share/bumperbot_msgs/hook/cmake_prefix_path.dsv'
[10.553s] INFO:colcon.colcon_core.shell:Creating environment hook '/home/unknown/ROS2_Workspaces/bumperbot_ws/install/bumperbot_msgs/share/bumperbot_msgs/hook/cmake_prefix_path.sh'
[10.553s] Level 1:colcon.colcon_core.environment:checking '/home/unknown/ROS2_Workspaces/bumperbot_ws/install/bumperbot_msgs/lib'
[10.554s] Level 1:colcon.colcon_core.shell:create_environment_hook('bumperbot_msgs', 'ld_library_path_lib')
[10.554s] INFO:colcon.colcon_core.shell:Creating environment hook '/home/unknown/ROS2_Workspaces/bumperbot_ws/install/bumperbot_msgs/share/bumperbot_msgs/hook/ld_library_path_lib.ps1'
[10.558s] INFO:colcon.colcon_core.shell:Creating environment descriptor '/home/unknown/ROS2_Workspaces/bumperbot_ws/install/bumperbot_msgs/share/bumperbot_msgs/hook/ld_library_path_lib.dsv'
[10.558s] INFO:colcon.colcon_core.shell:Creating environment hook '/home/unknown/ROS2_Workspaces/bumperbot_ws/install/bumperbot_msgs/share/bumperbot_msgs/hook/ld_library_path_lib.sh'
[10.559s] Level 1:colcon.colcon_core.environment:checking '/home/unknown/ROS2_Workspaces/bumperbot_ws/install/bumperbot_msgs/bin'
[10.559s] Level 1:colcon.colcon_core.environment:checking '/home/unknown/ROS2_Workspaces/bumperbot_ws/install/bumperbot_msgs/lib/pkgconfig/bumperbot_msgs.pc'
[10.560s] Level 1:colcon.colcon_core.environment:checking '/home/unknown/ROS2_Workspaces/bumperbot_ws/install/bumperbot_msgs/lib/python3.10/site-packages'
[10.560s] Level 1:colcon.colcon_core.environment:checking '/home/unknown/ROS2_Workspaces/bumperbot_ws/install/bumperbot_msgs/bin'
[10.564s] INFO:colcon.colcon_core.shell:Creating package script '/home/unknown/ROS2_Workspaces/bumperbot_ws/install/bumperbot_msgs/share/bumperbot_msgs/package.ps1'
[10.565s] INFO:colcon.colcon_core.shell:Creating package descriptor '/home/unknown/ROS2_Workspaces/bumperbot_ws/install/bumperbot_msgs/share/bumperbot_msgs/package.dsv'
[10.566s] INFO:colcon.colcon_core.shell:Creating package script '/home/unknown/ROS2_Workspaces/bumperbot_ws/install/bumperbot_msgs/share/bumperbot_msgs/package.sh'
[10.570s] INFO:colcon.colcon_core.shell:Creating package script '/home/unknown/ROS2_Workspaces/bumperbot_ws/install/bumperbot_msgs/share/bumperbot_msgs/package.bash'
[10.571s] INFO:colcon.colcon_core.shell:Creating package script '/home/unknown/ROS2_Workspaces/bumperbot_ws/install/bumperbot_msgs/share/bumperbot_msgs/package.zsh'
[10.572s] Level 1:colcon.colcon_core.environment:create_file_with_runtime_dependencies(/home/unknown/ROS2_Workspaces/bumperbot_ws/install/bumperbot_msgs/share/colcon-core/packages/bumperbot_msgs)
[10.573s] INFO:colcon.colcon_ros.task.ament_python.build:Building ROS package in '/home/unknown/ROS2_Workspaces/bumperbot_ws/src/bumper_bot_py' with build type 'ament_python'
[10.573s] Level 1:colcon.colcon_core.shell:create_environment_hook('bumper_bot_py', 'ament_prefix_path')
[10.577s] INFO:colcon.colcon_core.shell:Creating environment hook '/home/unknown/ROS2_Workspaces/bumperbot_ws/install/bumper_bot_py/share/bumper_bot_py/hook/ament_prefix_path.ps1'
[10.581s] INFO:colcon.colcon_core.shell:Creating environment descriptor '/home/unknown/ROS2_Workspaces/bumperbot_ws/install/bumper_bot_py/share/bumper_bot_py/hook/ament_prefix_path.dsv'
[10.582s] INFO:colcon.colcon_core.shell:Creating environment hook '/home/unknown/ROS2_Workspaces/bumperbot_ws/install/bumper_bot_py/share/bumper_bot_py/hook/ament_prefix_path.sh'
[10.583s] INFO:colcon.colcon_core.shell:Skip shell extension 'powershell' for command environment: Not usable outside of PowerShell
[10.583s] DEBUG:colcon.colcon_core.shell:Skip shell extension 'dsv' for command environment
[10.597s] INFO:colcon.colcon_ros.task.ament_cmake.build:Building ROS package in '/home/unknown/ROS2_Workspaces/bumperbot_ws/src/cpp_folder' with build type 'ament_cmake'
[10.597s] INFO:colcon.colcon_cmake.task.cmake.build:Building CMake package in '/home/unknown/ROS2_Workspaces/bumperbot_ws/src/cpp_folder'
[10.597s] INFO:colcon.colcon_core.shell:Skip shell extension 'powershell' for command environment: Not usable outside of PowerShell
[10.597s] DEBUG:colcon.colcon_core.shell:Skip shell extension 'dsv' for command environment
[11.244s] INFO:colcon.colcon_core.task.python.build:Building Python package in '/home/unknown/ROS2_Workspaces/bumperbot_ws/src/bumper_bot_py'
[11.245s] INFO:colcon.colcon_core.shell:Skip shell extension 'powershell' for command environment: Not usable outside of PowerShell
[11.245s] DEBUG:colcon.colcon_core.shell:Skip shell extension 'dsv' for command environment
[11.259s] DEBUG:colcon.colcon_core.event_handler.log_command:Invoking command in '/home/unknown/ROS2_Workspaces/bumperbot_ws/build/cpp_folder': CMAKE_PREFIX_PATH=/home/unknown/ROS2_Workspaces/bumperbot_ws/install/bumperbot_msgs:/home/unknown/ROS2_Workspaces/bumperbot_ws/install/ign_ros2_control_demos:/home/unknown/ROS2_Workspaces/bumperbot_ws/install/bumper_bot:/home/unknown/ROS2_Workspaces/bumperbot_ws/install/ign_ros2_control:/home/unknown/ROS2_Workspaces/bumperbot_ws/install/gz_ros2_control_tests:/home/unknown/ROS2_Workspaces/bumperbot_ws/install/gz_ros2_control_demos:/home/unknown/ROS2_Workspaces/bumperbot_ws/install/gz_ros2_control:/home/unknown/ROS2_Workspaces/bumperbot_ws/install/cpp_folder:/home/unknown/ROS2_Workspaces/bumperbot_ws/install/bumperbot_utils:/home/unknown/ROS2_Workspaces/bumperbot_ws/install/bumperbot_localisation:/home/unknown/ROS2_Workspaces/bumperbot_ws/install/bumperbot_firmware:/home/unknown/ROS2_Workspaces/bumperbot_ws/install/bumperbot_controller:/home/unknown/bumperbot_ws/install/ign_ros2_control_demos:/home/unknown/bumperbot_ws/install/bumper_bot:/home/unknown/bumperbot_ws/install/ign_ros2_control:/home/unknown/bumperbot_ws/install/gz_ros2_control_tests:/home/unknown/bumperbot_ws/install/gz_ros2_control_demos:/home/unknown/bumperbot_ws/install/gz_ros2_control:/home/unknown/bumperbot_ws/install/cpp_folder:/home/unknown/bumperbot_ws/install/bumperbot_utils:/home/unknown/bumperbot_ws/install/bumperbot_msgs:/home/unknown/bumperbot_ws/install/bumperbot_localisation:/home/unknown/bumperbot_ws/install/bumperbot_firmware:/home/unknown/bumperbot_ws/install/bumperbot_controller:/home/unknown/ros2_ws/install/rc_plane:/home/unknown/ros2_ws/install/ign_ros2_control_demos:/home/unknown/ros2_ws/install/bumper_bot:/home/unknown/ros2_ws/install/ign_ros2_control:/home/unknown/ros2_ws/install/gz_ros2_control_tests:/home/unknown/ros2_ws/install/gz_ros2_control_demos:/home/unknown/ros2_ws/install/gz_ros2_control:/home/unknown/ros2_ws/install/cpp_folder:/home/unknown/ros2_ws/install/bumperbot_utils:/home/unknown/ros2_ws/install/bumperbot_msgs:/home/unknown/ros2_ws/install/bumperbot_localisation:/home/unknown/ros2_ws/install/bumperbot_firmware:/home/unknown/ros2_ws/install/bumperbot_controller:/home/unknown/ROS2_Workspaces/bumperbot_ws/install/my_robot_controller:/home/unknown/ROS2_Workspaces/bumperbot_ws/install/bumper_bot_py:/home/unknown/bumperbot_ws/install/my_robot_controller:/home/unknown/bumperbot_ws/install/bumper_bot_py:/home/unknown/ros2_ws/install/my_robot_controller:/home/unknown/ros2_ws/install/bumper_bot_py:/opt/ros/humble LD_LIBRARY_PATH=/home/unknown/ROS2_Workspaces/bumperbot_ws/install/bumperbot_msgs/lib:/home/unknown/ROS2_Workspaces/bumperbot_ws/install/gz_ros2_control/lib:/home/unknown/bumperbot_ws/install/gz_ros2_control/lib:/home/unknown/bumperbot_ws/install/bumperbot_msgs/lib:/home/unknown/ros2_ws/install/gz_ros2_control/lib:/home/unknown/ros2_ws/install/bumperbot_msgs/lib:/opt/ros/humble/opt/rviz_ogre_vendor/lib:/opt/ros/humble/lib/x86_64-linux-gnu:/opt/ros/humble/lib /usr/bin/cmake /home/unknown/ROS2_Workspaces/bumperbot_ws/src/cpp_folder -DCMAKE_INSTALL_PREFIX=/home/unknown/ROS2_Workspaces/bumperbot_ws/install/cpp_folder
[12.114s] DEBUG:colcon.colcon_core.event_handler.log_command:Invoking command in '/home/unknown/ROS2_Workspaces/bumperbot_ws/src/bumper_bot_py': CMAKE_PREFIX_PATH=/home/unknown/ROS2_Workspaces/bumperbot_ws/install/bumperbot_msgs:/home/unknown/ROS2_Workspaces/bumperbot_ws/install/ign_ros2_control_demos:/home/unknown/ROS2_Workspaces/bumperbot_ws/install/bumper_bot:/home/unknown/ROS2_Workspaces/bumperbot_ws/install/ign_ros2_control:/home/unknown/ROS2_Workspaces/bumperbot_ws/install/gz_ros2_control_tests:/home/unknown/ROS2_Workspaces/bumperbot_ws/install/gz_ros2_control_demos:/home/unknown/ROS2_Workspaces/bumperbot_ws/install/gz_ros2_control:/home/unknown/ROS2_Workspaces/bumperbot_ws/install/cpp_folder:/home/unknown/ROS2_Workspaces/bumperbot_ws/install/bumperbot_utils:/home/unknown/ROS2_Workspaces/bumperbot_ws/install/bumperbot_localisation:/home/unknown/ROS2_Workspaces/bumperbot_ws/install/bumperbot_firmware:/home/unknown/ROS2_Workspaces/bumperbot_ws/install/bumperbot_controller:/home/unknown/bumperbot_ws/install/ign_ros2_control_demos:/home/unknown/bumperbot_ws/install/bumper_bot:/home/unknown/bumperbot_ws/install/ign_ros2_control:/home/unknown/bumperbot_ws/install/gz_ros2_control_tests:/home/unknown/bumperbot_ws/install/gz_ros2_control_demos:/home/unknown/bumperbot_ws/install/gz_ros2_control:/home/unknown/bumperbot_ws/install/cpp_folder:/home/unknown/bumperbot_ws/install/bumperbot_utils:/home/unknown/bumperbot_ws/install/bumperbot_msgs:/home/unknown/bumperbot_ws/install/bumperbot_localisation:/home/unknown/bumperbot_ws/install/bumperbot_firmware:/home/unknown/bumperbot_ws/install/bumperbot_controller:/home/unknown/ros2_ws/install/rc_plane:/home/unknown/ros2_ws/install/ign_ros2_control_demos:/home/unknown/ros2_ws/install/bumper_bot:/home/unknown/ros2_ws/install/ign_ros2_control:/home/unknown/ros2_ws/install/gz_ros2_control_tests:/home/unknown/ros2_ws/install/gz_ros2_control_demos:/home/unknown/ros2_ws/install/gz_ros2_control:/home/unknown/ros2_ws/install/cpp_folder:/home/unknown/ros2_ws/install/bumperbot_utils:/home/unknown/ros2_ws/install/bumperbot_msgs:/home/unknown/ros2_ws/install/bumperbot_localisation:/home/unknown/ros2_ws/install/bumperbot_firmware:/home/unknown/ros2_ws/install/bumperbot_controller LD_LIBRARY_PATH=/home/unknown/ROS2_Workspaces/bumperbot_ws/install/bumperbot_msgs/lib:/home/unknown/ROS2_Workspaces/bumperbot_ws/install/gz_ros2_control/lib:/home/unknown/bumperbot_ws/install/gz_ros2_control/lib:/home/unknown/bumperbot_ws/install/bumperbot_msgs/lib:/home/unknown/ros2_ws/install/gz_ros2_control/lib:/home/unknown/ros2_ws/install/bumperbot_msgs/lib:/opt/ros/humble/opt/rviz_ogre_vendor/lib:/opt/ros/humble/lib/x86_64-linux-gnu:/opt/ros/humble/lib PYTHONPATH=/home/unknown/ROS2_Workspaces/bumperbot_ws/build/bumper_bot_py/prefix_override:/usr/lib/python3/dist-packages/colcon_core/task/python/colcon_distutils_commands:/home/unknown/ROS2_Workspaces/bumperbot_ws/install/bumper_bot_py/lib/python3.10/site-packages:${PYTHONPATH} /usr/bin/python3 -W ignore:setup.py install is deprecated -W ignore:easy_install command is deprecated setup.py egg_info --egg-base ../../build/bumper_bot_py build --build-base /home/unknown/ROS2_Workspaces/bumperbot_ws/build/bumper_bot_py/build install --record /home/unknown/ROS2_Workspaces/bumperbot_ws/build/bumper_bot_py/install.log --single-version-externally-managed install_data
[12.864s] Level 1:colcon.colcon_core.environment:checking '/home/unknown/ROS2_Workspaces/bumperbot_ws/install/bumper_bot_py' for CMake module files
[12.864s] DEBUG:colcon.colcon_core.event_handler.log_command:Invoked command in '/home/unknown/ROS2_Workspaces/bumperbot_ws/src/bumper_bot_py' returned '0': CMAKE_PREFIX_PATH=/home/unknown/ROS2_Workspaces/bumperbot_ws/install/bumperbot_msgs:/home/unknown/ROS2_Workspaces/bumperbot_ws/install/ign_ros2_control_demos:/home/unknown/ROS2_Workspaces/bumperbot_ws/install/bumper_bot:/home/unknown/ROS2_Workspaces/bumperbot_ws/install/ign_ros2_control:/home/unknown/ROS2_Workspaces/bumperbot_ws/install/gz_ros2_control_tests:/home/unknown/ROS2_Workspaces/bumperbot_ws/install/gz_ros2_control_demos:/home/unknown/ROS2_Workspaces/bumperbot_ws/install/gz_ros2_control:/home/unknown/ROS2_Workspaces/bumperbot_ws/install/cpp_folder:/home/unknown/ROS2_Workspaces/bumperbot_ws/install/bumperbot_utils:/home/unknown/ROS2_Workspaces/bumperbot_ws/install/bumperbot_localisation:/home/unknown/ROS2_Workspaces/bumperbot_ws/install/bumperbot_firmware:/home/unknown/ROS2_Workspaces/bumperbot_ws/install/bumperbot_controller:/home/unknown/bumperbot_ws/install/ign_ros2_control_demos:/home/unknown/bumperbot_ws/install/bumper_bot:/home/unknown/bumperbot_ws/install/ign_ros2_control:/home/unknown/bumperbot_ws/install/gz_ros2_control_tests:/home/unknown/bumperbot_ws/install/gz_ros2_control_demos:/home/unknown/bumperbot_ws/install/gz_ros2_control:/home/unknown/bumperbot_ws/install/cpp_folder:/home/unknown/bumperbot_ws/install/bumperbot_utils:/home/unknown/bumperbot_ws/install/bumperbot_msgs:/home/unknown/bumperbot_ws/install/bumperbot_localisation:/home/unknown/bumperbot_ws/install/bumperbot_firmware:/home/unknown/bumperbot_ws/install/bumperbot_controller:/home/unknown/ros2_ws/install/rc_plane:/home/unknown/ros2_ws/install/ign_ros2_control_demos:/home/unknown/ros2_ws/install/bumper_bot:/home/unknown/ros2_ws/install/ign_ros2_control:/home/unknown/ros2_ws/install/gz_ros2_control_tests:/home/unknown/ros2_ws/install/gz_ros2_control_demos:/home/unknown/ros2_ws/install/gz_ros2_control:/home/unknown/ros2_ws/install/cpp_folder:/home/unknown/ros2_ws/install/bumperbot_utils:/home/unknown/ros2_ws/install/bumperbot_msgs:/home/unknown/ros2_ws/install/bumperbot_localisation:/home/unknown/ros2_ws/install/bumperbot_firmware:/home/unknown/ros2_ws/install/bumperbot_controller LD_LIBRARY_PATH=/home/unknown/ROS2_Workspaces/bumperbot_ws/install/bumperbot_msgs/lib:/home/unknown/ROS2_Workspaces/bumperbot_ws/install/gz_ros2_control/lib:/home/unknown/bumperbot_ws/install/gz_ros2_control/lib:/home/unknown/bumperbot_ws/install/bumperbot_msgs/lib:/home/unknown/ros2_ws/install/gz_ros2_control/lib:/home/unknown/ros2_ws/install/bumperbot_msgs/lib:/opt/ros/humble/opt/rviz_ogre_vendor/lib:/opt/ros/humble/lib/x86_64-linux-gnu:/opt/ros/humble/lib PYTHONPATH=/home/unknown/ROS2_Workspaces/bumperbot_ws/build/bumper_bot_py/prefix_override:/usr/lib/python3/dist-packages/colcon_core/task/python/colcon_distutils_commands:/home/unknown/ROS2_Workspaces/bumperbot_ws/install/bumper_bot_py/lib/python3.10/site-packages:${PYTHONPATH} /usr/bin/python3 -W ignore:setup.py install is deprecated -W ignore:easy_install command is deprecated setup.py egg_info --egg-base ../../build/bumper_bot_py build --build-base /home/unknown/ROS2_Workspaces/bumperbot_ws/build/bumper_bot_py/build install --record /home/unknown/ROS2_Workspaces/bumperbot_ws/build/bumper_bot_py/install.log --single-version-externally-managed install_data
[12.866s] Level 1:colcon.colcon_core.environment:checking '/home/unknown/ROS2_Workspaces/bumperbot_ws/install/bumper_bot_py' for CMake config files
[12.867s] Level 1:colcon.colcon_core.environment:checking '/home/unknown/ROS2_Workspaces/bumperbot_ws/install/bumper_bot_py/lib'
[12.867s] Level 1:colcon.colcon_core.environment:checking '/home/unknown/ROS2_Workspaces/bumperbot_ws/install/bumper_bot_py/bin'
[12.868s] Level 1:colcon.colcon_core.environment:checking '/home/unknown/ROS2_Workspaces/bumperbot_ws/install/bumper_bot_py/lib/pkgconfig/bumper_bot_py.pc'
[12.868s] Level 1:colcon.colcon_core.environment:checking '/home/unknown/ROS2_Workspaces/bumperbot_ws/install/bumper_bot_py/lib/python3.10/site-packages'
[12.868s] Level 1:colcon.colcon_core.shell:create_environment_hook('bumper_bot_py', 'pythonpath')
[12.869s] INFO:colcon.colcon_core.shell:Creating environment hook '/home/unknown/ROS2_Workspaces/bumperbot_ws/install/bumper_bot_py/share/bumper_bot_py/hook/pythonpath.ps1'
[12.870s] INFO:colcon.colcon_core.shell:Creating environment descriptor '/home/unknown/ROS2_Workspaces/bumperbot_ws/install/bumper_bot_py/share/bumper_bot_py/hook/pythonpath.dsv'
[12.871s] INFO:colcon.colcon_core.shell:Creating environment hook '/home/unknown/ROS2_Workspaces/bumperbot_ws/install/bumper_bot_py/share/bumper_bot_py/hook/pythonpath.sh'
[12.872s] Level 1:colcon.colcon_core.environment:checking '/home/unknown/ROS2_Workspaces/bumperbot_ws/install/bumper_bot_py/bin'
[12.872s] Level 1:colcon.colcon_core.environment:create_environment_scripts_only(bumper_bot_py)
[12.873s] INFO:colcon.colcon_core.shell:Creating package script '/home/unknown/ROS2_Workspaces/bumperbot_ws/install/bumper_bot_py/share/bumper_bot_py/package.ps1'
[12.874s] INFO:colcon.colcon_core.shell:Creating package descriptor '/home/unknown/ROS2_Workspaces/bumperbot_ws/install/bumper_bot_py/share/bumper_bot_py/package.dsv'
[12.876s] INFO:colcon.colcon_core.shell:Creating package script '/home/unknown/ROS2_Workspaces/bumperbot_ws/install/bumper_bot_py/share/bumper_bot_py/package.sh'
[12.877s] INFO:colcon.colcon_core.shell:Creating package script '/home/unknown/ROS2_Workspaces/bumperbot_ws/install/bumper_bot_py/share/bumper_bot_py/package.bash'
[12.878s] INFO:colcon.colcon_core.shell:Creating package script '/home/unknown/ROS2_Workspaces/bumperbot_ws/install/bumper_bot_py/share/bumper_bot_py/package.zsh'
[12.879s] Level 1:colcon.colcon_core.environment:create_file_with_runtime_dependencies(/home/unknown/ROS2_Workspaces/bumperbot_ws/install/bumper_bot_py/share/colcon-core/packages/bumper_bot_py)
[15.410s] DEBUG:colcon.colcon_core.event_handler.log_command:Invoked command in '/home/unknown/ROS2_Workspaces/bumperbot_ws/build/cpp_folder' returned '0': CMAKE_PREFIX_PATH=/home/unknown/ROS2_Workspaces/bumperbot_ws/install/bumperbot_msgs:/home/unknown/ROS2_Workspaces/bumperbot_ws/install/ign_ros2_control_demos:/home/unknown/ROS2_Workspaces/bumperbot_ws/install/bumper_bot:/home/unknown/ROS2_Workspaces/bumperbot_ws/install/ign_ros2_control:/home/unknown/ROS2_Workspaces/bumperbot_ws/install/gz_ros2_control_tests:/home/unknown/ROS2_Workspaces/bumperbot_ws/install/gz_ros2_control_demos:/home/unknown/ROS2_Workspaces/bumperbot_ws/install/gz_ros2_control:/home/unknown/ROS2_Workspaces/bumperbot_ws/install/cpp_folder:/home/unknown/ROS2_Workspaces/bumperbot_ws/install/bumperbot_utils:/home/unknown/ROS2_Workspaces/bumperbot_ws/install/bumperbot_localisation:/home/unknown/ROS2_Workspaces/bumperbot_ws/install/bumperbot_firmware:/home/unknown/ROS2_Workspaces/bumperbot_ws/install/bumperbot_controller:/home/unknown/bumperbot_ws/install/ign_ros2_control_demos:/home/unknown/bumperbot_ws/install/bumper_bot:/home/unknown/bumperbot_ws/install/ign_ros2_control:/home/unknown/bumperbot_ws/install/gz_ros2_control_tests:/home/unknown/bumperbot_ws/install/gz_ros2_control_demos:/home/unknown/bumperbot_ws/install/gz_ros2_control:/home/unknown/bumperbot_ws/install/cpp_folder:/home/unknown/bumperbot_ws/install/bumperbot_utils:/home/unknown/bumperbot_ws/install/bumperbot_msgs:/home/unknown/bumperbot_ws/install/bumperbot_localisation:/home/unknown/bumperbot_ws/install/bumperbot_firmware:/home/unknown/bumperbot_ws/install/bumperbot_controller:/home/unknown/ros2_ws/install/rc_plane:/home/unknown/ros2_ws/install/ign_ros2_control_demos:/home/unknown/ros2_ws/install/bumper_bot:/home/unknown/ros2_ws/install/ign_ros2_control:/home/unknown/ros2_ws/install/gz_ros2_control_tests:/home/unknown/ros2_ws/install/gz_ros2_control_demos:/home/unknown/ros2_ws/install/gz_ros2_control:/home/unknown/ros2_ws/install/cpp_folder:/home/unknown/ros2_ws/install/bumperbot_utils:/home/unknown/ros2_ws/install/bumperbot_msgs:/home/unknown/ros2_ws/install/bumperbot_localisation:/home/unknown/ros2_ws/install/bumperbot_firmware:/home/unknown/ros2_ws/install/bumperbot_controller:/home/unknown/ROS2_Workspaces/bumperbot_ws/install/my_robot_controller:/home/unknown/ROS2_Workspaces/bumperbot_ws/install/bumper_bot_py:/home/unknown/bumperbot_ws/install/my_robot_controller:/home/unknown/bumperbot_ws/install/bumper_bot_py:/home/unknown/ros2_ws/install/my_robot_controller:/home/unknown/ros2_ws/install/bumper_bot_py:/opt/ros/humble LD_LIBRARY_PATH=/home/unknown/ROS2_Workspaces/bumperbot_ws/install/bumperbot_msgs/lib:/home/unknown/ROS2_Workspaces/bumperbot_ws/install/gz_ros2_control/lib:/home/unknown/bumperbot_ws/install/gz_ros2_control/lib:/home/unknown/bumperbot_ws/install/bumperbot_msgs/lib:/home/unknown/ros2_ws/install/gz_ros2_control/lib:/home/unknown/ros2_ws/install/bumperbot_msgs/lib:/opt/ros/humble/opt/rviz_ogre_vendor/lib:/opt/ros/humble/lib/x86_64-linux-gnu:/opt/ros/humble/lib /usr/bin/cmake /home/unknown/ROS2_Workspaces/bumperbot_ws/src/cpp_folder -DCMAKE_INSTALL_PREFIX=/home/unknown/ROS2_Workspaces/bumperbot_ws/install/cpp_folder
[15.414s] DEBUG:colcon.colcon_core.event_handler.log_command:Invoking command in '/home/unknown/ROS2_Workspaces/bumperbot_ws/build/cpp_folder': CMAKE_PREFIX_PATH=/home/unknown/ROS2_Workspaces/bumperbot_ws/install/bumperbot_msgs:/home/unknown/ROS2_Workspaces/bumperbot_ws/install/ign_ros2_control_demos:/home/unknown/ROS2_Workspaces/bumperbot_ws/install/bumper_bot:/home/unknown/ROS2_Workspaces/bumperbot_ws/install/ign_ros2_control:/home/unknown/ROS2_Workspaces/bumperbot_ws/install/gz_ros2_control_tests:/home/unknown/ROS2_Workspaces/bumperbot_ws/install/gz_ros2_control_demos:/home/unknown/ROS2_Workspaces/bumperbot_ws/install/gz_ros2_control:/home/unknown/ROS2_Workspaces/bumperbot_ws/install/cpp_folder:/home/unknown/ROS2_Workspaces/bumperbot_ws/install/bumperbot_utils:/home/unknown/ROS2_Workspaces/bumperbot_ws/install/bumperbot_localisation:/home/unknown/ROS2_Workspaces/bumperbot_ws/install/bumperbot_firmware:/home/unknown/ROS2_Workspaces/bumperbot_ws/install/bumperbot_controller:/home/unknown/bumperbot_ws/install/ign_ros2_control_demos:/home/unknown/bumperbot_ws/install/bumper_bot:/home/unknown/bumperbot_ws/install/ign_ros2_control:/home/unknown/bumperbot_ws/install/gz_ros2_control_tests:/home/unknown/bumperbot_ws/install/gz_ros2_control_demos:/home/unknown/bumperbot_ws/install/gz_ros2_control:/home/unknown/bumperbot_ws/install/cpp_folder:/home/unknown/bumperbot_ws/install/bumperbot_utils:/home/unknown/bumperbot_ws/install/bumperbot_msgs:/home/unknown/bumperbot_ws/install/bumperbot_localisation:/home/unknown/bumperbot_ws/install/bumperbot_firmware:/home/unknown/bumperbot_ws/install/bumperbot_controller:/home/unknown/ros2_ws/install/rc_plane:/home/unknown/ros2_ws/install/ign_ros2_control_demos:/home/unknown/ros2_ws/install/bumper_bot:/home/unknown/ros2_ws/install/ign_ros2_control:/home/unknown/ros2_ws/install/gz_ros2_control_tests:/home/unknown/ros2_ws/install/gz_ros2_control_demos:/home/unknown/ros2_ws/install/gz_ros2_control:/home/unknown/ros2_ws/install/cpp_folder:/home/unknown/ros2_ws/install/bumperbot_utils:/home/unknown/ros2_ws/install/bumperbot_msgs:/home/unknown/ros2_ws/install/bumperbot_localisation:/home/unknown/ros2_ws/install/bumperbot_firmware:/home/unknown/ros2_ws/install/bumperbot_controller:/home/unknown/ROS2_Workspaces/bumperbot_ws/install/my_robot_controller:/home/unknown/ROS2_Workspaces/bumperbot_ws/install/bumper_bot_py:/home/unknown/bumperbot_ws/install/my_robot_controller:/home/unknown/bumperbot_ws/install/bumper_bot_py:/home/unknown/ros2_ws/install/my_robot_controller:/home/unknown/ros2_ws/install/bumper_bot_py:/opt/ros/humble LD_LIBRARY_PATH=/home/unknown/ROS2_Workspaces/bumperbot_ws/install/bumperbot_msgs/lib:/home/unknown/ROS2_Workspaces/bumperbot_ws/install/gz_ros2_control/lib:/home/unknown/bumperbot_ws/install/gz_ros2_control/lib:/home/unknown/bumperbot_ws/install/bumperbot_msgs/lib:/home/unknown/ros2_ws/install/gz_ros2_control/lib:/home/unknown/ros2_ws/install/bumperbot_msgs/lib:/opt/ros/humble/opt/rviz_ogre_vendor/lib:/opt/ros/humble/lib/x86_64-linux-gnu:/opt/ros/humble/lib /usr/bin/cmake --build /home/unknown/ROS2_Workspaces/bumperbot_ws/build/cpp_folder -- -j8 -l8
[29.976s] DEBUG:colcon.colcon_core.event_handler.log_command:Invoked command in '/home/unknown/ROS2_Workspaces/bumperbot_ws/build/bumperbot_localisation' returned '0': CMAKE_PREFIX_PATH=${CMAKE_PREFIX_PATH}:/home/unknown/ROS2_Workspaces/bumperbot_ws/install/my_robot_controller:/home/unknown/ROS2_Workspaces/bumperbot_ws/install/bumper_bot_py:/home/unknown/bumperbot_ws/install/my_robot_controller:/home/unknown/bumperbot_ws/install/bumper_bot_py:/home/unknown/ros2_ws/install/my_robot_controller:/home/unknown/ros2_ws/install/bumper_bot_py:/opt/ros/humble /usr/bin/cmake --build /home/unknown/ROS2_Workspaces/bumperbot_ws/build/bumperbot_localisation -- -j8 -l8
[29.979s] DEBUG:colcon.colcon_core.event_handler.log_command:Invoking command in '/home/unknown/ROS2_Workspaces/bumperbot_ws/build/bumperbot_localisation': CMAKE_PREFIX_PATH=${CMAKE_PREFIX_PATH}:/home/unknown/ROS2_Workspaces/bumperbot_ws/install/my_robot_controller:/home/unknown/ROS2_Workspaces/bumperbot_ws/install/bumper_bot_py:/home/unknown/bumperbot_ws/install/my_robot_controller:/home/unknown/bumperbot_ws/install/bumper_bot_py:/home/unknown/ros2_ws/install/my_robot_controller:/home/unknown/ros2_ws/install/bumper_bot_py:/opt/ros/humble /usr/bin/cmake --install /home/unknown/ROS2_Workspaces/bumperbot_ws/build/bumperbot_localisation
[30.287s] Level 1:colcon.colcon_core.environment:create_environment_scripts_only(bumperbot_localisation)
[30.288s] Level 1:colcon.colcon_core.environment:checking '/home/unknown/ROS2_Workspaces/bumperbot_ws/install/bumperbot_localisation' for CMake module files
[30.289s] Level 1:colcon.colcon_core.environment:checking '/home/unknown/ROS2_Workspaces/bumperbot_ws/install/bumperbot_localisation' for CMake config files
[30.293s] DEBUG:colcon.colcon_core.event_handler.log_command:Invoked command in '/home/unknown/ROS2_Workspaces/bumperbot_ws/build/bumperbot_localisation' returned '0': CMAKE_PREFIX_PATH=${CMAKE_PREFIX_PATH}:/home/unknown/ROS2_Workspaces/bumperbot_ws/install/my_robot_controller:/home/unknown/ROS2_Workspaces/bumperbot_ws/install/bumper_bot_py:/home/unknown/bumperbot_ws/install/my_robot_controller:/home/unknown/bumperbot_ws/install/bumper_bot_py:/home/unknown/ros2_ws/install/my_robot_controller:/home/unknown/ros2_ws/install/bumper_bot_py:/opt/ros/humble /usr/bin/cmake --install /home/unknown/ROS2_Workspaces/bumperbot_ws/build/bumperbot_localisation
[30.294s] Level 1:colcon.colcon_core.shell:create_environment_hook('bumperbot_localisation', 'cmake_prefix_path')
[30.294s] INFO:colcon.colcon_core.shell:Creating environment hook '/home/unknown/ROS2_Workspaces/bumperbot_ws/install/bumperbot_localisation/share/bumperbot_localisation/hook/cmake_prefix_path.ps1'
[30.295s] INFO:colcon.colcon_core.shell:Creating environment descriptor '/home/unknown/ROS2_Workspaces/bumperbot_ws/install/bumperbot_localisation/share/bumperbot_localisation/hook/cmake_prefix_path.dsv'
[30.296s] INFO:colcon.colcon_core.shell:Creating environment hook '/home/unknown/ROS2_Workspaces/bumperbot_ws/install/bumperbot_localisation/share/bumperbot_localisation/hook/cmake_prefix_path.sh'
[30.300s] Level 1:colcon.colcon_core.environment:checking '/home/unknown/ROS2_Workspaces/bumperbot_ws/install/bumperbot_localisation/lib'
[30.301s] Level 1:colcon.colcon_core.environment:checking '/home/unknown/ROS2_Workspaces/bumperbot_ws/install/bumperbot_localisation/bin'
[30.303s] Level 1:colcon.colcon_core.environment:checking '/home/unknown/ROS2_Workspaces/bumperbot_ws/install/bumperbot_localisation/lib/pkgconfig/bumperbot_localisation.pc'
[30.303s] Level 1:colcon.colcon_core.environment:checking '/home/unknown/ROS2_Workspaces/bumperbot_ws/install/bumperbot_localisation/lib/python3.10/site-packages'
[30.306s] Level 1:colcon.colcon_core.environment:checking '/home/unknown/ROS2_Workspaces/bumperbot_ws/install/bumperbot_localisation/bin'
[30.310s] INFO:colcon.colcon_core.shell:Creating package script '/home/unknown/ROS2_Workspaces/bumperbot_ws/install/bumperbot_localisation/share/bumperbot_localisation/package.ps1'
[30.311s] INFO:colcon.colcon_core.shell:Creating package descriptor '/home/unknown/ROS2_Workspaces/bumperbot_ws/install/bumperbot_localisation/share/bumperbot_localisation/package.dsv'
[30.312s] INFO:colcon.colcon_core.shell:Creating package script '/home/unknown/ROS2_Workspaces/bumperbot_ws/install/bumperbot_localisation/share/bumperbot_localisation/package.sh'
[30.313s] INFO:colcon.colcon_core.shell:Creating package script '/home/unknown/ROS2_Workspaces/bumperbot_ws/install/bumperbot_localisation/share/bumperbot_localisation/package.bash'
[30.314s] INFO:colcon.colcon_core.shell:Creating package script '/home/unknown/ROS2_Workspaces/bumperbot_ws/install/bumperbot_localisation/share/bumperbot_localisation/package.zsh'
[30.314s] Level 1:colcon.colcon_core.environment:create_file_with_runtime_dependencies(/home/unknown/ROS2_Workspaces/bumperbot_ws/install/bumperbot_localisation/share/colcon-core/packages/bumperbot_localisation)
[30.319s] Level 1:colcon.colcon_core.environment:create_environment_scripts_only(bumperbot_localisation)
[30.320s] Level 1:colcon.colcon_core.environment:checking '/home/unknown/ROS2_Workspaces/bumperbot_ws/install/bumperbot_localisation' for CMake module files
[30.324s] Level 1:colcon.colcon_core.environment:checking '/home/unknown/ROS2_Workspaces/bumperbot_ws/install/bumperbot_localisation' for CMake config files
[30.325s] Level 1:colcon.colcon_core.shell:create_environment_hook('bumperbot_localisation', 'cmake_prefix_path')
[30.325s] INFO:colcon.colcon_core.shell:Creating environment hook '/home/unknown/ROS2_Workspaces/bumperbot_ws/install/bumperbot_localisation/share/bumperbot_localisation/hook/cmake_prefix_path.ps1'
[30.326s] INFO:colcon.colcon_core.shell:Creating environment descriptor '/home/unknown/ROS2_Workspaces/bumperbot_ws/install/bumperbot_localisation/share/bumperbot_localisation/hook/cmake_prefix_path.dsv'
[30.331s] INFO:colcon.colcon_core.shell:Creating environment hook '/home/unknown/ROS2_Workspaces/bumperbot_ws/install/bumperbot_localisation/share/bumperbot_localisation/hook/cmake_prefix_path.sh'
[30.332s] Level 1:colcon.colcon_core.environment:checking '/home/unknown/ROS2_Workspaces/bumperbot_ws/install/bumperbot_localisation/lib'
[30.333s] Level 1:colcon.colcon_core.environment:checking '/home/unknown/ROS2_Workspaces/bumperbot_ws/install/bumperbot_localisation/bin'
[30.333s] Level 1:colcon.colcon_core.environment:checking '/home/unknown/ROS2_Workspaces/bumperbot_ws/install/bumperbot_localisation/lib/pkgconfig/bumperbot_localisation.pc'
[30.333s] Level 1:colcon.colcon_core.environment:checking '/home/unknown/ROS2_Workspaces/bumperbot_ws/install/bumperbot_localisation/lib/python3.10/site-packages'
[30.337s] Level 1:colcon.colcon_core.environment:checking '/home/unknown/ROS2_Workspaces/bumperbot_ws/install/bumperbot_localisation/bin'
[30.338s] INFO:colcon.colcon_core.shell:Creating package script '/home/unknown/ROS2_Workspaces/bumperbot_ws/install/bumperbot_localisation/share/bumperbot_localisation/package.ps1'
[30.343s] INFO:colcon.colcon_core.shell:Creating package descriptor '/home/unknown/ROS2_Workspaces/bumperbot_ws/install/bumperbot_localisation/share/bumperbot_localisation/package.dsv'
[30.344s] INFO:colcon.colcon_core.shell:Creating package script '/home/unknown/ROS2_Workspaces/bumperbot_ws/install/bumperbot_localisation/share/bumperbot_localisation/package.sh'
[30.345s] INFO:colcon.colcon_core.shell:Creating package script '/home/unknown/ROS2_Workspaces/bumperbot_ws/install/bumperbot_localisation/share/bumperbot_localisation/package.bash'
[30.349s] INFO:colcon.colcon_core.shell:Creating package script '/home/unknown/ROS2_Workspaces/bumperbot_ws/install/bumperbot_localisation/share/bumperbot_localisation/package.zsh'
[30.350s] Level 1:colcon.colcon_core.environment:create_file_with_runtime_dependencies(/home/unknown/ROS2_Workspaces/bumperbot_ws/install/bumperbot_localisation/share/colcon-core/packages/bumperbot_localisation)
[42.129s] DEBUG:colcon.colcon_core.event_handler.log_command:Invoked command in '/home/unknown/ROS2_Workspaces/bumperbot_ws/build/bumperbot_controller' returned '0': CMAKE_PREFIX_PATH=${CMAKE_PREFIX_PATH}:/home/unknown/ROS2_Workspaces/bumperbot_ws/install/my_robot_controller:/home/unknown/ROS2_Workspaces/bumperbot_ws/install/bumper_bot_py:/home/unknown/bumperbot_ws/install/my_robot_controller:/home/unknown/bumperbot_ws/install/bumper_bot_py:/home/unknown/ros2_ws/install/my_robot_controller:/home/unknown/ros2_ws/install/bumper_bot_py:/opt/ros/humble /usr/bin/cmake --build /home/unknown/ROS2_Workspaces/bumperbot_ws/build/bumperbot_controller -- -j8 -l8
[42.132s] DEBUG:colcon.colcon_core.event_handler.log_command:Invoking command in '/home/unknown/ROS2_Workspaces/bumperbot_ws/build/bumperbot_controller': CMAKE_PREFIX_PATH=${CMAKE_PREFIX_PATH}:/home/unknown/ROS2_Workspaces/bumperbot_ws/install/my_robot_controller:/home/unknown/ROS2_Workspaces/bumperbot_ws/install/bumper_bot_py:/home/unknown/bumperbot_ws/install/my_robot_controller:/home/unknown/bumperbot_ws/install/bumper_bot_py:/home/unknown/ros2_ws/install/my_robot_controller:/home/unknown/ros2_ws/install/bumper_bot_py:/opt/ros/humble /usr/bin/cmake --install /home/unknown/ROS2_Workspaces/bumperbot_ws/build/bumperbot_controller
[42.308s] Level 1:colcon.colcon_core.environment:create_environment_scripts_only(bumperbot_controller)
[42.310s] Level 1:colcon.colcon_core.environment:checking '/home/unknown/ROS2_Workspaces/bumperbot_ws/install/bumperbot_controller' for CMake module files
[42.311s] DEBUG:colcon.colcon_core.event_handler.log_command:Invoked command in '/home/unknown/ROS2_Workspaces/bumperbot_ws/build/bumperbot_controller' returned '0': CMAKE_PREFIX_PATH=${CMAKE_PREFIX_PATH}:/home/unknown/ROS2_Workspaces/bumperbot_ws/install/my_robot_controller:/home/unknown/ROS2_Workspaces/bumperbot_ws/install/bumper_bot_py:/home/unknown/bumperbot_ws/install/my_robot_controller:/home/unknown/bumperbot_ws/install/bumper_bot_py:/home/unknown/ros2_ws/install/my_robot_controller:/home/unknown/ros2_ws/install/bumper_bot_py:/opt/ros/humble /usr/bin/cmake --install /home/unknown/ROS2_Workspaces/bumperbot_ws/build/bumperbot_controller
[42.312s] Level 1:colcon.colcon_core.environment:checking '/home/unknown/ROS2_Workspaces/bumperbot_ws/install/bumperbot_controller' for CMake config files
[42.313s] Level 1:colcon.colcon_core.shell:create_environment_hook('bumperbot_controller', 'cmake_prefix_path')
[42.314s] INFO:colcon.colcon_core.shell:Creating environment hook '/home/unknown/ROS2_Workspaces/bumperbot_ws/install/bumperbot_controller/share/bumperbot_controller/hook/cmake_prefix_path.ps1'
[42.315s] INFO:colcon.colcon_core.shell:Creating environment descriptor '/home/unknown/ROS2_Workspaces/bumperbot_ws/install/bumperbot_controller/share/bumperbot_controller/hook/cmake_prefix_path.dsv'
[42.316s] INFO:colcon.colcon_core.shell:Creating environment hook '/home/unknown/ROS2_Workspaces/bumperbot_ws/install/bumperbot_controller/share/bumperbot_controller/hook/cmake_prefix_path.sh'
[42.317s] Level 1:colcon.colcon_core.environment:checking '/home/unknown/ROS2_Workspaces/bumperbot_ws/install/bumperbot_controller/lib'
[42.318s] Level 1:colcon.colcon_core.environment:checking '/home/unknown/ROS2_Workspaces/bumperbot_ws/install/bumperbot_controller/bin'
[42.318s] Level 1:colcon.colcon_core.environment:checking '/home/unknown/ROS2_Workspaces/bumperbot_ws/install/bumperbot_controller/lib/pkgconfig/bumperbot_controller.pc'
[42.318s] Level 1:colcon.colcon_core.environment:checking '/home/unknown/ROS2_Workspaces/bumperbot_ws/install/bumperbot_controller/lib/python3.10/site-packages'
[42.319s] Level 1:colcon.colcon_core.environment:checking '/home/unknown/ROS2_Workspaces/bumperbot_ws/install/bumperbot_controller/bin'
[42.320s] INFO:colcon.colcon_core.shell:Creating package script '/home/unknown/ROS2_Workspaces/bumperbot_ws/install/bumperbot_controller/share/bumperbot_controller/package.ps1'
[42.321s] INFO:colcon.colcon_core.shell:Creating package descriptor '/home/unknown/ROS2_Workspaces/bumperbot_ws/install/bumperbot_controller/share/bumperbot_controller/package.dsv'
[42.322s] INFO:colcon.colcon_core.shell:Creating package script '/home/unknown/ROS2_Workspaces/bumperbot_ws/install/bumperbot_controller/share/bumperbot_controller/package.sh'
[42.323s] INFO:colcon.colcon_core.shell:Creating package script '/home/unknown/ROS2_Workspaces/bumperbot_ws/install/bumperbot_controller/share/bumperbot_controller/package.bash'
[42.324s] INFO:colcon.colcon_core.shell:Creating package script '/home/unknown/ROS2_Workspaces/bumperbot_ws/install/bumperbot_controller/share/bumperbot_controller/package.zsh'
[42.326s] Level 1:colcon.colcon_core.environment:create_file_with_runtime_dependencies(/home/unknown/ROS2_Workspaces/bumperbot_ws/install/bumperbot_controller/share/colcon-core/packages/bumperbot_controller)
[42.328s] Level 1:colcon.colcon_core.environment:create_environment_scripts_only(bumperbot_controller)
[42.328s] Level 1:colcon.colcon_core.environment:checking '/home/unknown/ROS2_Workspaces/bumperbot_ws/install/bumperbot_controller' for CMake module files
[42.329s] Level 1:colcon.colcon_core.environment:checking '/home/unknown/ROS2_Workspaces/bumperbot_ws/install/bumperbot_controller' for CMake config files
[42.330s] Level 1:colcon.colcon_core.shell:create_environment_hook('bumperbot_controller', 'cmake_prefix_path')
[42.330s] INFO:colcon.colcon_core.shell:Creating environment hook '/home/unknown/ROS2_Workspaces/bumperbot_ws/install/bumperbot_controller/share/bumperbot_controller/hook/cmake_prefix_path.ps1'
[42.331s] INFO:colcon.colcon_core.shell:Creating environment descriptor '/home/unknown/ROS2_Workspaces/bumperbot_ws/install/bumperbot_controller/share/bumperbot_controller/hook/cmake_prefix_path.dsv'
[42.332s] INFO:colcon.colcon_core.shell:Creating environment hook '/home/unknown/ROS2_Workspaces/bumperbot_ws/install/bumperbot_controller/share/bumperbot_controller/hook/cmake_prefix_path.sh'
[42.333s] Level 1:colcon.colcon_core.environment:checking '/home/unknown/ROS2_Workspaces/bumperbot_ws/install/bumperbot_controller/lib'
[42.333s] Level 1:colcon.colcon_core.environment:checking '/home/unknown/ROS2_Workspaces/bumperbot_ws/install/bumperbot_controller/bin'
[42.333s] Level 1:colcon.colcon_core.environment:checking '/home/unknown/ROS2_Workspaces/bumperbot_ws/install/bumperbot_controller/lib/pkgconfig/bumperbot_controller.pc'
[42.333s] Level 1:colcon.colcon_core.environment:checking '/home/unknown/ROS2_Workspaces/bumperbot_ws/install/bumperbot_controller/lib/python3.10/site-packages'
[42.334s] Level 1:colcon.colcon_core.environment:checking '/home/unknown/ROS2_Workspaces/bumperbot_ws/install/bumperbot_controller/bin'
[42.335s] INFO:colcon.colcon_core.shell:Creating package script '/home/unknown/ROS2_Workspaces/bumperbot_ws/install/bumperbot_controller/share/bumperbot_controller/package.ps1'
[42.336s] INFO:colcon.colcon_core.shell:Creating package descriptor '/home/unknown/ROS2_Workspaces/bumperbot_ws/install/bumperbot_controller/share/bumperbot_controller/package.dsv'
[42.337s] INFO:colcon.colcon_core.shell:Creating package script '/home/unknown/ROS2_Workspaces/bumperbot_ws/install/bumperbot_controller/share/bumperbot_controller/package.sh'
[42.337s] INFO:colcon.colcon_core.shell:Creating package script '/home/unknown/ROS2_Workspaces/bumperbot_ws/install/bumperbot_controller/share/bumperbot_controller/package.bash'
[42.338s] INFO:colcon.colcon_core.shell:Creating package script '/home/unknown/ROS2_Workspaces/bumperbot_ws/install/bumperbot_controller/share/bumperbot_controller/package.zsh'
[42.339s] Level 1:colcon.colcon_core.environment:create_file_with_runtime_dependencies(/home/unknown/ROS2_Workspaces/bumperbot_ws/install/bumperbot_controller/share/colcon-core/packages/bumperbot_controller)
[43.984s] DEBUG:colcon.colcon_core.event_handler.log_command:Invoked command in '/home/unknown/ROS2_Workspaces/bumperbot_ws/build/cpp_folder' returned '0': CMAKE_PREFIX_PATH=/home/unknown/ROS2_Workspaces/bumperbot_ws/install/bumperbot_msgs:/home/unknown/ROS2_Workspaces/bumperbot_ws/install/ign_ros2_control_demos:/home/unknown/ROS2_Workspaces/bumperbot_ws/install/bumper_bot:/home/unknown/ROS2_Workspaces/bumperbot_ws/install/ign_ros2_control:/home/unknown/ROS2_Workspaces/bumperbot_ws/install/gz_ros2_control_tests:/home/unknown/ROS2_Workspaces/bumperbot_ws/install/gz_ros2_control_demos:/home/unknown/ROS2_Workspaces/bumperbot_ws/install/gz_ros2_control:/home/unknown/ROS2_Workspaces/bumperbot_ws/install/cpp_folder:/home/unknown/ROS2_Workspaces/bumperbot_ws/install/bumperbot_utils:/home/unknown/ROS2_Workspaces/bumperbot_ws/install/bumperbot_localisation:/home/unknown/ROS2_Workspaces/bumperbot_ws/install/bumperbot_firmware:/home/unknown/ROS2_Workspaces/bumperbot_ws/install/bumperbot_controller:/home/unknown/bumperbot_ws/install/ign_ros2_control_demos:/home/unknown/bumperbot_ws/install/bumper_bot:/home/unknown/bumperbot_ws/install/ign_ros2_control:/home/unknown/bumperbot_ws/install/gz_ros2_control_tests:/home/unknown/bumperbot_ws/install/gz_ros2_control_demos:/home/unknown/bumperbot_ws/install/gz_ros2_control:/home/unknown/bumperbot_ws/install/cpp_folder:/home/unknown/bumperbot_ws/install/bumperbot_utils:/home/unknown/bumperbot_ws/install/bumperbot_msgs:/home/unknown/bumperbot_ws/install/bumperbot_localisation:/home/unknown/bumperbot_ws/install/bumperbot_firmware:/home/unknown/bumperbot_ws/install/bumperbot_controller:/home/unknown/ros2_ws/install/rc_plane:/home/unknown/ros2_ws/install/ign_ros2_control_demos:/home/unknown/ros2_ws/install/bumper_bot:/home/unknown/ros2_ws/install/ign_ros2_control:/home/unknown/ros2_ws/install/gz_ros2_control_tests:/home/unknown/ros2_ws/install/gz_ros2_control_demos:/home/unknown/ros2_ws/install/gz_ros2_control:/home/unknown/ros2_ws/install/cpp_folder:/home/unknown/ros2_ws/install/bumperbot_utils:/home/unknown/ros2_ws/install/bumperbot_msgs:/home/unknown/ros2_ws/install/bumperbot_localisation:/home/unknown/ros2_ws/install/bumperbot_firmware:/home/unknown/ros2_ws/install/bumperbot_controller:/home/unknown/ROS2_Workspaces/bumperbot_ws/install/my_robot_controller:/home/unknown/ROS2_Workspaces/bumperbot_ws/install/bumper_bot_py:/home/unknown/bumperbot_ws/install/my_robot_controller:/home/unknown/bumperbot_ws/install/bumper_bot_py:/home/unknown/ros2_ws/install/my_robot_controller:/home/unknown/ros2_ws/install/bumper_bot_py:/opt/ros/humble LD_LIBRARY_PATH=/home/unknown/ROS2_Workspaces/bumperbot_ws/install/bumperbot_msgs/lib:/home/unknown/ROS2_Workspaces/bumperbot_ws/install/gz_ros2_control/lib:/home/unknown/bumperbot_ws/install/gz_ros2_control/lib:/home/unknown/bumperbot_ws/install/bumperbot_msgs/lib:/home/unknown/ros2_ws/install/gz_ros2_control/lib:/home/unknown/ros2_ws/install/bumperbot_msgs/lib:/opt/ros/humble/opt/rviz_ogre_vendor/lib:/opt/ros/humble/lib/x86_64-linux-gnu:/opt/ros/humble/lib /usr/bin/cmake --build /home/unknown/ROS2_Workspaces/bumperbot_ws/build/cpp_folder -- -j8 -l8
[43.985s] DEBUG:colcon.colcon_core.event_handler.log_command:Invoking command in '/home/unknown/ROS2_Workspaces/bumperbot_ws/build/cpp_folder': CMAKE_PREFIX_PATH=/home/unknown/ROS2_Workspaces/bumperbot_ws/install/bumperbot_msgs:/home/unknown/ROS2_Workspaces/bumperbot_ws/install/ign_ros2_control_demos:/home/unknown/ROS2_Workspaces/bumperbot_ws/install/bumper_bot:/home/unknown/ROS2_Workspaces/bumperbot_ws/install/ign_ros2_control:/home/unknown/ROS2_Workspaces/bumperbot_ws/install/gz_ros2_control_tests:/home/unknown/ROS2_Workspaces/bumperbot_ws/install/gz_ros2_control_demos:/home/unknown/ROS2_Workspaces/bumperbot_ws/install/gz_ros2_control:/home/unknown/ROS2_Workspaces/bumperbot_ws/install/cpp_folder:/home/unknown/ROS2_Workspaces/bumperbot_ws/install/bumperbot_utils:/home/unknown/ROS2_Workspaces/bumperbot_ws/install/bumperbot_localisation:/home/unknown/ROS2_Workspaces/bumperbot_ws/install/bumperbot_firmware:/home/unknown/ROS2_Workspaces/bumperbot_ws/install/bumperbot_controller:/home/unknown/bumperbot_ws/install/ign_ros2_control_demos:/home/unknown/bumperbot_ws/install/bumper_bot:/home/unknown/bumperbot_ws/install/ign_ros2_control:/home/unknown/bumperbot_ws/install/gz_ros2_control_tests:/home/unknown/bumperbot_ws/install/gz_ros2_control_demos:/home/unknown/bumperbot_ws/install/gz_ros2_control:/home/unknown/bumperbot_ws/install/cpp_folder:/home/unknown/bumperbot_ws/install/bumperbot_utils:/home/unknown/bumperbot_ws/install/bumperbot_msgs:/home/unknown/bumperbot_ws/install/bumperbot_localisation:/home/unknown/bumperbot_ws/install/bumperbot_firmware:/home/unknown/bumperbot_ws/install/bumperbot_controller:/home/unknown/ros2_ws/install/rc_plane:/home/unknown/ros2_ws/install/ign_ros2_control_demos:/home/unknown/ros2_ws/install/bumper_bot:/home/unknown/ros2_ws/install/ign_ros2_control:/home/unknown/ros2_ws/install/gz_ros2_control_tests:/home/unknown/ros2_ws/install/gz_ros2_control_demos:/home/unknown/ros2_ws/install/gz_ros2_control:/home/unknown/ros2_ws/install/cpp_folder:/home/unknown/ros2_ws/install/bumperbot_utils:/home/unknown/ros2_ws/install/bumperbot_msgs:/home/unknown/ros2_ws/install/bumperbot_localisation:/home/unknown/ros2_ws/install/bumperbot_firmware:/home/unknown/ros2_ws/install/bumperbot_controller:/home/unknown/ROS2_Workspaces/bumperbot_ws/install/my_robot_controller:/home/unknown/ROS2_Workspaces/bumperbot_ws/install/bumper_bot_py:/home/unknown/bumperbot_ws/install/my_robot_controller:/home/unknown/bumperbot_ws/install/bumper_bot_py:/home/unknown/ros2_ws/install/my_robot_controller:/home/unknown/ros2_ws/install/bumper_bot_py:/opt/ros/humble LD_LIBRARY_PATH=/home/unknown/ROS2_Workspaces/bumperbot_ws/install/bumperbot_msgs/lib:/home/unknown/ROS2_Workspaces/bumperbot_ws/install/gz_ros2_control/lib:/home/unknown/bumperbot_ws/install/gz_ros2_control/lib:/home/unknown/bumperbot_ws/install/bumperbot_msgs/lib:/home/unknown/ros2_ws/install/gz_ros2_control/lib:/home/unknown/ros2_ws/install/bumperbot_msgs/lib:/opt/ros/humble/opt/rviz_ogre_vendor/lib:/opt/ros/humble/lib/x86_64-linux-gnu:/opt/ros/humble/lib /usr/bin/cmake --install /home/unknown/ROS2_Workspaces/bumperbot_ws/build/cpp_folder
[44.005s] Level 1:colcon.colcon_core.environment:create_environment_scripts_only(cpp_folder)
[44.005s] Level 1:colcon.colcon_core.environment:checking '/home/unknown/ROS2_Workspaces/bumperbot_ws/install/cpp_folder' for CMake module files
[44.006s] DEBUG:colcon.colcon_core.event_handler.log_command:Invoked command in '/home/unknown/ROS2_Workspaces/bumperbot_ws/build/cpp_folder' returned '0': CMAKE_PREFIX_PATH=/home/unknown/ROS2_Workspaces/bumperbot_ws/install/bumperbot_msgs:/home/unknown/ROS2_Workspaces/bumperbot_ws/install/ign_ros2_control_demos:/home/unknown/ROS2_Workspaces/bumperbot_ws/install/bumper_bot:/home/unknown/ROS2_Workspaces/bumperbot_ws/install/ign_ros2_control:/home/unknown/ROS2_Workspaces/bumperbot_ws/install/gz_ros2_control_tests:/home/unknown/ROS2_Workspaces/bumperbot_ws/install/gz_ros2_control_demos:/home/unknown/ROS2_Workspaces/bumperbot_ws/install/gz_ros2_control:/home/unknown/ROS2_Workspaces/bumperbot_ws/install/cpp_folder:/home/unknown/ROS2_Workspaces/bumperbot_ws/install/bumperbot_utils:/home/unknown/ROS2_Workspaces/bumperbot_ws/install/bumperbot_localisation:/home/unknown/ROS2_Workspaces/bumperbot_ws/install/bumperbot_firmware:/home/unknown/ROS2_Workspaces/bumperbot_ws/install/bumperbot_controller:/home/unknown/bumperbot_ws/install/ign_ros2_control_demos:/home/unknown/bumperbot_ws/install/bumper_bot:/home/unknown/bumperbot_ws/install/ign_ros2_control:/home/unknown/bumperbot_ws/install/gz_ros2_control_tests:/home/unknown/bumperbot_ws/install/gz_ros2_control_demos:/home/unknown/bumperbot_ws/install/gz_ros2_control:/home/unknown/bumperbot_ws/install/cpp_folder:/home/unknown/bumperbot_ws/install/bumperbot_utils:/home/unknown/bumperbot_ws/install/bumperbot_msgs:/home/unknown/bumperbot_ws/install/bumperbot_localisation:/home/unknown/bumperbot_ws/install/bumperbot_firmware:/home/unknown/bumperbot_ws/install/bumperbot_controller:/home/unknown/ros2_ws/install/rc_plane:/home/unknown/ros2_ws/install/ign_ros2_control_demos:/home/unknown/ros2_ws/install/bumper_bot:/home/unknown/ros2_ws/install/ign_ros2_control:/home/unknown/ros2_ws/install/gz_ros2_control_tests:/home/unknown/ros2_ws/install/gz_ros2_control_demos:/home/unknown/ros2_ws/install/gz_ros2_control:/home/unknown/ros2_ws/install/cpp_folder:/home/unknown/ros2_ws/install/bumperbot_utils:/home/unknown/ros2_ws/install/bumperbot_msgs:/home/unknown/ros2_ws/install/bumperbot_localisation:/home/unknown/ros2_ws/install/bumperbot_firmware:/home/unknown/ros2_ws/install/bumperbot_controller:/home/unknown/ROS2_Workspaces/bumperbot_ws/install/my_robot_controller:/home/unknown/ROS2_Workspaces/bumperbot_ws/install/bumper_bot_py:/home/unknown/bumperbot_ws/install/my_robot_controller:/home/unknown/bumperbot_ws/install/bumper_bot_py:/home/unknown/ros2_ws/install/my_robot_controller:/home/unknown/ros2_ws/install/bumper_bot_py:/opt/ros/humble LD_LIBRARY_PATH=/home/unknown/ROS2_Workspaces/bumperbot_ws/install/bumperbot_msgs/lib:/home/unknown/ROS2_Workspaces/bumperbot_ws/install/gz_ros2_control/lib:/home/unknown/bumperbot_ws/install/gz_ros2_control/lib:/home/unknown/bumperbot_ws/install/bumperbot_msgs/lib:/home/unknown/ros2_ws/install/gz_ros2_control/lib:/home/unknown/ros2_ws/install/bumperbot_msgs/lib:/opt/ros/humble/opt/rviz_ogre_vendor/lib:/opt/ros/humble/lib/x86_64-linux-gnu:/opt/ros/humble/lib /usr/bin/cmake --install /home/unknown/ROS2_Workspaces/bumperbot_ws/build/cpp_folder
[44.006s] Level 1:colcon.colcon_core.environment:checking '/home/unknown/ROS2_Workspaces/bumperbot_ws/install/cpp_folder' for CMake config files
[44.006s] Level 1:colcon.colcon_core.shell:create_environment_hook('cpp_folder', 'cmake_prefix_path')
[44.007s] INFO:colcon.colcon_core.shell:Creating environment hook '/home/unknown/ROS2_Workspaces/bumperbot_ws/install/cpp_folder/share/cpp_folder/hook/cmake_prefix_path.ps1'
[44.007s] INFO:colcon.colcon_core.shell:Creating environment descriptor '/home/unknown/ROS2_Workspaces/bumperbot_ws/install/cpp_folder/share/cpp_folder/hook/cmake_prefix_path.dsv'
[44.007s] INFO:colcon.colcon_core.shell:Creating environment hook '/home/unknown/ROS2_Workspaces/bumperbot_ws/install/cpp_folder/share/cpp_folder/hook/cmake_prefix_path.sh'
[44.008s] Level 1:colcon.colcon_core.environment:checking '/home/unknown/ROS2_Workspaces/bumperbot_ws/install/cpp_folder/lib'
[44.008s] Level 1:colcon.colcon_core.environment:checking '/home/unknown/ROS2_Workspaces/bumperbot_ws/install/cpp_folder/bin'
[44.008s] Level 1:colcon.colcon_core.environment:checking '/home/unknown/ROS2_Workspaces/bumperbot_ws/install/cpp_folder/lib/pkgconfig/cpp_folder.pc'
[44.009s] Level 1:colcon.colcon_core.environment:checking '/home/unknown/ROS2_Workspaces/bumperbot_ws/install/cpp_folder/lib/python3.10/site-packages'
[44.009s] Level 1:colcon.colcon_core.environment:checking '/home/unknown/ROS2_Workspaces/bumperbot_ws/install/cpp_folder/bin'
[44.009s] INFO:colcon.colcon_core.shell:Creating package script '/home/unknown/ROS2_Workspaces/bumperbot_ws/install/cpp_folder/share/cpp_folder/package.ps1'
[44.010s] INFO:colcon.colcon_core.shell:Creating package descriptor '/home/unknown/ROS2_Workspaces/bumperbot_ws/install/cpp_folder/share/cpp_folder/package.dsv'
[44.010s] INFO:colcon.colcon_core.shell:Creating package script '/home/unknown/ROS2_Workspaces/bumperbot_ws/install/cpp_folder/share/cpp_folder/package.sh'
[44.011s] INFO:colcon.colcon_core.shell:Creating package script '/home/unknown/ROS2_Workspaces/bumperbot_ws/install/cpp_folder/share/cpp_folder/package.bash'
[44.011s] INFO:colcon.colcon_core.shell:Creating package script '/home/unknown/ROS2_Workspaces/bumperbot_ws/install/cpp_folder/share/cpp_folder/package.zsh'
[44.011s] Level 1:colcon.colcon_core.environment:create_file_with_runtime_dependencies(/home/unknown/ROS2_Workspaces/bumperbot_ws/install/cpp_folder/share/colcon-core/packages/cpp_folder)
[44.012s] Level 1:colcon.colcon_core.environment:create_environment_scripts_only(cpp_folder)
[44.012s] Level 1:colcon.colcon_core.environment:checking '/home/unknown/ROS2_Workspaces/bumperbot_ws/install/cpp_folder' for CMake module files
[44.012s] Level 1:colcon.colcon_core.environment:checking '/home/unknown/ROS2_Workspaces/bumperbot_ws/install/cpp_folder' for CMake config files
[44.013s] Level 1:colcon.colcon_core.shell:create_environment_hook('cpp_folder', 'cmake_prefix_path')
[44.013s] INFO:colcon.colcon_core.shell:Creating environment hook '/home/unknown/ROS2_Workspaces/bumperbot_ws/install/cpp_folder/share/cpp_folder/hook/cmake_prefix_path.ps1'
[44.013s] INFO:colcon.colcon_core.shell:Creating environment descriptor '/home/unknown/ROS2_Workspaces/bumperbot_ws/install/cpp_folder/share/cpp_folder/hook/cmake_prefix_path.dsv'
[44.013s] INFO:colcon.colcon_core.shell:Creating environment hook '/home/unknown/ROS2_Workspaces/bumperbot_ws/install/cpp_folder/share/cpp_folder/hook/cmake_prefix_path.sh'
[44.014s] Level 1:colcon.colcon_core.environment:checking '/home/unknown/ROS2_Workspaces/bumperbot_ws/install/cpp_folder/lib'
[44.014s] Level 1:colcon.colcon_core.environment:checking '/home/unknown/ROS2_Workspaces/bumperbot_ws/install/cpp_folder/bin'
[44.014s] Level 1:colcon.colcon_core.environment:checking '/home/unknown/ROS2_Workspaces/bumperbot_ws/install/cpp_folder/lib/pkgconfig/cpp_folder.pc'
[44.014s] Level 1:colcon.colcon_core.environment:checking '/home/unknown/ROS2_Workspaces/bumperbot_ws/install/cpp_folder/lib/python3.10/site-packages'
[44.015s] Level 1:colcon.colcon_core.environment:checking '/home/unknown/ROS2_Workspaces/bumperbot_ws/install/cpp_folder/bin'
[44.015s] INFO:colcon.colcon_core.shell:Creating package script '/home/unknown/ROS2_Workspaces/bumperbot_ws/install/cpp_folder/share/cpp_folder/package.ps1'
[44.015s] INFO:colcon.colcon_core.shell:Creating package descriptor '/home/unknown/ROS2_Workspaces/bumperbot_ws/install/cpp_folder/share/cpp_folder/package.dsv'
[44.016s] INFO:colcon.colcon_core.shell:Creating package script '/home/unknown/ROS2_Workspaces/bumperbot_ws/install/cpp_folder/share/cpp_folder/package.sh'
[44.017s] INFO:colcon.colcon_core.shell:Creating package script '/home/unknown/ROS2_Workspaces/bumperbot_ws/install/cpp_folder/share/cpp_folder/package.bash'
[44.017s] INFO:colcon.colcon_core.shell:Creating package script '/home/unknown/ROS2_Workspaces/bumperbot_ws/install/cpp_folder/share/cpp_folder/package.zsh'
[44.017s] Level 1:colcon.colcon_core.environment:create_file_with_runtime_dependencies(/home/unknown/ROS2_Workspaces/bumperbot_ws/install/cpp_folder/share/colcon-core/packages/cpp_folder)
[44.149s] DEBUG:colcon.colcon_core.event_handler.log_command:Invoked command in '/home/unknown/ROS2_Workspaces/bumperbot_ws/build/gz_ros2_control' returned '0': CMAKE_PREFIX_PATH=${CMAKE_PREFIX_PATH}:/home/unknown/ROS2_Workspaces/bumperbot_ws/install/my_robot_controller:/home/unknown/ROS2_Workspaces/bumperbot_ws/install/bumper_bot_py:/home/unknown/bumperbot_ws/install/my_robot_controller:/home/unknown/bumperbot_ws/install/bumper_bot_py:/home/unknown/ros2_ws/install/my_robot_controller:/home/unknown/ros2_ws/install/bumper_bot_py:/opt/ros/humble /usr/bin/cmake --build /home/unknown/ROS2_Workspaces/bumperbot_ws/build/gz_ros2_control -- -j8 -l8
[44.151s] DEBUG:colcon.colcon_core.event_handler.log_command:Invoking command in '/home/unknown/ROS2_Workspaces/bumperbot_ws/build/gz_ros2_control': CMAKE_PREFIX_PATH=${CMAKE_PREFIX_PATH}:/home/unknown/ROS2_Workspaces/bumperbot_ws/install/my_robot_controller:/home/unknown/ROS2_Workspaces/bumperbot_ws/install/bumper_bot_py:/home/unknown/bumperbot_ws/install/my_robot_controller:/home/unknown/bumperbot_ws/install/bumper_bot_py:/home/unknown/ros2_ws/install/my_robot_controller:/home/unknown/ros2_ws/install/bumper_bot_py:/opt/ros/humble /usr/bin/cmake --install /home/unknown/ROS2_Workspaces/bumperbot_ws/build/gz_ros2_control
[44.170s] Level 1:colcon.colcon_core.environment:create_environment_scripts_only(gz_ros2_control)
[44.171s] Level 1:colcon.colcon_core.environment:checking '/home/unknown/ROS2_Workspaces/bumperbot_ws/install/gz_ros2_control' for CMake module files
[44.171s] DEBUG:colcon.colcon_core.event_handler.log_command:Invoked command in '/home/unknown/ROS2_Workspaces/bumperbot_ws/build/gz_ros2_control' returned '0': CMAKE_PREFIX_PATH=${CMAKE_PREFIX_PATH}:/home/unknown/ROS2_Workspaces/bumperbot_ws/install/my_robot_controller:/home/unknown/ROS2_Workspaces/bumperbot_ws/install/bumper_bot_py:/home/unknown/bumperbot_ws/install/my_robot_controller:/home/unknown/bumperbot_ws/install/bumper_bot_py:/home/unknown/ros2_ws/install/my_robot_controller:/home/unknown/ros2_ws/install/bumper_bot_py:/opt/ros/humble /usr/bin/cmake --install /home/unknown/ROS2_Workspaces/bumperbot_ws/build/gz_ros2_control
[44.172s] Level 1:colcon.colcon_core.environment:checking '/home/unknown/ROS2_Workspaces/bumperbot_ws/install/gz_ros2_control' for CMake config files
[44.172s] Level 1:colcon.colcon_core.shell:create_environment_hook('gz_ros2_control', 'cmake_prefix_path')
[44.172s] INFO:colcon.colcon_core.shell:Creating environment hook '/home/unknown/ROS2_Workspaces/bumperbot_ws/install/gz_ros2_control/share/gz_ros2_control/hook/cmake_prefix_path.ps1'
[44.172s] INFO:colcon.colcon_core.shell:Creating environment descriptor '/home/unknown/ROS2_Workspaces/bumperbot_ws/install/gz_ros2_control/share/gz_ros2_control/hook/cmake_prefix_path.dsv'
[44.173s] INFO:colcon.colcon_core.shell:Creating environment hook '/home/unknown/ROS2_Workspaces/bumperbot_ws/install/gz_ros2_control/share/gz_ros2_control/hook/cmake_prefix_path.sh'
[44.173s] Level 1:colcon.colcon_core.environment:checking '/home/unknown/ROS2_Workspaces/bumperbot_ws/install/gz_ros2_control/lib'
[44.173s] Level 1:colcon.colcon_core.shell:create_environment_hook('gz_ros2_control', 'ld_library_path_lib')
[44.173s] INFO:colcon.colcon_core.shell:Creating environment hook '/home/unknown/ROS2_Workspaces/bumperbot_ws/install/gz_ros2_control/share/gz_ros2_control/hook/ld_library_path_lib.ps1'
[44.174s] INFO:colcon.colcon_core.shell:Creating environment descriptor '/home/unknown/ROS2_Workspaces/bumperbot_ws/install/gz_ros2_control/share/gz_ros2_control/hook/ld_library_path_lib.dsv'
[44.174s] INFO:colcon.colcon_core.shell:Creating environment hook '/home/unknown/ROS2_Workspaces/bumperbot_ws/install/gz_ros2_control/share/gz_ros2_control/hook/ld_library_path_lib.sh'
[44.174s] Level 1:colcon.colcon_core.environment:checking '/home/unknown/ROS2_Workspaces/bumperbot_ws/install/gz_ros2_control/bin'
[44.174s] Level 1:colcon.colcon_core.environment:checking '/home/unknown/ROS2_Workspaces/bumperbot_ws/install/gz_ros2_control/lib/pkgconfig/gz_ros2_control.pc'
[44.174s] Level 1:colcon.colcon_core.environment:checking '/home/unknown/ROS2_Workspaces/bumperbot_ws/install/gz_ros2_control/lib/python3.10/site-packages'
[44.175s] Level 1:colcon.colcon_core.environment:checking '/home/unknown/ROS2_Workspaces/bumperbot_ws/install/gz_ros2_control/bin'
[44.175s] INFO:colcon.colcon_core.shell:Creating package script '/home/unknown/ROS2_Workspaces/bumperbot_ws/install/gz_ros2_control/share/gz_ros2_control/package.ps1'
[44.175s] INFO:colcon.colcon_core.shell:Creating package descriptor '/home/unknown/ROS2_Workspaces/bumperbot_ws/install/gz_ros2_control/share/gz_ros2_control/package.dsv'
[44.176s] INFO:colcon.colcon_core.shell:Creating package script '/home/unknown/ROS2_Workspaces/bumperbot_ws/install/gz_ros2_control/share/gz_ros2_control/package.sh'
[44.176s] INFO:colcon.colcon_core.shell:Creating package script '/home/unknown/ROS2_Workspaces/bumperbot_ws/install/gz_ros2_control/share/gz_ros2_control/package.bash'
[44.177s] INFO:colcon.colcon_core.shell:Creating package script '/home/unknown/ROS2_Workspaces/bumperbot_ws/install/gz_ros2_control/share/gz_ros2_control/package.zsh'
[44.177s] Level 1:colcon.colcon_core.environment:create_file_with_runtime_dependencies(/home/unknown/ROS2_Workspaces/bumperbot_ws/install/gz_ros2_control/share/colcon-core/packages/gz_ros2_control)
[44.177s] Level 1:colcon.colcon_core.environment:create_environment_scripts_only(gz_ros2_control)
[44.178s] Level 1:colcon.colcon_core.environment:checking '/home/unknown/ROS2_Workspaces/bumperbot_ws/install/gz_ros2_control' for CMake module files
[44.178s] Level 1:colcon.colcon_core.environment:checking '/home/unknown/ROS2_Workspaces/bumperbot_ws/install/gz_ros2_control' for CMake config files
[44.178s] Level 1:colcon.colcon_core.shell:create_environment_hook('gz_ros2_control', 'cmake_prefix_path')
[44.178s] INFO:colcon.colcon_core.shell:Creating environment hook '/home/unknown/ROS2_Workspaces/bumperbot_ws/install/gz_ros2_control/share/gz_ros2_control/hook/cmake_prefix_path.ps1'
[44.179s] INFO:colcon.colcon_core.shell:Creating environment descriptor '/home/unknown/ROS2_Workspaces/bumperbot_ws/install/gz_ros2_control/share/gz_ros2_control/hook/cmake_prefix_path.dsv'
[44.179s] INFO:colcon.colcon_core.shell:Creating environment hook '/home/unknown/ROS2_Workspaces/bumperbot_ws/install/gz_ros2_control/share/gz_ros2_control/hook/cmake_prefix_path.sh'
[44.179s] Level 1:colcon.colcon_core.environment:checking '/home/unknown/ROS2_Workspaces/bumperbot_ws/install/gz_ros2_control/lib'
[44.179s] Level 1:colcon.colcon_core.shell:create_environment_hook('gz_ros2_control', 'ld_library_path_lib')
[44.180s] INFO:colcon.colcon_core.shell:Creating environment hook '/home/unknown/ROS2_Workspaces/bumperbot_ws/install/gz_ros2_control/share/gz_ros2_control/hook/ld_library_path_lib.ps1'
[44.180s] INFO:colcon.colcon_core.shell:Creating environment descriptor '/home/unknown/ROS2_Workspaces/bumperbot_ws/install/gz_ros2_control/share/gz_ros2_control/hook/ld_library_path_lib.dsv'
[44.180s] INFO:colcon.colcon_core.shell:Creating environment hook '/home/unknown/ROS2_Workspaces/bumperbot_ws/install/gz_ros2_control/share/gz_ros2_control/hook/ld_library_path_lib.sh'
[44.180s] Level 1:colcon.colcon_core.environment:checking '/home/unknown/ROS2_Workspaces/bumperbot_ws/install/gz_ros2_control/bin'
[44.181s] Level 1:colcon.colcon_core.environment:checking '/home/unknown/ROS2_Workspaces/bumperbot_ws/install/gz_ros2_control/lib/pkgconfig/gz_ros2_control.pc'
[44.181s] Level 1:colcon.colcon_core.environment:checking '/home/unknown/ROS2_Workspaces/bumperbot_ws/install/gz_ros2_control/lib/python3.10/site-packages'
[44.181s] Level 1:colcon.colcon_core.environment:checking '/home/unknown/ROS2_Workspaces/bumperbot_ws/install/gz_ros2_control/bin'
[44.181s] INFO:colcon.colcon_core.shell:Creating package script '/home/unknown/ROS2_Workspaces/bumperbot_ws/install/gz_ros2_control/share/gz_ros2_control/package.ps1'
[44.182s] INFO:colcon.colcon_core.shell:Creating package descriptor '/home/unknown/ROS2_Workspaces/bumperbot_ws/install/gz_ros2_control/share/gz_ros2_control/package.dsv'
[44.182s] INFO:colcon.colcon_core.shell:Creating package script '/home/unknown/ROS2_Workspaces/bumperbot_ws/install/gz_ros2_control/share/gz_ros2_control/package.sh'
[44.183s] INFO:colcon.colcon_core.shell:Creating package script '/home/unknown/ROS2_Workspaces/bumperbot_ws/install/gz_ros2_control/share/gz_ros2_control/package.bash'
[44.183s] INFO:colcon.colcon_core.shell:Creating package script '/home/unknown/ROS2_Workspaces/bumperbot_ws/install/gz_ros2_control/share/gz_ros2_control/package.zsh'
[44.183s] Level 1:colcon.colcon_core.environment:create_file_with_runtime_dependencies(/home/unknown/ROS2_Workspaces/bumperbot_ws/install/gz_ros2_control/share/colcon-core/packages/gz_ros2_control)
[44.184s] INFO:colcon.colcon_ros.task.ament_cmake.build:Building ROS package in '/home/unknown/ROS2_Workspaces/bumperbot_ws/src/gz_ros2_control/gz_ros2_control_demos' with build type 'ament_cmake'
[44.184s] INFO:colcon.colcon_cmake.task.cmake.build:Building CMake package in '/home/unknown/ROS2_Workspaces/bumperbot_ws/src/gz_ros2_control/gz_ros2_control_demos'
[44.184s] INFO:colcon.colcon_core.shell:Skip shell extension 'powershell' for command environment: Not usable outside of PowerShell
[44.184s] DEBUG:colcon.colcon_core.shell:Skip shell extension 'dsv' for command environment
[44.187s] INFO:colcon.colcon_ros.task.ament_cmake.build:Building ROS package in '/home/unknown/ROS2_Workspaces/bumperbot_ws/src/gz_ros2_control/ign_ros2_control' with build type 'ament_cmake'
[44.187s] INFO:colcon.colcon_cmake.task.cmake.build:Building CMake package in '/home/unknown/ROS2_Workspaces/bumperbot_ws/src/gz_ros2_control/ign_ros2_control'
[44.188s] INFO:colcon.colcon_core.shell:Skip shell extension 'powershell' for command environment: Not usable outside of PowerShell
[44.188s] DEBUG:colcon.colcon_core.shell:Skip shell extension 'dsv' for command environment
[44.193s] DEBUG:colcon.colcon_core.event_handler.log_command:Invoking command in '/home/unknown/ROS2_Workspaces/bumperbot_ws/build/gz_ros2_control_demos': CMAKE_PREFIX_PATH=/home/unknown/ROS2_Workspaces/bumperbot_ws/install/gz_ros2_control:/home/unknown/ROS2_Workspaces/bumperbot_ws/install/ign_ros2_control_demos:/home/unknown/ROS2_Workspaces/bumperbot_ws/install/bumper_bot:/home/unknown/ROS2_Workspaces/bumperbot_ws/install/ign_ros2_control:/home/unknown/ROS2_Workspaces/bumperbot_ws/install/gz_ros2_control_tests:/home/unknown/ROS2_Workspaces/bumperbot_ws/install/gz_ros2_control_demos:/home/unknown/ROS2_Workspaces/bumperbot_ws/install/cpp_folder:/home/unknown/ROS2_Workspaces/bumperbot_ws/install/bumperbot_utils:/home/unknown/ROS2_Workspaces/bumperbot_ws/install/bumperbot_msgs:/home/unknown/ROS2_Workspaces/bumperbot_ws/install/bumperbot_localisation:/home/unknown/ROS2_Workspaces/bumperbot_ws/install/bumperbot_firmware:/home/unknown/ROS2_Workspaces/bumperbot_ws/install/bumperbot_controller:/home/unknown/bumperbot_ws/install/ign_ros2_control_demos:/home/unknown/bumperbot_ws/install/bumper_bot:/home/unknown/bumperbot_ws/install/ign_ros2_control:/home/unknown/bumperbot_ws/install/gz_ros2_control_tests:/home/unknown/bumperbot_ws/install/gz_ros2_control_demos:/home/unknown/bumperbot_ws/install/gz_ros2_control:/home/unknown/bumperbot_ws/install/cpp_folder:/home/unknown/bumperbot_ws/install/bumperbot_utils:/home/unknown/bumperbot_ws/install/bumperbot_msgs:/home/unknown/bumperbot_ws/install/bumperbot_localisation:/home/unknown/bumperbot_ws/install/bumperbot_firmware:/home/unknown/bumperbot_ws/install/bumperbot_controller:/home/unknown/ros2_ws/install/rc_plane:/home/unknown/ros2_ws/install/ign_ros2_control_demos:/home/unknown/ros2_ws/install/bumper_bot:/home/unknown/ros2_ws/install/ign_ros2_control:/home/unknown/ros2_ws/install/gz_ros2_control_tests:/home/unknown/ros2_ws/install/gz_ros2_control_demos:/home/unknown/ros2_ws/install/gz_ros2_control:/home/unknown/ros2_ws/install/cpp_folder:/home/unknown/ros2_ws/install/bumperbot_utils:/home/unknown/ros2_ws/install/bumperbot_msgs:/home/unknown/ros2_ws/install/bumperbot_localisation:/home/unknown/ros2_ws/install/bumperbot_firmware:/home/unknown/ros2_ws/install/bumperbot_controller:/home/unknown/ROS2_Workspaces/bumperbot_ws/install/my_robot_controller:/home/unknown/ROS2_Workspaces/bumperbot_ws/install/bumper_bot_py:/home/unknown/bumperbot_ws/install/my_robot_controller:/home/unknown/bumperbot_ws/install/bumper_bot_py:/home/unknown/ros2_ws/install/my_robot_controller:/home/unknown/ros2_ws/install/bumper_bot_py:/opt/ros/humble /usr/bin/cmake /home/unknown/ROS2_Workspaces/bumperbot_ws/src/gz_ros2_control/gz_ros2_control_demos -DCMAKE_INSTALL_PREFIX=/home/unknown/ROS2_Workspaces/bumperbot_ws/install/gz_ros2_control_demos
[44.196s] DEBUG:colcon.colcon_core.event_handler.log_command:Invoking command in '/home/unknown/ROS2_Workspaces/bumperbot_ws/build/ign_ros2_control': CMAKE_PREFIX_PATH=/home/unknown/ROS2_Workspaces/bumperbot_ws/install/gz_ros2_control:/home/unknown/ROS2_Workspaces/bumperbot_ws/install/ign_ros2_control_demos:/home/unknown/ROS2_Workspaces/bumperbot_ws/install/bumper_bot:/home/unknown/ROS2_Workspaces/bumperbot_ws/install/ign_ros2_control:/home/unknown/ROS2_Workspaces/bumperbot_ws/install/gz_ros2_control_tests:/home/unknown/ROS2_Workspaces/bumperbot_ws/install/gz_ros2_control_demos:/home/unknown/ROS2_Workspaces/bumperbot_ws/install/cpp_folder:/home/unknown/ROS2_Workspaces/bumperbot_ws/install/bumperbot_utils:/home/unknown/ROS2_Workspaces/bumperbot_ws/install/bumperbot_msgs:/home/unknown/ROS2_Workspaces/bumperbot_ws/install/bumperbot_localisation:/home/unknown/ROS2_Workspaces/bumperbot_ws/install/bumperbot_firmware:/home/unknown/ROS2_Workspaces/bumperbot_ws/install/bumperbot_controller:/home/unknown/bumperbot_ws/install/ign_ros2_control_demos:/home/unknown/bumperbot_ws/install/bumper_bot:/home/unknown/bumperbot_ws/install/ign_ros2_control:/home/unknown/bumperbot_ws/install/gz_ros2_control_tests:/home/unknown/bumperbot_ws/install/gz_ros2_control_demos:/home/unknown/bumperbot_ws/install/gz_ros2_control:/home/unknown/bumperbot_ws/install/cpp_folder:/home/unknown/bumperbot_ws/install/bumperbot_utils:/home/unknown/bumperbot_ws/install/bumperbot_msgs:/home/unknown/bumperbot_ws/install/bumperbot_localisation:/home/unknown/bumperbot_ws/install/bumperbot_firmware:/home/unknown/bumperbot_ws/install/bumperbot_controller:/home/unknown/ros2_ws/install/rc_plane:/home/unknown/ros2_ws/install/ign_ros2_control_demos:/home/unknown/ros2_ws/install/bumper_bot:/home/unknown/ros2_ws/install/ign_ros2_control:/home/unknown/ros2_ws/install/gz_ros2_control_tests:/home/unknown/ros2_ws/install/gz_ros2_control_demos:/home/unknown/ros2_ws/install/gz_ros2_control:/home/unknown/ros2_ws/install/cpp_folder:/home/unknown/ros2_ws/install/bumperbot_utils:/home/unknown/ros2_ws/install/bumperbot_msgs:/home/unknown/ros2_ws/install/bumperbot_localisation:/home/unknown/ros2_ws/install/bumperbot_firmware:/home/unknown/ros2_ws/install/bumperbot_controller:/home/unknown/ROS2_Workspaces/bumperbot_ws/install/my_robot_controller:/home/unknown/ROS2_Workspaces/bumperbot_ws/install/bumper_bot_py:/home/unknown/bumperbot_ws/install/my_robot_controller:/home/unknown/bumperbot_ws/install/bumper_bot_py:/home/unknown/ros2_ws/install/my_robot_controller:/home/unknown/ros2_ws/install/bumper_bot_py:/opt/ros/humble /usr/bin/cmake /home/unknown/ROS2_Workspaces/bumperbot_ws/src/gz_ros2_control/ign_ros2_control -DCMAKE_INSTALL_PREFIX=/home/unknown/ROS2_Workspaces/bumperbot_ws/install/ign_ros2_control
[44.820s] DEBUG:colcon.colcon_core.event_handler.log_command:Invoked command in '/home/unknown/ROS2_Workspaces/bumperbot_ws/build/ign_ros2_control' returned '0': CMAKE_PREFIX_PATH=/home/unknown/ROS2_Workspaces/bumperbot_ws/install/gz_ros2_control:/home/unknown/ROS2_Workspaces/bumperbot_ws/install/ign_ros2_control_demos:/home/unknown/ROS2_Workspaces/bumperbot_ws/install/bumper_bot:/home/unknown/ROS2_Workspaces/bumperbot_ws/install/ign_ros2_control:/home/unknown/ROS2_Workspaces/bumperbot_ws/install/gz_ros2_control_tests:/home/unknown/ROS2_Workspaces/bumperbot_ws/install/gz_ros2_control_demos:/home/unknown/ROS2_Workspaces/bumperbot_ws/install/cpp_folder:/home/unknown/ROS2_Workspaces/bumperbot_ws/install/bumperbot_utils:/home/unknown/ROS2_Workspaces/bumperbot_ws/install/bumperbot_msgs:/home/unknown/ROS2_Workspaces/bumperbot_ws/install/bumperbot_localisation:/home/unknown/ROS2_Workspaces/bumperbot_ws/install/bumperbot_firmware:/home/unknown/ROS2_Workspaces/bumperbot_ws/install/bumperbot_controller:/home/unknown/bumperbot_ws/install/ign_ros2_control_demos:/home/unknown/bumperbot_ws/install/bumper_bot:/home/unknown/bumperbot_ws/install/ign_ros2_control:/home/unknown/bumperbot_ws/install/gz_ros2_control_tests:/home/unknown/bumperbot_ws/install/gz_ros2_control_demos:/home/unknown/bumperbot_ws/install/gz_ros2_control:/home/unknown/bumperbot_ws/install/cpp_folder:/home/unknown/bumperbot_ws/install/bumperbot_utils:/home/unknown/bumperbot_ws/install/bumperbot_msgs:/home/unknown/bumperbot_ws/install/bumperbot_localisation:/home/unknown/bumperbot_ws/install/bumperbot_firmware:/home/unknown/bumperbot_ws/install/bumperbot_controller:/home/unknown/ros2_ws/install/rc_plane:/home/unknown/ros2_ws/install/ign_ros2_control_demos:/home/unknown/ros2_ws/install/bumper_bot:/home/unknown/ros2_ws/install/ign_ros2_control:/home/unknown/ros2_ws/install/gz_ros2_control_tests:/home/unknown/ros2_ws/install/gz_ros2_control_demos:/home/unknown/ros2_ws/install/gz_ros2_control:/home/unknown/ros2_ws/install/cpp_folder:/home/unknown/ros2_ws/install/bumperbot_utils:/home/unknown/ros2_ws/install/bumperbot_msgs:/home/unknown/ros2_ws/install/bumperbot_localisation:/home/unknown/ros2_ws/install/bumperbot_firmware:/home/unknown/ros2_ws/install/bumperbot_controller:/home/unknown/ROS2_Workspaces/bumperbot_ws/install/my_robot_controller:/home/unknown/ROS2_Workspaces/bumperbot_ws/install/bumper_bot_py:/home/unknown/bumperbot_ws/install/my_robot_controller:/home/unknown/bumperbot_ws/install/bumper_bot_py:/home/unknown/ros2_ws/install/my_robot_controller:/home/unknown/ros2_ws/install/bumper_bot_py:/opt/ros/humble /usr/bin/cmake /home/unknown/ROS2_Workspaces/bumperbot_ws/src/gz_ros2_control/ign_ros2_control -DCMAKE_INSTALL_PREFIX=/home/unknown/ROS2_Workspaces/bumperbot_ws/install/ign_ros2_control
[44.821s] DEBUG:colcon.colcon_core.event_handler.log_command:Invoking command in '/home/unknown/ROS2_Workspaces/bumperbot_ws/build/ign_ros2_control': CMAKE_PREFIX_PATH=/home/unknown/ROS2_Workspaces/bumperbot_ws/install/gz_ros2_control:/home/unknown/ROS2_Workspaces/bumperbot_ws/install/ign_ros2_control_demos:/home/unknown/ROS2_Workspaces/bumperbot_ws/install/bumper_bot:/home/unknown/ROS2_Workspaces/bumperbot_ws/install/ign_ros2_control:/home/unknown/ROS2_Workspaces/bumperbot_ws/install/gz_ros2_control_tests:/home/unknown/ROS2_Workspaces/bumperbot_ws/install/gz_ros2_control_demos:/home/unknown/ROS2_Workspaces/bumperbot_ws/install/cpp_folder:/home/unknown/ROS2_Workspaces/bumperbot_ws/install/bumperbot_utils:/home/unknown/ROS2_Workspaces/bumperbot_ws/install/bumperbot_msgs:/home/unknown/ROS2_Workspaces/bumperbot_ws/install/bumperbot_localisation:/home/unknown/ROS2_Workspaces/bumperbot_ws/install/bumperbot_firmware:/home/unknown/ROS2_Workspaces/bumperbot_ws/install/bumperbot_controller:/home/unknown/bumperbot_ws/install/ign_ros2_control_demos:/home/unknown/bumperbot_ws/install/bumper_bot:/home/unknown/bumperbot_ws/install/ign_ros2_control:/home/unknown/bumperbot_ws/install/gz_ros2_control_tests:/home/unknown/bumperbot_ws/install/gz_ros2_control_demos:/home/unknown/bumperbot_ws/install/gz_ros2_control:/home/unknown/bumperbot_ws/install/cpp_folder:/home/unknown/bumperbot_ws/install/bumperbot_utils:/home/unknown/bumperbot_ws/install/bumperbot_msgs:/home/unknown/bumperbot_ws/install/bumperbot_localisation:/home/unknown/bumperbot_ws/install/bumperbot_firmware:/home/unknown/bumperbot_ws/install/bumperbot_controller:/home/unknown/ros2_ws/install/rc_plane:/home/unknown/ros2_ws/install/ign_ros2_control_demos:/home/unknown/ros2_ws/install/bumper_bot:/home/unknown/ros2_ws/install/ign_ros2_control:/home/unknown/ros2_ws/install/gz_ros2_control_tests:/home/unknown/ros2_ws/install/gz_ros2_control_demos:/home/unknown/ros2_ws/install/gz_ros2_control:/home/unknown/ros2_ws/install/cpp_folder:/home/unknown/ros2_ws/install/bumperbot_utils:/home/unknown/ros2_ws/install/bumperbot_msgs:/home/unknown/ros2_ws/install/bumperbot_localisation:/home/unknown/ros2_ws/install/bumperbot_firmware:/home/unknown/ros2_ws/install/bumperbot_controller:/home/unknown/ROS2_Workspaces/bumperbot_ws/install/my_robot_controller:/home/unknown/ROS2_Workspaces/bumperbot_ws/install/bumper_bot_py:/home/unknown/bumperbot_ws/install/my_robot_controller:/home/unknown/bumperbot_ws/install/bumper_bot_py:/home/unknown/ros2_ws/install/my_robot_controller:/home/unknown/ros2_ws/install/bumper_bot_py:/opt/ros/humble /usr/bin/cmake --build /home/unknown/ROS2_Workspaces/bumperbot_ws/build/ign_ros2_control -- -j8 -l8
[44.854s] DEBUG:colcon.colcon_core.event_handler.log_command:Invoked command in '/home/unknown/ROS2_Workspaces/bumperbot_ws/build/ign_ros2_control' returned '0': CMAKE_PREFIX_PATH=/home/unknown/ROS2_Workspaces/bumperbot_ws/install/gz_ros2_control:/home/unknown/ROS2_Workspaces/bumperbot_ws/install/ign_ros2_control_demos:/home/unknown/ROS2_Workspaces/bumperbot_ws/install/bumper_bot:/home/unknown/ROS2_Workspaces/bumperbot_ws/install/ign_ros2_control:/home/unknown/ROS2_Workspaces/bumperbot_ws/install/gz_ros2_control_tests:/home/unknown/ROS2_Workspaces/bumperbot_ws/install/gz_ros2_control_demos:/home/unknown/ROS2_Workspaces/bumperbot_ws/install/cpp_folder:/home/unknown/ROS2_Workspaces/bumperbot_ws/install/bumperbot_utils:/home/unknown/ROS2_Workspaces/bumperbot_ws/install/bumperbot_msgs:/home/unknown/ROS2_Workspaces/bumperbot_ws/install/bumperbot_localisation:/home/unknown/ROS2_Workspaces/bumperbot_ws/install/bumperbot_firmware:/home/unknown/ROS2_Workspaces/bumperbot_ws/install/bumperbot_controller:/home/unknown/bumperbot_ws/install/ign_ros2_control_demos:/home/unknown/bumperbot_ws/install/bumper_bot:/home/unknown/bumperbot_ws/install/ign_ros2_control:/home/unknown/bumperbot_ws/install/gz_ros2_control_tests:/home/unknown/bumperbot_ws/install/gz_ros2_control_demos:/home/unknown/bumperbot_ws/install/gz_ros2_control:/home/unknown/bumperbot_ws/install/cpp_folder:/home/unknown/bumperbot_ws/install/bumperbot_utils:/home/unknown/bumperbot_ws/install/bumperbot_msgs:/home/unknown/bumperbot_ws/install/bumperbot_localisation:/home/unknown/bumperbot_ws/install/bumperbot_firmware:/home/unknown/bumperbot_ws/install/bumperbot_controller:/home/unknown/ros2_ws/install/rc_plane:/home/unknown/ros2_ws/install/ign_ros2_control_demos:/home/unknown/ros2_ws/install/bumper_bot:/home/unknown/ros2_ws/install/ign_ros2_control:/home/unknown/ros2_ws/install/gz_ros2_control_tests:/home/unknown/ros2_ws/install/gz_ros2_control_demos:/home/unknown/ros2_ws/install/gz_ros2_control:/home/unknown/ros2_ws/install/cpp_folder:/home/unknown/ros2_ws/install/bumperbot_utils:/home/unknown/ros2_ws/install/bumperbot_msgs:/home/unknown/ros2_ws/install/bumperbot_localisation:/home/unknown/ros2_ws/install/bumperbot_firmware:/home/unknown/ros2_ws/install/bumperbot_controller:/home/unknown/ROS2_Workspaces/bumperbot_ws/install/my_robot_controller:/home/unknown/ROS2_Workspaces/bumperbot_ws/install/bumper_bot_py:/home/unknown/bumperbot_ws/install/my_robot_controller:/home/unknown/bumperbot_ws/install/bumper_bot_py:/home/unknown/ros2_ws/install/my_robot_controller:/home/unknown/ros2_ws/install/bumper_bot_py:/opt/ros/humble /usr/bin/cmake --build /home/unknown/ROS2_Workspaces/bumperbot_ws/build/ign_ros2_control -- -j8 -l8
[44.856s] DEBUG:colcon.colcon_core.event_handler.log_command:Invoking command in '/home/unknown/ROS2_Workspaces/bumperbot_ws/build/ign_ros2_control': CMAKE_PREFIX_PATH=/home/unknown/ROS2_Workspaces/bumperbot_ws/install/gz_ros2_control:/home/unknown/ROS2_Workspaces/bumperbot_ws/install/ign_ros2_control_demos:/home/unknown/ROS2_Workspaces/bumperbot_ws/install/bumper_bot:/home/unknown/ROS2_Workspaces/bumperbot_ws/install/ign_ros2_control:/home/unknown/ROS2_Workspaces/bumperbot_ws/install/gz_ros2_control_tests:/home/unknown/ROS2_Workspaces/bumperbot_ws/install/gz_ros2_control_demos:/home/unknown/ROS2_Workspaces/bumperbot_ws/install/cpp_folder:/home/unknown/ROS2_Workspaces/bumperbot_ws/install/bumperbot_utils:/home/unknown/ROS2_Workspaces/bumperbot_ws/install/bumperbot_msgs:/home/unknown/ROS2_Workspaces/bumperbot_ws/install/bumperbot_localisation:/home/unknown/ROS2_Workspaces/bumperbot_ws/install/bumperbot_firmware:/home/unknown/ROS2_Workspaces/bumperbot_ws/install/bumperbot_controller:/home/unknown/bumperbot_ws/install/ign_ros2_control_demos:/home/unknown/bumperbot_ws/install/bumper_bot:/home/unknown/bumperbot_ws/install/ign_ros2_control:/home/unknown/bumperbot_ws/install/gz_ros2_control_tests:/home/unknown/bumperbot_ws/install/gz_ros2_control_demos:/home/unknown/bumperbot_ws/install/gz_ros2_control:/home/unknown/bumperbot_ws/install/cpp_folder:/home/unknown/bumperbot_ws/install/bumperbot_utils:/home/unknown/bumperbot_ws/install/bumperbot_msgs:/home/unknown/bumperbot_ws/install/bumperbot_localisation:/home/unknown/bumperbot_ws/install/bumperbot_firmware:/home/unknown/bumperbot_ws/install/bumperbot_controller:/home/unknown/ros2_ws/install/rc_plane:/home/unknown/ros2_ws/install/ign_ros2_control_demos:/home/unknown/ros2_ws/install/bumper_bot:/home/unknown/ros2_ws/install/ign_ros2_control:/home/unknown/ros2_ws/install/gz_ros2_control_tests:/home/unknown/ros2_ws/install/gz_ros2_control_demos:/home/unknown/ros2_ws/install/gz_ros2_control:/home/unknown/ros2_ws/install/cpp_folder:/home/unknown/ros2_ws/install/bumperbot_utils:/home/unknown/ros2_ws/install/bumperbot_msgs:/home/unknown/ros2_ws/install/bumperbot_localisation:/home/unknown/ros2_ws/install/bumperbot_firmware:/home/unknown/ros2_ws/install/bumperbot_controller:/home/unknown/ROS2_Workspaces/bumperbot_ws/install/my_robot_controller:/home/unknown/ROS2_Workspaces/bumperbot_ws/install/bumper_bot_py:/home/unknown/bumperbot_ws/install/my_robot_controller:/home/unknown/bumperbot_ws/install/bumper_bot_py:/home/unknown/ros2_ws/install/my_robot_controller:/home/unknown/ros2_ws/install/bumper_bot_py:/opt/ros/humble /usr/bin/cmake --install /home/unknown/ROS2_Workspaces/bumperbot_ws/build/ign_ros2_control
[44.866s] Level 1:colcon.colcon_core.environment:create_environment_scripts_only(ign_ros2_control)
[44.866s] Level 1:colcon.colcon_core.environment:checking '/home/unknown/ROS2_Workspaces/bumperbot_ws/install/ign_ros2_control' for CMake module files
[44.867s] DEBUG:colcon.colcon_core.event_handler.log_command:Invoked command in '/home/unknown/ROS2_Workspaces/bumperbot_ws/build/ign_ros2_control' returned '0': CMAKE_PREFIX_PATH=/home/unknown/ROS2_Workspaces/bumperbot_ws/install/gz_ros2_control:/home/unknown/ROS2_Workspaces/bumperbot_ws/install/ign_ros2_control_demos:/home/unknown/ROS2_Workspaces/bumperbot_ws/install/bumper_bot:/home/unknown/ROS2_Workspaces/bumperbot_ws/install/ign_ros2_control:/home/unknown/ROS2_Workspaces/bumperbot_ws/install/gz_ros2_control_tests:/home/unknown/ROS2_Workspaces/bumperbot_ws/install/gz_ros2_control_demos:/home/unknown/ROS2_Workspaces/bumperbot_ws/install/cpp_folder:/home/unknown/ROS2_Workspaces/bumperbot_ws/install/bumperbot_utils:/home/unknown/ROS2_Workspaces/bumperbot_ws/install/bumperbot_msgs:/home/unknown/ROS2_Workspaces/bumperbot_ws/install/bumperbot_localisation:/home/unknown/ROS2_Workspaces/bumperbot_ws/install/bumperbot_firmware:/home/unknown/ROS2_Workspaces/bumperbot_ws/install/bumperbot_controller:/home/unknown/bumperbot_ws/install/ign_ros2_control_demos:/home/unknown/bumperbot_ws/install/bumper_bot:/home/unknown/bumperbot_ws/install/ign_ros2_control:/home/unknown/bumperbot_ws/install/gz_ros2_control_tests:/home/unknown/bumperbot_ws/install/gz_ros2_control_demos:/home/unknown/bumperbot_ws/install/gz_ros2_control:/home/unknown/bumperbot_ws/install/cpp_folder:/home/unknown/bumperbot_ws/install/bumperbot_utils:/home/unknown/bumperbot_ws/install/bumperbot_msgs:/home/unknown/bumperbot_ws/install/bumperbot_localisation:/home/unknown/bumperbot_ws/install/bumperbot_firmware:/home/unknown/bumperbot_ws/install/bumperbot_controller:/home/unknown/ros2_ws/install/rc_plane:/home/unknown/ros2_ws/install/ign_ros2_control_demos:/home/unknown/ros2_ws/install/bumper_bot:/home/unknown/ros2_ws/install/ign_ros2_control:/home/unknown/ros2_ws/install/gz_ros2_control_tests:/home/unknown/ros2_ws/install/gz_ros2_control_demos:/home/unknown/ros2_ws/install/gz_ros2_control:/home/unknown/ros2_ws/install/cpp_folder:/home/unknown/ros2_ws/install/bumperbot_utils:/home/unknown/ros2_ws/install/bumperbot_msgs:/home/unknown/ros2_ws/install/bumperbot_localisation:/home/unknown/ros2_ws/install/bumperbot_firmware:/home/unknown/ros2_ws/install/bumperbot_controller:/home/unknown/ROS2_Workspaces/bumperbot_ws/install/my_robot_controller:/home/unknown/ROS2_Workspaces/bumperbot_ws/install/bumper_bot_py:/home/unknown/bumperbot_ws/install/my_robot_controller:/home/unknown/bumperbot_ws/install/bumper_bot_py:/home/unknown/ros2_ws/install/my_robot_controller:/home/unknown/ros2_ws/install/bumper_bot_py:/opt/ros/humble /usr/bin/cmake --install /home/unknown/ROS2_Workspaces/bumperbot_ws/build/ign_ros2_control
[44.867s] Level 1:colcon.colcon_core.environment:checking '/home/unknown/ROS2_Workspaces/bumperbot_ws/install/ign_ros2_control' for CMake config files
[44.867s] Level 1:colcon.colcon_core.shell:create_environment_hook('ign_ros2_control', 'cmake_prefix_path')
[44.868s] INFO:colcon.colcon_core.shell:Creating environment hook '/home/unknown/ROS2_Workspaces/bumperbot_ws/install/ign_ros2_control/share/ign_ros2_control/hook/cmake_prefix_path.ps1'
[44.868s] INFO:colcon.colcon_core.shell:Creating environment descriptor '/home/unknown/ROS2_Workspaces/bumperbot_ws/install/ign_ros2_control/share/ign_ros2_control/hook/cmake_prefix_path.dsv'
[44.868s] INFO:colcon.colcon_core.shell:Creating environment hook '/home/unknown/ROS2_Workspaces/bumperbot_ws/install/ign_ros2_control/share/ign_ros2_control/hook/cmake_prefix_path.sh'
[44.869s] Level 1:colcon.colcon_core.environment:checking '/home/unknown/ROS2_Workspaces/bumperbot_ws/install/ign_ros2_control/bin'
[44.869s] Level 1:colcon.colcon_core.environment:checking '/home/unknown/ROS2_Workspaces/bumperbot_ws/install/ign_ros2_control/lib/pkgconfig/ign_ros2_control.pc'
[44.869s] Level 1:colcon.colcon_core.environment:checking '/home/unknown/ROS2_Workspaces/bumperbot_ws/install/ign_ros2_control/lib/python3.10/site-packages'
[44.870s] Level 1:colcon.colcon_core.environment:checking '/home/unknown/ROS2_Workspaces/bumperbot_ws/install/ign_ros2_control/bin'
[44.870s] INFO:colcon.colcon_core.shell:Creating package script '/home/unknown/ROS2_Workspaces/bumperbot_ws/install/ign_ros2_control/share/ign_ros2_control/package.ps1'
[44.870s] INFO:colcon.colcon_core.shell:Creating package descriptor '/home/unknown/ROS2_Workspaces/bumperbot_ws/install/ign_ros2_control/share/ign_ros2_control/package.dsv'
[44.871s] INFO:colcon.colcon_core.shell:Creating package script '/home/unknown/ROS2_Workspaces/bumperbot_ws/install/ign_ros2_control/share/ign_ros2_control/package.sh'
[44.871s] INFO:colcon.colcon_core.shell:Creating package script '/home/unknown/ROS2_Workspaces/bumperbot_ws/install/ign_ros2_control/share/ign_ros2_control/package.bash'
[44.872s] INFO:colcon.colcon_core.shell:Creating package script '/home/unknown/ROS2_Workspaces/bumperbot_ws/install/ign_ros2_control/share/ign_ros2_control/package.zsh'
[44.872s] Level 1:colcon.colcon_core.environment:create_file_with_runtime_dependencies(/home/unknown/ROS2_Workspaces/bumperbot_ws/install/ign_ros2_control/share/colcon-core/packages/ign_ros2_control)
[44.872s] Level 1:colcon.colcon_core.environment:create_environment_scripts_only(ign_ros2_control)
[44.873s] Level 1:colcon.colcon_core.environment:checking '/home/unknown/ROS2_Workspaces/bumperbot_ws/install/ign_ros2_control' for CMake module files
[44.873s] Level 1:colcon.colcon_core.environment:checking '/home/unknown/ROS2_Workspaces/bumperbot_ws/install/ign_ros2_control' for CMake config files
[44.873s] Level 1:colcon.colcon_core.shell:create_environment_hook('ign_ros2_control', 'cmake_prefix_path')
[44.873s] INFO:colcon.colcon_core.shell:Creating environment hook '/home/unknown/ROS2_Workspaces/bumperbot_ws/install/ign_ros2_control/share/ign_ros2_control/hook/cmake_prefix_path.ps1'
[44.874s] INFO:colcon.colcon_core.shell:Creating environment descriptor '/home/unknown/ROS2_Workspaces/bumperbot_ws/install/ign_ros2_control/share/ign_ros2_control/hook/cmake_prefix_path.dsv'
[44.874s] INFO:colcon.colcon_core.shell:Creating environment hook '/home/unknown/ROS2_Workspaces/bumperbot_ws/install/ign_ros2_control/share/ign_ros2_control/hook/cmake_prefix_path.sh'
[44.874s] Level 1:colcon.colcon_core.environment:checking '/home/unknown/ROS2_Workspaces/bumperbot_ws/install/ign_ros2_control/bin'
[44.875s] Level 1:colcon.colcon_core.environment:checking '/home/unknown/ROS2_Workspaces/bumperbot_ws/install/ign_ros2_control/lib/pkgconfig/ign_ros2_control.pc'
[44.875s] Level 1:colcon.colcon_core.environment:checking '/home/unknown/ROS2_Workspaces/bumperbot_ws/install/ign_ros2_control/lib/python3.10/site-packages'
[44.875s] Level 1:colcon.colcon_core.environment:checking '/home/unknown/ROS2_Workspaces/bumperbot_ws/install/ign_ros2_control/bin'
[44.875s] INFO:colcon.colcon_core.shell:Creating package script '/home/unknown/ROS2_Workspaces/bumperbot_ws/install/ign_ros2_control/share/ign_ros2_control/package.ps1'
[44.876s] INFO:colcon.colcon_core.shell:Creating package descriptor '/home/unknown/ROS2_Workspaces/bumperbot_ws/install/ign_ros2_control/share/ign_ros2_control/package.dsv'
[44.876s] INFO:colcon.colcon_core.shell:Creating package script '/home/unknown/ROS2_Workspaces/bumperbot_ws/install/ign_ros2_control/share/ign_ros2_control/package.sh'
[44.877s] INFO:colcon.colcon_core.shell:Creating package script '/home/unknown/ROS2_Workspaces/bumperbot_ws/install/ign_ros2_control/share/ign_ros2_control/package.bash'
[44.877s] INFO:colcon.colcon_core.shell:Creating package script '/home/unknown/ROS2_Workspaces/bumperbot_ws/install/ign_ros2_control/share/ign_ros2_control/package.zsh'
[44.878s] Level 1:colcon.colcon_core.environment:create_file_with_runtime_dependencies(/home/unknown/ROS2_Workspaces/bumperbot_ws/install/ign_ros2_control/share/colcon-core/packages/ign_ros2_control)
[44.878s] INFO:colcon.colcon_ros.task.ament_cmake.build:Building ROS package in '/home/unknown/ROS2_Workspaces/bumperbot_ws/src/bumper_bot' with build type 'ament_cmake'
[44.878s] INFO:colcon.colcon_cmake.task.cmake.build:Building CMake package in '/home/unknown/ROS2_Workspaces/bumperbot_ws/src/bumper_bot'
[44.878s] INFO:colcon.colcon_core.shell:Skip shell extension 'powershell' for command environment: Not usable outside of PowerShell
[44.878s] DEBUG:colcon.colcon_core.shell:Skip shell extension 'dsv' for command environment
[44.890s] DEBUG:colcon.colcon_core.event_handler.log_command:Invoking command in '/home/unknown/ROS2_Workspaces/bumperbot_ws/build/bumper_bot': CMAKE_PREFIX_PATH=/home/unknown/ROS2_Workspaces/bumperbot_ws/install/ign_ros2_control:/home/unknown/ROS2_Workspaces/bumperbot_ws/install/gz_ros2_control:/home/unknown/ROS2_Workspaces/bumperbot_ws/install/ign_ros2_control_demos:/home/unknown/ROS2_Workspaces/bumperbot_ws/install/bumper_bot:/home/unknown/ROS2_Workspaces/bumperbot_ws/install/gz_ros2_control_tests:/home/unknown/ROS2_Workspaces/bumperbot_ws/install/gz_ros2_control_demos:/home/unknown/ROS2_Workspaces/bumperbot_ws/install/cpp_folder:/home/unknown/ROS2_Workspaces/bumperbot_ws/install/bumperbot_utils:/home/unknown/ROS2_Workspaces/bumperbot_ws/install/bumperbot_msgs:/home/unknown/ROS2_Workspaces/bumperbot_ws/install/bumperbot_localisation:/home/unknown/ROS2_Workspaces/bumperbot_ws/install/bumperbot_firmware:/home/unknown/ROS2_Workspaces/bumperbot_ws/install/bumperbot_controller:/home/unknown/bumperbot_ws/install/ign_ros2_control_demos:/home/unknown/bumperbot_ws/install/bumper_bot:/home/unknown/bumperbot_ws/install/ign_ros2_control:/home/unknown/bumperbot_ws/install/gz_ros2_control_tests:/home/unknown/bumperbot_ws/install/gz_ros2_control_demos:/home/unknown/bumperbot_ws/install/gz_ros2_control:/home/unknown/bumperbot_ws/install/cpp_folder:/home/unknown/bumperbot_ws/install/bumperbot_utils:/home/unknown/bumperbot_ws/install/bumperbot_msgs:/home/unknown/bumperbot_ws/install/bumperbot_localisation:/home/unknown/bumperbot_ws/install/bumperbot_firmware:/home/unknown/bumperbot_ws/install/bumperbot_controller:/home/unknown/ros2_ws/install/rc_plane:/home/unknown/ros2_ws/install/ign_ros2_control_demos:/home/unknown/ros2_ws/install/bumper_bot:/home/unknown/ros2_ws/install/ign_ros2_control:/home/unknown/ros2_ws/install/gz_ros2_control_tests:/home/unknown/ros2_ws/install/gz_ros2_control_demos:/home/unknown/ros2_ws/install/gz_ros2_control:/home/unknown/ros2_ws/install/cpp_folder:/home/unknown/ros2_ws/install/bumperbot_utils:/home/unknown/ros2_ws/install/bumperbot_msgs:/home/unknown/ros2_ws/install/bumperbot_localisation:/home/unknown/ros2_ws/install/bumperbot_firmware:/home/unknown/ros2_ws/install/bumperbot_controller:/home/unknown/ROS2_Workspaces/bumperbot_ws/install/my_robot_controller:/home/unknown/ROS2_Workspaces/bumperbot_ws/install/bumper_bot_py:/home/unknown/bumperbot_ws/install/my_robot_controller:/home/unknown/bumperbot_ws/install/bumper_bot_py:/home/unknown/ros2_ws/install/my_robot_controller:/home/unknown/ros2_ws/install/bumper_bot_py:/opt/ros/humble /usr/bin/cmake /home/unknown/ROS2_Workspaces/bumperbot_ws/src/bumper_bot -DCMAKE_INSTALL_PREFIX=/home/unknown/ROS2_Workspaces/bumperbot_ws/install/bumper_bot
[45.612s] DEBUG:colcon.colcon_core.event_handler.log_command:Invoked command in '/home/unknown/ROS2_Workspaces/bumperbot_ws/build/gz_ros2_control_demos' returned '0': CMAKE_PREFIX_PATH=/home/unknown/ROS2_Workspaces/bumperbot_ws/install/gz_ros2_control:/home/unknown/ROS2_Workspaces/bumperbot_ws/install/ign_ros2_control_demos:/home/unknown/ROS2_Workspaces/bumperbot_ws/install/bumper_bot:/home/unknown/ROS2_Workspaces/bumperbot_ws/install/ign_ros2_control:/home/unknown/ROS2_Workspaces/bumperbot_ws/install/gz_ros2_control_tests:/home/unknown/ROS2_Workspaces/bumperbot_ws/install/gz_ros2_control_demos:/home/unknown/ROS2_Workspaces/bumperbot_ws/install/cpp_folder:/home/unknown/ROS2_Workspaces/bumperbot_ws/install/bumperbot_utils:/home/unknown/ROS2_Workspaces/bumperbot_ws/install/bumperbot_msgs:/home/unknown/ROS2_Workspaces/bumperbot_ws/install/bumperbot_localisation:/home/unknown/ROS2_Workspaces/bumperbot_ws/install/bumperbot_firmware:/home/unknown/ROS2_Workspaces/bumperbot_ws/install/bumperbot_controller:/home/unknown/bumperbot_ws/install/ign_ros2_control_demos:/home/unknown/bumperbot_ws/install/bumper_bot:/home/unknown/bumperbot_ws/install/ign_ros2_control:/home/unknown/bumperbot_ws/install/gz_ros2_control_tests:/home/unknown/bumperbot_ws/install/gz_ros2_control_demos:/home/unknown/bumperbot_ws/install/gz_ros2_control:/home/unknown/bumperbot_ws/install/cpp_folder:/home/unknown/bumperbot_ws/install/bumperbot_utils:/home/unknown/bumperbot_ws/install/bumperbot_msgs:/home/unknown/bumperbot_ws/install/bumperbot_localisation:/home/unknown/bumperbot_ws/install/bumperbot_firmware:/home/unknown/bumperbot_ws/install/bumperbot_controller:/home/unknown/ros2_ws/install/rc_plane:/home/unknown/ros2_ws/install/ign_ros2_control_demos:/home/unknown/ros2_ws/install/bumper_bot:/home/unknown/ros2_ws/install/ign_ros2_control:/home/unknown/ros2_ws/install/gz_ros2_control_tests:/home/unknown/ros2_ws/install/gz_ros2_control_demos:/home/unknown/ros2_ws/install/gz_ros2_control:/home/unknown/ros2_ws/install/cpp_folder:/home/unknown/ros2_ws/install/bumperbot_utils:/home/unknown/ros2_ws/install/bumperbot_msgs:/home/unknown/ros2_ws/install/bumperbot_localisation:/home/unknown/ros2_ws/install/bumperbot_firmware:/home/unknown/ros2_ws/install/bumperbot_controller:/home/unknown/ROS2_Workspaces/bumperbot_ws/install/my_robot_controller:/home/unknown/ROS2_Workspaces/bumperbot_ws/install/bumper_bot_py:/home/unknown/bumperbot_ws/install/my_robot_controller:/home/unknown/bumperbot_ws/install/bumper_bot_py:/home/unknown/ros2_ws/install/my_robot_controller:/home/unknown/ros2_ws/install/bumper_bot_py:/opt/ros/humble /usr/bin/cmake /home/unknown/ROS2_Workspaces/bumperbot_ws/src/gz_ros2_control/gz_ros2_control_demos -DCMAKE_INSTALL_PREFIX=/home/unknown/ROS2_Workspaces/bumperbot_ws/install/gz_ros2_control_demos
[45.614s] DEBUG:colcon.colcon_core.event_handler.log_command:Invoking command in '/home/unknown/ROS2_Workspaces/bumperbot_ws/build/gz_ros2_control_demos': CMAKE_PREFIX_PATH=/home/unknown/ROS2_Workspaces/bumperbot_ws/install/gz_ros2_control:/home/unknown/ROS2_Workspaces/bumperbot_ws/install/ign_ros2_control_demos:/home/unknown/ROS2_Workspaces/bumperbot_ws/install/bumper_bot:/home/unknown/ROS2_Workspaces/bumperbot_ws/install/ign_ros2_control:/home/unknown/ROS2_Workspaces/bumperbot_ws/install/gz_ros2_control_tests:/home/unknown/ROS2_Workspaces/bumperbot_ws/install/gz_ros2_control_demos:/home/unknown/ROS2_Workspaces/bumperbot_ws/install/cpp_folder:/home/unknown/ROS2_Workspaces/bumperbot_ws/install/bumperbot_utils:/home/unknown/ROS2_Workspaces/bumperbot_ws/install/bumperbot_msgs:/home/unknown/ROS2_Workspaces/bumperbot_ws/install/bumperbot_localisation:/home/unknown/ROS2_Workspaces/bumperbot_ws/install/bumperbot_firmware:/home/unknown/ROS2_Workspaces/bumperbot_ws/install/bumperbot_controller:/home/unknown/bumperbot_ws/install/ign_ros2_control_demos:/home/unknown/bumperbot_ws/install/bumper_bot:/home/unknown/bumperbot_ws/install/ign_ros2_control:/home/unknown/bumperbot_ws/install/gz_ros2_control_tests:/home/unknown/bumperbot_ws/install/gz_ros2_control_demos:/home/unknown/bumperbot_ws/install/gz_ros2_control:/home/unknown/bumperbot_ws/install/cpp_folder:/home/unknown/bumperbot_ws/install/bumperbot_utils:/home/unknown/bumperbot_ws/install/bumperbot_msgs:/home/unknown/bumperbot_ws/install/bumperbot_localisation:/home/unknown/bumperbot_ws/install/bumperbot_firmware:/home/unknown/bumperbot_ws/install/bumperbot_controller:/home/unknown/ros2_ws/install/rc_plane:/home/unknown/ros2_ws/install/ign_ros2_control_demos:/home/unknown/ros2_ws/install/bumper_bot:/home/unknown/ros2_ws/install/ign_ros2_control:/home/unknown/ros2_ws/install/gz_ros2_control_tests:/home/unknown/ros2_ws/install/gz_ros2_control_demos:/home/unknown/ros2_ws/install/gz_ros2_control:/home/unknown/ros2_ws/install/cpp_folder:/home/unknown/ros2_ws/install/bumperbot_utils:/home/unknown/ros2_ws/install/bumperbot_msgs:/home/unknown/ros2_ws/install/bumperbot_localisation:/home/unknown/ros2_ws/install/bumperbot_firmware:/home/unknown/ros2_ws/install/bumperbot_controller:/home/unknown/ROS2_Workspaces/bumperbot_ws/install/my_robot_controller:/home/unknown/ROS2_Workspaces/bumperbot_ws/install/bumper_bot_py:/home/unknown/bumperbot_ws/install/my_robot_controller:/home/unknown/bumperbot_ws/install/bumper_bot_py:/home/unknown/ros2_ws/install/my_robot_controller:/home/unknown/ros2_ws/install/bumper_bot_py:/opt/ros/humble /usr/bin/cmake --build /home/unknown/ROS2_Workspaces/bumperbot_ws/build/gz_ros2_control_demos -- -j8 -l8
[45.652s] DEBUG:colcon.colcon_core.event_handler.log_command:Invoked command in '/home/unknown/ROS2_Workspaces/bumperbot_ws/build/bumper_bot' returned '0': CMAKE_PREFIX_PATH=/home/unknown/ROS2_Workspaces/bumperbot_ws/install/ign_ros2_control:/home/unknown/ROS2_Workspaces/bumperbot_ws/install/gz_ros2_control:/home/unknown/ROS2_Workspaces/bumperbot_ws/install/ign_ros2_control_demos:/home/unknown/ROS2_Workspaces/bumperbot_ws/install/bumper_bot:/home/unknown/ROS2_Workspaces/bumperbot_ws/install/gz_ros2_control_tests:/home/unknown/ROS2_Workspaces/bumperbot_ws/install/gz_ros2_control_demos:/home/unknown/ROS2_Workspaces/bumperbot_ws/install/cpp_folder:/home/unknown/ROS2_Workspaces/bumperbot_ws/install/bumperbot_utils:/home/unknown/ROS2_Workspaces/bumperbot_ws/install/bumperbot_msgs:/home/unknown/ROS2_Workspaces/bumperbot_ws/install/bumperbot_localisation:/home/unknown/ROS2_Workspaces/bumperbot_ws/install/bumperbot_firmware:/home/unknown/ROS2_Workspaces/bumperbot_ws/install/bumperbot_controller:/home/unknown/bumperbot_ws/install/ign_ros2_control_demos:/home/unknown/bumperbot_ws/install/bumper_bot:/home/unknown/bumperbot_ws/install/ign_ros2_control:/home/unknown/bumperbot_ws/install/gz_ros2_control_tests:/home/unknown/bumperbot_ws/install/gz_ros2_control_demos:/home/unknown/bumperbot_ws/install/gz_ros2_control:/home/unknown/bumperbot_ws/install/cpp_folder:/home/unknown/bumperbot_ws/install/bumperbot_utils:/home/unknown/bumperbot_ws/install/bumperbot_msgs:/home/unknown/bumperbot_ws/install/bumperbot_localisation:/home/unknown/bumperbot_ws/install/bumperbot_firmware:/home/unknown/bumperbot_ws/install/bumperbot_controller:/home/unknown/ros2_ws/install/rc_plane:/home/unknown/ros2_ws/install/ign_ros2_control_demos:/home/unknown/ros2_ws/install/bumper_bot:/home/unknown/ros2_ws/install/ign_ros2_control:/home/unknown/ros2_ws/install/gz_ros2_control_tests:/home/unknown/ros2_ws/install/gz_ros2_control_demos:/home/unknown/ros2_ws/install/gz_ros2_control:/home/unknown/ros2_ws/install/cpp_folder:/home/unknown/ros2_ws/install/bumperbot_utils:/home/unknown/ros2_ws/install/bumperbot_msgs:/home/unknown/ros2_ws/install/bumperbot_localisation:/home/unknown/ros2_ws/install/bumperbot_firmware:/home/unknown/ros2_ws/install/bumperbot_controller:/home/unknown/ROS2_Workspaces/bumperbot_ws/install/my_robot_controller:/home/unknown/ROS2_Workspaces/bumperbot_ws/install/bumper_bot_py:/home/unknown/bumperbot_ws/install/my_robot_controller:/home/unknown/bumperbot_ws/install/bumper_bot_py:/home/unknown/ros2_ws/install/my_robot_controller:/home/unknown/ros2_ws/install/bumper_bot_py:/opt/ros/humble /usr/bin/cmake /home/unknown/ROS2_Workspaces/bumperbot_ws/src/bumper_bot -DCMAKE_INSTALL_PREFIX=/home/unknown/ROS2_Workspaces/bumperbot_ws/install/bumper_bot
[45.652s] DEBUG:colcon.colcon_core.event_handler.log_command:Invoking command in '/home/unknown/ROS2_Workspaces/bumperbot_ws/build/bumper_bot': CMAKE_PREFIX_PATH=/home/unknown/ROS2_Workspaces/bumperbot_ws/install/ign_ros2_control:/home/unknown/ROS2_Workspaces/bumperbot_ws/install/gz_ros2_control:/home/unknown/ROS2_Workspaces/bumperbot_ws/install/ign_ros2_control_demos:/home/unknown/ROS2_Workspaces/bumperbot_ws/install/bumper_bot:/home/unknown/ROS2_Workspaces/bumperbot_ws/install/gz_ros2_control_tests:/home/unknown/ROS2_Workspaces/bumperbot_ws/install/gz_ros2_control_demos:/home/unknown/ROS2_Workspaces/bumperbot_ws/install/cpp_folder:/home/unknown/ROS2_Workspaces/bumperbot_ws/install/bumperbot_utils:/home/unknown/ROS2_Workspaces/bumperbot_ws/install/bumperbot_msgs:/home/unknown/ROS2_Workspaces/bumperbot_ws/install/bumperbot_localisation:/home/unknown/ROS2_Workspaces/bumperbot_ws/install/bumperbot_firmware:/home/unknown/ROS2_Workspaces/bumperbot_ws/install/bumperbot_controller:/home/unknown/bumperbot_ws/install/ign_ros2_control_demos:/home/unknown/bumperbot_ws/install/bumper_bot:/home/unknown/bumperbot_ws/install/ign_ros2_control:/home/unknown/bumperbot_ws/install/gz_ros2_control_tests:/home/unknown/bumperbot_ws/install/gz_ros2_control_demos:/home/unknown/bumperbot_ws/install/gz_ros2_control:/home/unknown/bumperbot_ws/install/cpp_folder:/home/unknown/bumperbot_ws/install/bumperbot_utils:/home/unknown/bumperbot_ws/install/bumperbot_msgs:/home/unknown/bumperbot_ws/install/bumperbot_localisation:/home/unknown/bumperbot_ws/install/bumperbot_firmware:/home/unknown/bumperbot_ws/install/bumperbot_controller:/home/unknown/ros2_ws/install/rc_plane:/home/unknown/ros2_ws/install/ign_ros2_control_demos:/home/unknown/ros2_ws/install/bumper_bot:/home/unknown/ros2_ws/install/ign_ros2_control:/home/unknown/ros2_ws/install/gz_ros2_control_tests:/home/unknown/ros2_ws/install/gz_ros2_control_demos:/home/unknown/ros2_ws/install/gz_ros2_control:/home/unknown/ros2_ws/install/cpp_folder:/home/unknown/ros2_ws/install/bumperbot_utils:/home/unknown/ros2_ws/install/bumperbot_msgs:/home/unknown/ros2_ws/install/bumperbot_localisation:/home/unknown/ros2_ws/install/bumperbot_firmware:/home/unknown/ros2_ws/install/bumperbot_controller:/home/unknown/ROS2_Workspaces/bumperbot_ws/install/my_robot_controller:/home/unknown/ROS2_Workspaces/bumperbot_ws/install/bumper_bot_py:/home/unknown/bumperbot_ws/install/my_robot_controller:/home/unknown/bumperbot_ws/install/bumper_bot_py:/home/unknown/ros2_ws/install/my_robot_controller:/home/unknown/ros2_ws/install/bumper_bot_py:/opt/ros/humble /usr/bin/cmake --build /home/unknown/ROS2_Workspaces/bumperbot_ws/build/bumper_bot -- -j8 -l8
[45.701s] DEBUG:colcon.colcon_core.event_handler.log_command:Invoked command in '/home/unknown/ROS2_Workspaces/bumperbot_ws/build/bumper_bot' returned '0': CMAKE_PREFIX_PATH=/home/unknown/ROS2_Workspaces/bumperbot_ws/install/ign_ros2_control:/home/unknown/ROS2_Workspaces/bumperbot_ws/install/gz_ros2_control:/home/unknown/ROS2_Workspaces/bumperbot_ws/install/ign_ros2_control_demos:/home/unknown/ROS2_Workspaces/bumperbot_ws/install/bumper_bot:/home/unknown/ROS2_Workspaces/bumperbot_ws/install/gz_ros2_control_tests:/home/unknown/ROS2_Workspaces/bumperbot_ws/install/gz_ros2_control_demos:/home/unknown/ROS2_Workspaces/bumperbot_ws/install/cpp_folder:/home/unknown/ROS2_Workspaces/bumperbot_ws/install/bumperbot_utils:/home/unknown/ROS2_Workspaces/bumperbot_ws/install/bumperbot_msgs:/home/unknown/ROS2_Workspaces/bumperbot_ws/install/bumperbot_localisation:/home/unknown/ROS2_Workspaces/bumperbot_ws/install/bumperbot_firmware:/home/unknown/ROS2_Workspaces/bumperbot_ws/install/bumperbot_controller:/home/unknown/bumperbot_ws/install/ign_ros2_control_demos:/home/unknown/bumperbot_ws/install/bumper_bot:/home/unknown/bumperbot_ws/install/ign_ros2_control:/home/unknown/bumperbot_ws/install/gz_ros2_control_tests:/home/unknown/bumperbot_ws/install/gz_ros2_control_demos:/home/unknown/bumperbot_ws/install/gz_ros2_control:/home/unknown/bumperbot_ws/install/cpp_folder:/home/unknown/bumperbot_ws/install/bumperbot_utils:/home/unknown/bumperbot_ws/install/bumperbot_msgs:/home/unknown/bumperbot_ws/install/bumperbot_localisation:/home/unknown/bumperbot_ws/install/bumperbot_firmware:/home/unknown/bumperbot_ws/install/bumperbot_controller:/home/unknown/ros2_ws/install/rc_plane:/home/unknown/ros2_ws/install/ign_ros2_control_demos:/home/unknown/ros2_ws/install/bumper_bot:/home/unknown/ros2_ws/install/ign_ros2_control:/home/unknown/ros2_ws/install/gz_ros2_control_tests:/home/unknown/ros2_ws/install/gz_ros2_control_demos:/home/unknown/ros2_ws/install/gz_ros2_control:/home/unknown/ros2_ws/install/cpp_folder:/home/unknown/ros2_ws/install/bumperbot_utils:/home/unknown/ros2_ws/install/bumperbot_msgs:/home/unknown/ros2_ws/install/bumperbot_localisation:/home/unknown/ros2_ws/install/bumperbot_firmware:/home/unknown/ros2_ws/install/bumperbot_controller:/home/unknown/ROS2_Workspaces/bumperbot_ws/install/my_robot_controller:/home/unknown/ROS2_Workspaces/bumperbot_ws/install/bumper_bot_py:/home/unknown/bumperbot_ws/install/my_robot_controller:/home/unknown/bumperbot_ws/install/bumper_bot_py:/home/unknown/ros2_ws/install/my_robot_controller:/home/unknown/ros2_ws/install/bumper_bot_py:/opt/ros/humble /usr/bin/cmake --build /home/unknown/ROS2_Workspaces/bumperbot_ws/build/bumper_bot -- -j8 -l8
[45.703s] DEBUG:colcon.colcon_core.event_handler.log_command:Invoking command in '/home/unknown/ROS2_Workspaces/bumperbot_ws/build/bumper_bot': CMAKE_PREFIX_PATH=/home/unknown/ROS2_Workspaces/bumperbot_ws/install/ign_ros2_control:/home/unknown/ROS2_Workspaces/bumperbot_ws/install/gz_ros2_control:/home/unknown/ROS2_Workspaces/bumperbot_ws/install/ign_ros2_control_demos:/home/unknown/ROS2_Workspaces/bumperbot_ws/install/bumper_bot:/home/unknown/ROS2_Workspaces/bumperbot_ws/install/gz_ros2_control_tests:/home/unknown/ROS2_Workspaces/bumperbot_ws/install/gz_ros2_control_demos:/home/unknown/ROS2_Workspaces/bumperbot_ws/install/cpp_folder:/home/unknown/ROS2_Workspaces/bumperbot_ws/install/bumperbot_utils:/home/unknown/ROS2_Workspaces/bumperbot_ws/install/bumperbot_msgs:/home/unknown/ROS2_Workspaces/bumperbot_ws/install/bumperbot_localisation:/home/unknown/ROS2_Workspaces/bumperbot_ws/install/bumperbot_firmware:/home/unknown/ROS2_Workspaces/bumperbot_ws/install/bumperbot_controller:/home/unknown/bumperbot_ws/install/ign_ros2_control_demos:/home/unknown/bumperbot_ws/install/bumper_bot:/home/unknown/bumperbot_ws/install/ign_ros2_control:/home/unknown/bumperbot_ws/install/gz_ros2_control_tests:/home/unknown/bumperbot_ws/install/gz_ros2_control_demos:/home/unknown/bumperbot_ws/install/gz_ros2_control:/home/unknown/bumperbot_ws/install/cpp_folder:/home/unknown/bumperbot_ws/install/bumperbot_utils:/home/unknown/bumperbot_ws/install/bumperbot_msgs:/home/unknown/bumperbot_ws/install/bumperbot_localisation:/home/unknown/bumperbot_ws/install/bumperbot_firmware:/home/unknown/bumperbot_ws/install/bumperbot_controller:/home/unknown/ros2_ws/install/rc_plane:/home/unknown/ros2_ws/install/ign_ros2_control_demos:/home/unknown/ros2_ws/install/bumper_bot:/home/unknown/ros2_ws/install/ign_ros2_control:/home/unknown/ros2_ws/install/gz_ros2_control_tests:/home/unknown/ros2_ws/install/gz_ros2_control_demos:/home/unknown/ros2_ws/install/gz_ros2_control:/home/unknown/ros2_ws/install/cpp_folder:/home/unknown/ros2_ws/install/bumperbot_utils:/home/unknown/ros2_ws/install/bumperbot_msgs:/home/unknown/ros2_ws/install/bumperbot_localisation:/home/unknown/ros2_ws/install/bumperbot_firmware:/home/unknown/ros2_ws/install/bumperbot_controller:/home/unknown/ROS2_Workspaces/bumperbot_ws/install/my_robot_controller:/home/unknown/ROS2_Workspaces/bumperbot_ws/install/bumper_bot_py:/home/unknown/bumperbot_ws/install/my_robot_controller:/home/unknown/bumperbot_ws/install/bumper_bot_py:/home/unknown/ros2_ws/install/my_robot_controller:/home/unknown/ros2_ws/install/bumper_bot_py:/opt/ros/humble /usr/bin/cmake --install /home/unknown/ROS2_Workspaces/bumperbot_ws/build/bumper_bot
[46.125s] Level 1:colcon.colcon_core.environment:create_environment_scripts_only(bumper_bot)
[46.126s] DEBUG:colcon.colcon_core.event_handler.log_command:Invoked command in '/home/unknown/ROS2_Workspaces/bumperbot_ws/build/bumper_bot' returned '0': CMAKE_PREFIX_PATH=/home/unknown/ROS2_Workspaces/bumperbot_ws/install/ign_ros2_control:/home/unknown/ROS2_Workspaces/bumperbot_ws/install/gz_ros2_control:/home/unknown/ROS2_Workspaces/bumperbot_ws/install/ign_ros2_control_demos:/home/unknown/ROS2_Workspaces/bumperbot_ws/install/bumper_bot:/home/unknown/ROS2_Workspaces/bumperbot_ws/install/gz_ros2_control_tests:/home/unknown/ROS2_Workspaces/bumperbot_ws/install/gz_ros2_control_demos:/home/unknown/ROS2_Workspaces/bumperbot_ws/install/cpp_folder:/home/unknown/ROS2_Workspaces/bumperbot_ws/install/bumperbot_utils:/home/unknown/ROS2_Workspaces/bumperbot_ws/install/bumperbot_msgs:/home/unknown/ROS2_Workspaces/bumperbot_ws/install/bumperbot_localisation:/home/unknown/ROS2_Workspaces/bumperbot_ws/install/bumperbot_firmware:/home/unknown/ROS2_Workspaces/bumperbot_ws/install/bumperbot_controller:/home/unknown/bumperbot_ws/install/ign_ros2_control_demos:/home/unknown/bumperbot_ws/install/bumper_bot:/home/unknown/bumperbot_ws/install/ign_ros2_control:/home/unknown/bumperbot_ws/install/gz_ros2_control_tests:/home/unknown/bumperbot_ws/install/gz_ros2_control_demos:/home/unknown/bumperbot_ws/install/gz_ros2_control:/home/unknown/bumperbot_ws/install/cpp_folder:/home/unknown/bumperbot_ws/install/bumperbot_utils:/home/unknown/bumperbot_ws/install/bumperbot_msgs:/home/unknown/bumperbot_ws/install/bumperbot_localisation:/home/unknown/bumperbot_ws/install/bumperbot_firmware:/home/unknown/bumperbot_ws/install/bumperbot_controller:/home/unknown/ros2_ws/install/rc_plane:/home/unknown/ros2_ws/install/ign_ros2_control_demos:/home/unknown/ros2_ws/install/bumper_bot:/home/unknown/ros2_ws/install/ign_ros2_control:/home/unknown/ros2_ws/install/gz_ros2_control_tests:/home/unknown/ros2_ws/install/gz_ros2_control_demos:/home/unknown/ros2_ws/install/gz_ros2_control:/home/unknown/ros2_ws/install/cpp_folder:/home/unknown/ros2_ws/install/bumperbot_utils:/home/unknown/ros2_ws/install/bumperbot_msgs:/home/unknown/ros2_ws/install/bumperbot_localisation:/home/unknown/ros2_ws/install/bumperbot_firmware:/home/unknown/ros2_ws/install/bumperbot_controller:/home/unknown/ROS2_Workspaces/bumperbot_ws/install/my_robot_controller:/home/unknown/ROS2_Workspaces/bumperbot_ws/install/bumper_bot_py:/home/unknown/bumperbot_ws/install/my_robot_controller:/home/unknown/bumperbot_ws/install/bumper_bot_py:/home/unknown/ros2_ws/install/my_robot_controller:/home/unknown/ros2_ws/install/bumper_bot_py:/opt/ros/humble /usr/bin/cmake --install /home/unknown/ROS2_Workspaces/bumperbot_ws/build/bumper_bot
[46.127s] Level 1:colcon.colcon_core.environment:checking '/home/unknown/ROS2_Workspaces/bumperbot_ws/install/bumper_bot' for CMake module files
[46.128s] Level 1:colcon.colcon_core.environment:checking '/home/unknown/ROS2_Workspaces/bumperbot_ws/install/bumper_bot' for CMake config files
[46.128s] Level 1:colcon.colcon_core.shell:create_environment_hook('bumper_bot', 'cmake_prefix_path')
[46.129s] INFO:colcon.colcon_core.shell:Creating environment hook '/home/unknown/ROS2_Workspaces/bumperbot_ws/install/bumper_bot/share/bumper_bot/hook/cmake_prefix_path.ps1'
[46.130s] INFO:colcon.colcon_core.shell:Creating environment descriptor '/home/unknown/ROS2_Workspaces/bumperbot_ws/install/bumper_bot/share/bumper_bot/hook/cmake_prefix_path.dsv'
[46.130s] INFO:colcon.colcon_core.shell:Creating environment hook '/home/unknown/ROS2_Workspaces/bumperbot_ws/install/bumper_bot/share/bumper_bot/hook/cmake_prefix_path.sh'
[46.131s] Level 1:colcon.colcon_core.environment:checking '/home/unknown/ROS2_Workspaces/bumperbot_ws/install/bumper_bot/bin'
[46.131s] Level 1:colcon.colcon_core.environment:checking '/home/unknown/ROS2_Workspaces/bumperbot_ws/install/bumper_bot/lib/pkgconfig/bumper_bot.pc'
[46.132s] Level 1:colcon.colcon_core.environment:checking '/home/unknown/ROS2_Workspaces/bumperbot_ws/install/bumper_bot/lib/python3.10/site-packages'
[46.133s] Level 1:colcon.colcon_core.environment:checking '/home/unknown/ROS2_Workspaces/bumperbot_ws/install/bumper_bot/bin'
[46.134s] INFO:colcon.colcon_core.shell:Creating package script '/home/unknown/ROS2_Workspaces/bumperbot_ws/install/bumper_bot/share/bumper_bot/package.ps1'
[46.135s] INFO:colcon.colcon_core.shell:Creating package descriptor '/home/unknown/ROS2_Workspaces/bumperbot_ws/install/bumper_bot/share/bumper_bot/package.dsv'
[46.135s] INFO:colcon.colcon_core.shell:Creating package script '/home/unknown/ROS2_Workspaces/bumperbot_ws/install/bumper_bot/share/bumper_bot/package.sh'
[46.136s] INFO:colcon.colcon_core.shell:Creating package script '/home/unknown/ROS2_Workspaces/bumperbot_ws/install/bumper_bot/share/bumper_bot/package.bash'
[46.137s] INFO:colcon.colcon_core.shell:Creating package script '/home/unknown/ROS2_Workspaces/bumperbot_ws/install/bumper_bot/share/bumper_bot/package.zsh'
[46.138s] Level 1:colcon.colcon_core.environment:create_file_with_runtime_dependencies(/home/unknown/ROS2_Workspaces/bumperbot_ws/install/bumper_bot/share/colcon-core/packages/bumper_bot)
[46.139s] Level 1:colcon.colcon_core.environment:create_environment_scripts_only(bumper_bot)
[46.139s] Level 1:colcon.colcon_core.environment:checking '/home/unknown/ROS2_Workspaces/bumperbot_ws/install/bumper_bot' for CMake module files
[46.140s] Level 1:colcon.colcon_core.environment:checking '/home/unknown/ROS2_Workspaces/bumperbot_ws/install/bumper_bot' for CMake config files
[46.141s] Level 1:colcon.colcon_core.shell:create_environment_hook('bumper_bot', 'cmake_prefix_path')
[46.141s] INFO:colcon.colcon_core.shell:Creating environment hook '/home/unknown/ROS2_Workspaces/bumperbot_ws/install/bumper_bot/share/bumper_bot/hook/cmake_prefix_path.ps1'
[46.142s] INFO:colcon.colcon_core.shell:Creating environment descriptor '/home/unknown/ROS2_Workspaces/bumperbot_ws/install/bumper_bot/share/bumper_bot/hook/cmake_prefix_path.dsv'
[46.143s] INFO:colcon.colcon_core.shell:Creating environment hook '/home/unknown/ROS2_Workspaces/bumperbot_ws/install/bumper_bot/share/bumper_bot/hook/cmake_prefix_path.sh'
[46.144s] Level 1:colcon.colcon_core.environment:checking '/home/unknown/ROS2_Workspaces/bumperbot_ws/install/bumper_bot/bin'
[46.144s] Level 1:colcon.colcon_core.environment:checking '/home/unknown/ROS2_Workspaces/bumperbot_ws/install/bumper_bot/lib/pkgconfig/bumper_bot.pc'
[46.145s] Level 1:colcon.colcon_core.environment:checking '/home/unknown/ROS2_Workspaces/bumperbot_ws/install/bumper_bot/lib/python3.10/site-packages'
[46.146s] Level 1:colcon.colcon_core.environment:checking '/home/unknown/ROS2_Workspaces/bumperbot_ws/install/bumper_bot/bin'
[46.146s] INFO:colcon.colcon_core.shell:Creating package script '/home/unknown/ROS2_Workspaces/bumperbot_ws/install/bumper_bot/share/bumper_bot/package.ps1'
[46.148s] INFO:colcon.colcon_core.shell:Creating package descriptor '/home/unknown/ROS2_Workspaces/bumperbot_ws/install/bumper_bot/share/bumper_bot/package.dsv'
[46.149s] INFO:colcon.colcon_core.shell:Creating package script '/home/unknown/ROS2_Workspaces/bumperbot_ws/install/bumper_bot/share/bumper_bot/package.sh'
[46.149s] INFO:colcon.colcon_core.shell:Creating package script '/home/unknown/ROS2_Workspaces/bumperbot_ws/install/bumper_bot/share/bumper_bot/package.bash'
[46.150s] INFO:colcon.colcon_core.shell:Creating package script '/home/unknown/ROS2_Workspaces/bumperbot_ws/install/bumper_bot/share/bumper_bot/package.zsh'
[46.151s] Level 1:colcon.colcon_core.environment:create_file_with_runtime_dependencies(/home/unknown/ROS2_Workspaces/bumperbot_ws/install/bumper_bot/share/colcon-core/packages/bumper_bot)
[57.416s] DEBUG:colcon.colcon_core.event_handler.log_command:Invoked command in '/home/unknown/ROS2_Workspaces/bumperbot_ws/build/gz_ros2_control_demos' returned '0': CMAKE_PREFIX_PATH=/home/unknown/ROS2_Workspaces/bumperbot_ws/install/gz_ros2_control:/home/unknown/ROS2_Workspaces/bumperbot_ws/install/ign_ros2_control_demos:/home/unknown/ROS2_Workspaces/bumperbot_ws/install/bumper_bot:/home/unknown/ROS2_Workspaces/bumperbot_ws/install/ign_ros2_control:/home/unknown/ROS2_Workspaces/bumperbot_ws/install/gz_ros2_control_tests:/home/unknown/ROS2_Workspaces/bumperbot_ws/install/gz_ros2_control_demos:/home/unknown/ROS2_Workspaces/bumperbot_ws/install/cpp_folder:/home/unknown/ROS2_Workspaces/bumperbot_ws/install/bumperbot_utils:/home/unknown/ROS2_Workspaces/bumperbot_ws/install/bumperbot_msgs:/home/unknown/ROS2_Workspaces/bumperbot_ws/install/bumperbot_localisation:/home/unknown/ROS2_Workspaces/bumperbot_ws/install/bumperbot_firmware:/home/unknown/ROS2_Workspaces/bumperbot_ws/install/bumperbot_controller:/home/unknown/bumperbot_ws/install/ign_ros2_control_demos:/home/unknown/bumperbot_ws/install/bumper_bot:/home/unknown/bumperbot_ws/install/ign_ros2_control:/home/unknown/bumperbot_ws/install/gz_ros2_control_tests:/home/unknown/bumperbot_ws/install/gz_ros2_control_demos:/home/unknown/bumperbot_ws/install/gz_ros2_control:/home/unknown/bumperbot_ws/install/cpp_folder:/home/unknown/bumperbot_ws/install/bumperbot_utils:/home/unknown/bumperbot_ws/install/bumperbot_msgs:/home/unknown/bumperbot_ws/install/bumperbot_localisation:/home/unknown/bumperbot_ws/install/bumperbot_firmware:/home/unknown/bumperbot_ws/install/bumperbot_controller:/home/unknown/ros2_ws/install/rc_plane:/home/unknown/ros2_ws/install/ign_ros2_control_demos:/home/unknown/ros2_ws/install/bumper_bot:/home/unknown/ros2_ws/install/ign_ros2_control:/home/unknown/ros2_ws/install/gz_ros2_control_tests:/home/unknown/ros2_ws/install/gz_ros2_control_demos:/home/unknown/ros2_ws/install/gz_ros2_control:/home/unknown/ros2_ws/install/cpp_folder:/home/unknown/ros2_ws/install/bumperbot_utils:/home/unknown/ros2_ws/install/bumperbot_msgs:/home/unknown/ros2_ws/install/bumperbot_localisation:/home/unknown/ros2_ws/install/bumperbot_firmware:/home/unknown/ros2_ws/install/bumperbot_controller:/home/unknown/ROS2_Workspaces/bumperbot_ws/install/my_robot_controller:/home/unknown/ROS2_Workspaces/bumperbot_ws/install/bumper_bot_py:/home/unknown/bumperbot_ws/install/my_robot_controller:/home/unknown/bumperbot_ws/install/bumper_bot_py:/home/unknown/ros2_ws/install/my_robot_controller:/home/unknown/ros2_ws/install/bumper_bot_py:/opt/ros/humble /usr/bin/cmake --build /home/unknown/ROS2_Workspaces/bumperbot_ws/build/gz_ros2_control_demos -- -j8 -l8
[57.418s] DEBUG:colcon.colcon_core.event_handler.log_command:Invoking command in '/home/unknown/ROS2_Workspaces/bumperbot_ws/build/gz_ros2_control_demos': CMAKE_PREFIX_PATH=/home/unknown/ROS2_Workspaces/bumperbot_ws/install/gz_ros2_control:/home/unknown/ROS2_Workspaces/bumperbot_ws/install/ign_ros2_control_demos:/home/unknown/ROS2_Workspaces/bumperbot_ws/install/bumper_bot:/home/unknown/ROS2_Workspaces/bumperbot_ws/install/ign_ros2_control:/home/unknown/ROS2_Workspaces/bumperbot_ws/install/gz_ros2_control_tests:/home/unknown/ROS2_Workspaces/bumperbot_ws/install/gz_ros2_control_demos:/home/unknown/ROS2_Workspaces/bumperbot_ws/install/cpp_folder:/home/unknown/ROS2_Workspaces/bumperbot_ws/install/bumperbot_utils:/home/unknown/ROS2_Workspaces/bumperbot_ws/install/bumperbot_msgs:/home/unknown/ROS2_Workspaces/bumperbot_ws/install/bumperbot_localisation:/home/unknown/ROS2_Workspaces/bumperbot_ws/install/bumperbot_firmware:/home/unknown/ROS2_Workspaces/bumperbot_ws/install/bumperbot_controller:/home/unknown/bumperbot_ws/install/ign_ros2_control_demos:/home/unknown/bumperbot_ws/install/bumper_bot:/home/unknown/bumperbot_ws/install/ign_ros2_control:/home/unknown/bumperbot_ws/install/gz_ros2_control_tests:/home/unknown/bumperbot_ws/install/gz_ros2_control_demos:/home/unknown/bumperbot_ws/install/gz_ros2_control:/home/unknown/bumperbot_ws/install/cpp_folder:/home/unknown/bumperbot_ws/install/bumperbot_utils:/home/unknown/bumperbot_ws/install/bumperbot_msgs:/home/unknown/bumperbot_ws/install/bumperbot_localisation:/home/unknown/bumperbot_ws/install/bumperbot_firmware:/home/unknown/bumperbot_ws/install/bumperbot_controller:/home/unknown/ros2_ws/install/rc_plane:/home/unknown/ros2_ws/install/ign_ros2_control_demos:/home/unknown/ros2_ws/install/bumper_bot:/home/unknown/ros2_ws/install/ign_ros2_control:/home/unknown/ros2_ws/install/gz_ros2_control_tests:/home/unknown/ros2_ws/install/gz_ros2_control_demos:/home/unknown/ros2_ws/install/gz_ros2_control:/home/unknown/ros2_ws/install/cpp_folder:/home/unknown/ros2_ws/install/bumperbot_utils:/home/unknown/ros2_ws/install/bumperbot_msgs:/home/unknown/ros2_ws/install/bumperbot_localisation:/home/unknown/ros2_ws/install/bumperbot_firmware:/home/unknown/ros2_ws/install/bumperbot_controller:/home/unknown/ROS2_Workspaces/bumperbot_ws/install/my_robot_controller:/home/unknown/ROS2_Workspaces/bumperbot_ws/install/bumper_bot_py:/home/unknown/bumperbot_ws/install/my_robot_controller:/home/unknown/bumperbot_ws/install/bumper_bot_py:/home/unknown/ros2_ws/install/my_robot_controller:/home/unknown/ros2_ws/install/bumper_bot_py:/opt/ros/humble /usr/bin/cmake --install /home/unknown/ROS2_Workspaces/bumperbot_ws/build/gz_ros2_control_demos
[57.443s] Level 1:colcon.colcon_core.environment:create_environment_scripts_only(gz_ros2_control_demos)
[57.444s] Level 1:colcon.colcon_core.environment:checking '/home/unknown/ROS2_Workspaces/bumperbot_ws/install/gz_ros2_control_demos' for CMake module files
[57.445s] DEBUG:colcon.colcon_core.event_handler.log_command:Invoked command in '/home/unknown/ROS2_Workspaces/bumperbot_ws/build/gz_ros2_control_demos' returned '0': CMAKE_PREFIX_PATH=/home/unknown/ROS2_Workspaces/bumperbot_ws/install/gz_ros2_control:/home/unknown/ROS2_Workspaces/bumperbot_ws/install/ign_ros2_control_demos:/home/unknown/ROS2_Workspaces/bumperbot_ws/install/bumper_bot:/home/unknown/ROS2_Workspaces/bumperbot_ws/install/ign_ros2_control:/home/unknown/ROS2_Workspaces/bumperbot_ws/install/gz_ros2_control_tests:/home/unknown/ROS2_Workspaces/bumperbot_ws/install/gz_ros2_control_demos:/home/unknown/ROS2_Workspaces/bumperbot_ws/install/cpp_folder:/home/unknown/ROS2_Workspaces/bumperbot_ws/install/bumperbot_utils:/home/unknown/ROS2_Workspaces/bumperbot_ws/install/bumperbot_msgs:/home/unknown/ROS2_Workspaces/bumperbot_ws/install/bumperbot_localisation:/home/unknown/ROS2_Workspaces/bumperbot_ws/install/bumperbot_firmware:/home/unknown/ROS2_Workspaces/bumperbot_ws/install/bumperbot_controller:/home/unknown/bumperbot_ws/install/ign_ros2_control_demos:/home/unknown/bumperbot_ws/install/bumper_bot:/home/unknown/bumperbot_ws/install/ign_ros2_control:/home/unknown/bumperbot_ws/install/gz_ros2_control_tests:/home/unknown/bumperbot_ws/install/gz_ros2_control_demos:/home/unknown/bumperbot_ws/install/gz_ros2_control:/home/unknown/bumperbot_ws/install/cpp_folder:/home/unknown/bumperbot_ws/install/bumperbot_utils:/home/unknown/bumperbot_ws/install/bumperbot_msgs:/home/unknown/bumperbot_ws/install/bumperbot_localisation:/home/unknown/bumperbot_ws/install/bumperbot_firmware:/home/unknown/bumperbot_ws/install/bumperbot_controller:/home/unknown/ros2_ws/install/rc_plane:/home/unknown/ros2_ws/install/ign_ros2_control_demos:/home/unknown/ros2_ws/install/bumper_bot:/home/unknown/ros2_ws/install/ign_ros2_control:/home/unknown/ros2_ws/install/gz_ros2_control_tests:/home/unknown/ros2_ws/install/gz_ros2_control_demos:/home/unknown/ros2_ws/install/gz_ros2_control:/home/unknown/ros2_ws/install/cpp_folder:/home/unknown/ros2_ws/install/bumperbot_utils:/home/unknown/ros2_ws/install/bumperbot_msgs:/home/unknown/ros2_ws/install/bumperbot_localisation:/home/unknown/ros2_ws/install/bumperbot_firmware:/home/unknown/ros2_ws/install/bumperbot_controller:/home/unknown/ROS2_Workspaces/bumperbot_ws/install/my_robot_controller:/home/unknown/ROS2_Workspaces/bumperbot_ws/install/bumper_bot_py:/home/unknown/bumperbot_ws/install/my_robot_controller:/home/unknown/bumperbot_ws/install/bumper_bot_py:/home/unknown/ros2_ws/install/my_robot_controller:/home/unknown/ros2_ws/install/bumper_bot_py:/opt/ros/humble /usr/bin/cmake --install /home/unknown/ROS2_Workspaces/bumperbot_ws/build/gz_ros2_control_demos
[57.445s] Level 1:colcon.colcon_core.environment:checking '/home/unknown/ROS2_Workspaces/bumperbot_ws/install/gz_ros2_control_demos' for CMake config files
[57.446s] Level 1:colcon.colcon_core.shell:create_environment_hook('gz_ros2_control_demos', 'cmake_prefix_path')
[57.446s] INFO:colcon.colcon_core.shell:Creating environment hook '/home/unknown/ROS2_Workspaces/bumperbot_ws/install/gz_ros2_control_demos/share/gz_ros2_control_demos/hook/cmake_prefix_path.ps1'
[57.447s] INFO:colcon.colcon_core.shell:Creating environment descriptor '/home/unknown/ROS2_Workspaces/bumperbot_ws/install/gz_ros2_control_demos/share/gz_ros2_control_demos/hook/cmake_prefix_path.dsv'
[57.448s] INFO:colcon.colcon_core.shell:Creating environment hook '/home/unknown/ROS2_Workspaces/bumperbot_ws/install/gz_ros2_control_demos/share/gz_ros2_control_demos/hook/cmake_prefix_path.sh'
[57.449s] Level 1:colcon.colcon_core.environment:checking '/home/unknown/ROS2_Workspaces/bumperbot_ws/install/gz_ros2_control_demos/lib'
[57.449s] Level 1:colcon.colcon_core.environment:checking '/home/unknown/ROS2_Workspaces/bumperbot_ws/install/gz_ros2_control_demos/bin'
[57.450s] Level 1:colcon.colcon_core.environment:checking '/home/unknown/ROS2_Workspaces/bumperbot_ws/install/gz_ros2_control_demos/lib/pkgconfig/gz_ros2_control_demos.pc'
[57.450s] Level 1:colcon.colcon_core.environment:checking '/home/unknown/ROS2_Workspaces/bumperbot_ws/install/gz_ros2_control_demos/lib/python3.10/site-packages'
[57.451s] Level 1:colcon.colcon_core.environment:checking '/home/unknown/ROS2_Workspaces/bumperbot_ws/install/gz_ros2_control_demos/bin'
[57.452s] INFO:colcon.colcon_core.shell:Creating package script '/home/unknown/ROS2_Workspaces/bumperbot_ws/install/gz_ros2_control_demos/share/gz_ros2_control_demos/package.ps1'
[57.452s] INFO:colcon.colcon_core.shell:Creating package descriptor '/home/unknown/ROS2_Workspaces/bumperbot_ws/install/gz_ros2_control_demos/share/gz_ros2_control_demos/package.dsv'
[57.453s] INFO:colcon.colcon_core.shell:Creating package script '/home/unknown/ROS2_Workspaces/bumperbot_ws/install/gz_ros2_control_demos/share/gz_ros2_control_demos/package.sh'
[57.454s] INFO:colcon.colcon_core.shell:Creating package script '/home/unknown/ROS2_Workspaces/bumperbot_ws/install/gz_ros2_control_demos/share/gz_ros2_control_demos/package.bash'
[57.455s] INFO:colcon.colcon_core.shell:Creating package script '/home/unknown/ROS2_Workspaces/bumperbot_ws/install/gz_ros2_control_demos/share/gz_ros2_control_demos/package.zsh'
[57.455s] Level 1:colcon.colcon_core.environment:create_file_with_runtime_dependencies(/home/unknown/ROS2_Workspaces/bumperbot_ws/install/gz_ros2_control_demos/share/colcon-core/packages/gz_ros2_control_demos)
[57.456s] Level 1:colcon.colcon_core.environment:create_environment_scripts_only(gz_ros2_control_demos)
[57.457s] Level 1:colcon.colcon_core.environment:checking '/home/unknown/ROS2_Workspaces/bumperbot_ws/install/gz_ros2_control_demos' for CMake module files
[57.458s] Level 1:colcon.colcon_core.environment:checking '/home/unknown/ROS2_Workspaces/bumperbot_ws/install/gz_ros2_control_demos' for CMake config files
[57.458s] Level 1:colcon.colcon_core.shell:create_environment_hook('gz_ros2_control_demos', 'cmake_prefix_path')
[57.458s] INFO:colcon.colcon_core.shell:Creating environment hook '/home/unknown/ROS2_Workspaces/bumperbot_ws/install/gz_ros2_control_demos/share/gz_ros2_control_demos/hook/cmake_prefix_path.ps1'
[57.459s] INFO:colcon.colcon_core.shell:Creating environment descriptor '/home/unknown/ROS2_Workspaces/bumperbot_ws/install/gz_ros2_control_demos/share/gz_ros2_control_demos/hook/cmake_prefix_path.dsv'
[57.459s] INFO:colcon.colcon_core.shell:Creating environment hook '/home/unknown/ROS2_Workspaces/bumperbot_ws/install/gz_ros2_control_demos/share/gz_ros2_control_demos/hook/cmake_prefix_path.sh'
[57.460s] Level 1:colcon.colcon_core.environment:checking '/home/unknown/ROS2_Workspaces/bumperbot_ws/install/gz_ros2_control_demos/lib'
[57.460s] Level 1:colcon.colcon_core.environment:checking '/home/unknown/ROS2_Workspaces/bumperbot_ws/install/gz_ros2_control_demos/bin'
[57.460s] Level 1:colcon.colcon_core.environment:checking '/home/unknown/ROS2_Workspaces/bumperbot_ws/install/gz_ros2_control_demos/lib/pkgconfig/gz_ros2_control_demos.pc'
[57.460s] Level 1:colcon.colcon_core.environment:checking '/home/unknown/ROS2_Workspaces/bumperbot_ws/install/gz_ros2_control_demos/lib/python3.10/site-packages'
[57.461s] Level 1:colcon.colcon_core.environment:checking '/home/unknown/ROS2_Workspaces/bumperbot_ws/install/gz_ros2_control_demos/bin'
[57.461s] INFO:colcon.colcon_core.shell:Creating package script '/home/unknown/ROS2_Workspaces/bumperbot_ws/install/gz_ros2_control_demos/share/gz_ros2_control_demos/package.ps1'
[57.462s] INFO:colcon.colcon_core.shell:Creating package descriptor '/home/unknown/ROS2_Workspaces/bumperbot_ws/install/gz_ros2_control_demos/share/gz_ros2_control_demos/package.dsv'
[57.464s] INFO:colcon.colcon_core.shell:Creating package script '/home/unknown/ROS2_Workspaces/bumperbot_ws/install/gz_ros2_control_demos/share/gz_ros2_control_demos/package.sh'
[57.464s] INFO:colcon.colcon_core.shell:Creating package script '/home/unknown/ROS2_Workspaces/bumperbot_ws/install/gz_ros2_control_demos/share/gz_ros2_control_demos/package.bash'
[57.465s] INFO:colcon.colcon_core.shell:Creating package script '/home/unknown/ROS2_Workspaces/bumperbot_ws/install/gz_ros2_control_demos/share/gz_ros2_control_demos/package.zsh'
[57.465s] Level 1:colcon.colcon_core.environment:create_file_with_runtime_dependencies(/home/unknown/ROS2_Workspaces/bumperbot_ws/install/gz_ros2_control_demos/share/colcon-core/packages/gz_ros2_control_demos)
[57.466s] INFO:colcon.colcon_ros.task.ament_cmake.build:Building ROS package in '/home/unknown/ROS2_Workspaces/bumperbot_ws/src/gz_ros2_control/ign_ros2_control_demos' with build type 'ament_cmake'
[57.466s] INFO:colcon.colcon_cmake.task.cmake.build:Building CMake package in '/home/unknown/ROS2_Workspaces/bumperbot_ws/src/gz_ros2_control/ign_ros2_control_demos'
[57.467s] INFO:colcon.colcon_core.shell:Skip shell extension 'powershell' for command environment: Not usable outside of PowerShell
[57.467s] DEBUG:colcon.colcon_core.shell:Skip shell extension 'dsv' for command environment
[57.482s] DEBUG:colcon.colcon_core.event_handler.log_command:Invoking command in '/home/unknown/ROS2_Workspaces/bumperbot_ws/build/ign_ros2_control_demos': CMAKE_PREFIX_PATH=/home/unknown/ROS2_Workspaces/bumperbot_ws/install/gz_ros2_control_demos:/home/unknown/ROS2_Workspaces/bumperbot_ws/install/gz_ros2_control:/home/unknown/ROS2_Workspaces/bumperbot_ws/install/ign_ros2_control_demos:/home/unknown/ROS2_Workspaces/bumperbot_ws/install/bumper_bot:/home/unknown/ROS2_Workspaces/bumperbot_ws/install/ign_ros2_control:/home/unknown/ROS2_Workspaces/bumperbot_ws/install/gz_ros2_control_tests:/home/unknown/ROS2_Workspaces/bumperbot_ws/install/cpp_folder:/home/unknown/ROS2_Workspaces/bumperbot_ws/install/bumperbot_utils:/home/unknown/ROS2_Workspaces/bumperbot_ws/install/bumperbot_msgs:/home/unknown/ROS2_Workspaces/bumperbot_ws/install/bumperbot_localisation:/home/unknown/ROS2_Workspaces/bumperbot_ws/install/bumperbot_firmware:/home/unknown/ROS2_Workspaces/bumperbot_ws/install/bumperbot_controller:/home/unknown/bumperbot_ws/install/ign_ros2_control_demos:/home/unknown/bumperbot_ws/install/bumper_bot:/home/unknown/bumperbot_ws/install/ign_ros2_control:/home/unknown/bumperbot_ws/install/gz_ros2_control_tests:/home/unknown/bumperbot_ws/install/gz_ros2_control_demos:/home/unknown/bumperbot_ws/install/gz_ros2_control:/home/unknown/bumperbot_ws/install/cpp_folder:/home/unknown/bumperbot_ws/install/bumperbot_utils:/home/unknown/bumperbot_ws/install/bumperbot_msgs:/home/unknown/bumperbot_ws/install/bumperbot_localisation:/home/unknown/bumperbot_ws/install/bumperbot_firmware:/home/unknown/bumperbot_ws/install/bumperbot_controller:/home/unknown/ros2_ws/install/rc_plane:/home/unknown/ros2_ws/install/ign_ros2_control_demos:/home/unknown/ros2_ws/install/bumper_bot:/home/unknown/ros2_ws/install/ign_ros2_control:/home/unknown/ros2_ws/install/gz_ros2_control_tests:/home/unknown/ros2_ws/install/gz_ros2_control_demos:/home/unknown/ros2_ws/install/gz_ros2_control:/home/unknown/ros2_ws/install/cpp_folder:/home/unknown/ros2_ws/install/bumperbot_utils:/home/unknown/ros2_ws/install/bumperbot_msgs:/home/unknown/ros2_ws/install/bumperbot_localisation:/home/unknown/ros2_ws/install/bumperbot_firmware:/home/unknown/ros2_ws/install/bumperbot_controller:/home/unknown/ROS2_Workspaces/bumperbot_ws/install/my_robot_controller:/home/unknown/ROS2_Workspaces/bumperbot_ws/install/bumper_bot_py:/home/unknown/bumperbot_ws/install/my_robot_controller:/home/unknown/bumperbot_ws/install/bumper_bot_py:/home/unknown/ros2_ws/install/my_robot_controller:/home/unknown/ros2_ws/install/bumper_bot_py:/opt/ros/humble /usr/bin/cmake /home/unknown/ROS2_Workspaces/bumperbot_ws/src/gz_ros2_control/ign_ros2_control_demos -DCMAKE_INSTALL_PREFIX=/home/unknown/ROS2_Workspaces/bumperbot_ws/install/ign_ros2_control_demos
[58.273s] DEBUG:colcon.colcon_core.event_handler.log_command:Invoked command in '/home/unknown/ROS2_Workspaces/bumperbot_ws/build/ign_ros2_control_demos' returned '0': CMAKE_PREFIX_PATH=/home/unknown/ROS2_Workspaces/bumperbot_ws/install/gz_ros2_control_demos:/home/unknown/ROS2_Workspaces/bumperbot_ws/install/gz_ros2_control:/home/unknown/ROS2_Workspaces/bumperbot_ws/install/ign_ros2_control_demos:/home/unknown/ROS2_Workspaces/bumperbot_ws/install/bumper_bot:/home/unknown/ROS2_Workspaces/bumperbot_ws/install/ign_ros2_control:/home/unknown/ROS2_Workspaces/bumperbot_ws/install/gz_ros2_control_tests:/home/unknown/ROS2_Workspaces/bumperbot_ws/install/cpp_folder:/home/unknown/ROS2_Workspaces/bumperbot_ws/install/bumperbot_utils:/home/unknown/ROS2_Workspaces/bumperbot_ws/install/bumperbot_msgs:/home/unknown/ROS2_Workspaces/bumperbot_ws/install/bumperbot_localisation:/home/unknown/ROS2_Workspaces/bumperbot_ws/install/bumperbot_firmware:/home/unknown/ROS2_Workspaces/bumperbot_ws/install/bumperbot_controller:/home/unknown/bumperbot_ws/install/ign_ros2_control_demos:/home/unknown/bumperbot_ws/install/bumper_bot:/home/unknown/bumperbot_ws/install/ign_ros2_control:/home/unknown/bumperbot_ws/install/gz_ros2_control_tests:/home/unknown/bumperbot_ws/install/gz_ros2_control_demos:/home/unknown/bumperbot_ws/install/gz_ros2_control:/home/unknown/bumperbot_ws/install/cpp_folder:/home/unknown/bumperbot_ws/install/bumperbot_utils:/home/unknown/bumperbot_ws/install/bumperbot_msgs:/home/unknown/bumperbot_ws/install/bumperbot_localisation:/home/unknown/bumperbot_ws/install/bumperbot_firmware:/home/unknown/bumperbot_ws/install/bumperbot_controller:/home/unknown/ros2_ws/install/rc_plane:/home/unknown/ros2_ws/install/ign_ros2_control_demos:/home/unknown/ros2_ws/install/bumper_bot:/home/unknown/ros2_ws/install/ign_ros2_control:/home/unknown/ros2_ws/install/gz_ros2_control_tests:/home/unknown/ros2_ws/install/gz_ros2_control_demos:/home/unknown/ros2_ws/install/gz_ros2_control:/home/unknown/ros2_ws/install/cpp_folder:/home/unknown/ros2_ws/install/bumperbot_utils:/home/unknown/ros2_ws/install/bumperbot_msgs:/home/unknown/ros2_ws/install/bumperbot_localisation:/home/unknown/ros2_ws/install/bumperbot_firmware:/home/unknown/ros2_ws/install/bumperbot_controller:/home/unknown/ROS2_Workspaces/bumperbot_ws/install/my_robot_controller:/home/unknown/ROS2_Workspaces/bumperbot_ws/install/bumper_bot_py:/home/unknown/bumperbot_ws/install/my_robot_controller:/home/unknown/bumperbot_ws/install/bumper_bot_py:/home/unknown/ros2_ws/install/my_robot_controller:/home/unknown/ros2_ws/install/bumper_bot_py:/opt/ros/humble /usr/bin/cmake /home/unknown/ROS2_Workspaces/bumperbot_ws/src/gz_ros2_control/ign_ros2_control_demos -DCMAKE_INSTALL_PREFIX=/home/unknown/ROS2_Workspaces/bumperbot_ws/install/ign_ros2_control_demos
[58.275s] DEBUG:colcon.colcon_core.event_handler.log_command:Invoking command in '/home/unknown/ROS2_Workspaces/bumperbot_ws/build/ign_ros2_control_demos': CMAKE_PREFIX_PATH=/home/unknown/ROS2_Workspaces/bumperbot_ws/install/gz_ros2_control_demos:/home/unknown/ROS2_Workspaces/bumperbot_ws/install/gz_ros2_control:/home/unknown/ROS2_Workspaces/bumperbot_ws/install/ign_ros2_control_demos:/home/unknown/ROS2_Workspaces/bumperbot_ws/install/bumper_bot:/home/unknown/ROS2_Workspaces/bumperbot_ws/install/ign_ros2_control:/home/unknown/ROS2_Workspaces/bumperbot_ws/install/gz_ros2_control_tests:/home/unknown/ROS2_Workspaces/bumperbot_ws/install/cpp_folder:/home/unknown/ROS2_Workspaces/bumperbot_ws/install/bumperbot_utils:/home/unknown/ROS2_Workspaces/bumperbot_ws/install/bumperbot_msgs:/home/unknown/ROS2_Workspaces/bumperbot_ws/install/bumperbot_localisation:/home/unknown/ROS2_Workspaces/bumperbot_ws/install/bumperbot_firmware:/home/unknown/ROS2_Workspaces/bumperbot_ws/install/bumperbot_controller:/home/unknown/bumperbot_ws/install/ign_ros2_control_demos:/home/unknown/bumperbot_ws/install/bumper_bot:/home/unknown/bumperbot_ws/install/ign_ros2_control:/home/unknown/bumperbot_ws/install/gz_ros2_control_tests:/home/unknown/bumperbot_ws/install/gz_ros2_control_demos:/home/unknown/bumperbot_ws/install/gz_ros2_control:/home/unknown/bumperbot_ws/install/cpp_folder:/home/unknown/bumperbot_ws/install/bumperbot_utils:/home/unknown/bumperbot_ws/install/bumperbot_msgs:/home/unknown/bumperbot_ws/install/bumperbot_localisation:/home/unknown/bumperbot_ws/install/bumperbot_firmware:/home/unknown/bumperbot_ws/install/bumperbot_controller:/home/unknown/ros2_ws/install/rc_plane:/home/unknown/ros2_ws/install/ign_ros2_control_demos:/home/unknown/ros2_ws/install/bumper_bot:/home/unknown/ros2_ws/install/ign_ros2_control:/home/unknown/ros2_ws/install/gz_ros2_control_tests:/home/unknown/ros2_ws/install/gz_ros2_control_demos:/home/unknown/ros2_ws/install/gz_ros2_control:/home/unknown/ros2_ws/install/cpp_folder:/home/unknown/ros2_ws/install/bumperbot_utils:/home/unknown/ros2_ws/install/bumperbot_msgs:/home/unknown/ros2_ws/install/bumperbot_localisation:/home/unknown/ros2_ws/install/bumperbot_firmware:/home/unknown/ros2_ws/install/bumperbot_controller:/home/unknown/ROS2_Workspaces/bumperbot_ws/install/my_robot_controller:/home/unknown/ROS2_Workspaces/bumperbot_ws/install/bumper_bot_py:/home/unknown/bumperbot_ws/install/my_robot_controller:/home/unknown/bumperbot_ws/install/bumper_bot_py:/home/unknown/ros2_ws/install/my_robot_controller:/home/unknown/ros2_ws/install/bumper_bot_py:/opt/ros/humble /usr/bin/cmake --build /home/unknown/ROS2_Workspaces/bumperbot_ws/build/ign_ros2_control_demos -- -j8 -l8
[59.058s] DEBUG:colcon.colcon_core.event_handler.log_command:Invoked command in '/home/unknown/ROS2_Workspaces/bumperbot_ws/build/ign_ros2_control_demos' returned '0': CMAKE_PREFIX_PATH=/home/unknown/ROS2_Workspaces/bumperbot_ws/install/gz_ros2_control_demos:/home/unknown/ROS2_Workspaces/bumperbot_ws/install/gz_ros2_control:/home/unknown/ROS2_Workspaces/bumperbot_ws/install/ign_ros2_control_demos:/home/unknown/ROS2_Workspaces/bumperbot_ws/install/bumper_bot:/home/unknown/ROS2_Workspaces/bumperbot_ws/install/ign_ros2_control:/home/unknown/ROS2_Workspaces/bumperbot_ws/install/gz_ros2_control_tests:/home/unknown/ROS2_Workspaces/bumperbot_ws/install/cpp_folder:/home/unknown/ROS2_Workspaces/bumperbot_ws/install/bumperbot_utils:/home/unknown/ROS2_Workspaces/bumperbot_ws/install/bumperbot_msgs:/home/unknown/ROS2_Workspaces/bumperbot_ws/install/bumperbot_localisation:/home/unknown/ROS2_Workspaces/bumperbot_ws/install/bumperbot_firmware:/home/unknown/ROS2_Workspaces/bumperbot_ws/install/bumperbot_controller:/home/unknown/bumperbot_ws/install/ign_ros2_control_demos:/home/unknown/bumperbot_ws/install/bumper_bot:/home/unknown/bumperbot_ws/install/ign_ros2_control:/home/unknown/bumperbot_ws/install/gz_ros2_control_tests:/home/unknown/bumperbot_ws/install/gz_ros2_control_demos:/home/unknown/bumperbot_ws/install/gz_ros2_control:/home/unknown/bumperbot_ws/install/cpp_folder:/home/unknown/bumperbot_ws/install/bumperbot_utils:/home/unknown/bumperbot_ws/install/bumperbot_msgs:/home/unknown/bumperbot_ws/install/bumperbot_localisation:/home/unknown/bumperbot_ws/install/bumperbot_firmware:/home/unknown/bumperbot_ws/install/bumperbot_controller:/home/unknown/ros2_ws/install/rc_plane:/home/unknown/ros2_ws/install/ign_ros2_control_demos:/home/unknown/ros2_ws/install/bumper_bot:/home/unknown/ros2_ws/install/ign_ros2_control:/home/unknown/ros2_ws/install/gz_ros2_control_tests:/home/unknown/ros2_ws/install/gz_ros2_control_demos:/home/unknown/ros2_ws/install/gz_ros2_control:/home/unknown/ros2_ws/install/cpp_folder:/home/unknown/ros2_ws/install/bumperbot_utils:/home/unknown/ros2_ws/install/bumperbot_msgs:/home/unknown/ros2_ws/install/bumperbot_localisation:/home/unknown/ros2_ws/install/bumperbot_firmware:/home/unknown/ros2_ws/install/bumperbot_controller:/home/unknown/ROS2_Workspaces/bumperbot_ws/install/my_robot_controller:/home/unknown/ROS2_Workspaces/bumperbot_ws/install/bumper_bot_py:/home/unknown/bumperbot_ws/install/my_robot_controller:/home/unknown/bumperbot_ws/install/bumper_bot_py:/home/unknown/ros2_ws/install/my_robot_controller:/home/unknown/ros2_ws/install/bumper_bot_py:/opt/ros/humble /usr/bin/cmake --build /home/unknown/ROS2_Workspaces/bumperbot_ws/build/ign_ros2_control_demos -- -j8 -l8
[59.061s] DEBUG:colcon.colcon_core.event_handler.log_command:Invoking command in '/home/unknown/ROS2_Workspaces/bumperbot_ws/build/ign_ros2_control_demos': CMAKE_PREFIX_PATH=/home/unknown/ROS2_Workspaces/bumperbot_ws/install/gz_ros2_control_demos:/home/unknown/ROS2_Workspaces/bumperbot_ws/install/gz_ros2_control:/home/unknown/ROS2_Workspaces/bumperbot_ws/install/ign_ros2_control_demos:/home/unknown/ROS2_Workspaces/bumperbot_ws/install/bumper_bot:/home/unknown/ROS2_Workspaces/bumperbot_ws/install/ign_ros2_control:/home/unknown/ROS2_Workspaces/bumperbot_ws/install/gz_ros2_control_tests:/home/unknown/ROS2_Workspaces/bumperbot_ws/install/cpp_folder:/home/unknown/ROS2_Workspaces/bumperbot_ws/install/bumperbot_utils:/home/unknown/ROS2_Workspaces/bumperbot_ws/install/bumperbot_msgs:/home/unknown/ROS2_Workspaces/bumperbot_ws/install/bumperbot_localisation:/home/unknown/ROS2_Workspaces/bumperbot_ws/install/bumperbot_firmware:/home/unknown/ROS2_Workspaces/bumperbot_ws/install/bumperbot_controller:/home/unknown/bumperbot_ws/install/ign_ros2_control_demos:/home/unknown/bumperbot_ws/install/bumper_bot:/home/unknown/bumperbot_ws/install/ign_ros2_control:/home/unknown/bumperbot_ws/install/gz_ros2_control_tests:/home/unknown/bumperbot_ws/install/gz_ros2_control_demos:/home/unknown/bumperbot_ws/install/gz_ros2_control:/home/unknown/bumperbot_ws/install/cpp_folder:/home/unknown/bumperbot_ws/install/bumperbot_utils:/home/unknown/bumperbot_ws/install/bumperbot_msgs:/home/unknown/bumperbot_ws/install/bumperbot_localisation:/home/unknown/bumperbot_ws/install/bumperbot_firmware:/home/unknown/bumperbot_ws/install/bumperbot_controller:/home/unknown/ros2_ws/install/rc_plane:/home/unknown/ros2_ws/install/ign_ros2_control_demos:/home/unknown/ros2_ws/install/bumper_bot:/home/unknown/ros2_ws/install/ign_ros2_control:/home/unknown/ros2_ws/install/gz_ros2_control_tests:/home/unknown/ros2_ws/install/gz_ros2_control_demos:/home/unknown/ros2_ws/install/gz_ros2_control:/home/unknown/ros2_ws/install/cpp_folder:/home/unknown/ros2_ws/install/bumperbot_utils:/home/unknown/ros2_ws/install/bumperbot_msgs:/home/unknown/ros2_ws/install/bumperbot_localisation:/home/unknown/ros2_ws/install/bumperbot_firmware:/home/unknown/ros2_ws/install/bumperbot_controller:/home/unknown/ROS2_Workspaces/bumperbot_ws/install/my_robot_controller:/home/unknown/ROS2_Workspaces/bumperbot_ws/install/bumper_bot_py:/home/unknown/bumperbot_ws/install/my_robot_controller:/home/unknown/bumperbot_ws/install/bumper_bot_py:/home/unknown/ros2_ws/install/my_robot_controller:/home/unknown/ros2_ws/install/bumper_bot_py:/opt/ros/humble /usr/bin/cmake --install /home/unknown/ROS2_Workspaces/bumperbot_ws/build/ign_ros2_control_demos
[59.078s] Level 1:colcon.colcon_core.environment:create_environment_scripts_only(ign_ros2_control_demos)
[59.078s] Level 1:colcon.colcon_core.environment:checking '/home/unknown/ROS2_Workspaces/bumperbot_ws/install/ign_ros2_control_demos' for CMake module files
[59.079s] DEBUG:colcon.colcon_core.event_handler.log_command:Invoked command in '/home/unknown/ROS2_Workspaces/bumperbot_ws/build/ign_ros2_control_demos' returned '0': CMAKE_PREFIX_PATH=/home/unknown/ROS2_Workspaces/bumperbot_ws/install/gz_ros2_control_demos:/home/unknown/ROS2_Workspaces/bumperbot_ws/install/gz_ros2_control:/home/unknown/ROS2_Workspaces/bumperbot_ws/install/ign_ros2_control_demos:/home/unknown/ROS2_Workspaces/bumperbot_ws/install/bumper_bot:/home/unknown/ROS2_Workspaces/bumperbot_ws/install/ign_ros2_control:/home/unknown/ROS2_Workspaces/bumperbot_ws/install/gz_ros2_control_tests:/home/unknown/ROS2_Workspaces/bumperbot_ws/install/cpp_folder:/home/unknown/ROS2_Workspaces/bumperbot_ws/install/bumperbot_utils:/home/unknown/ROS2_Workspaces/bumperbot_ws/install/bumperbot_msgs:/home/unknown/ROS2_Workspaces/bumperbot_ws/install/bumperbot_localisation:/home/unknown/ROS2_Workspaces/bumperbot_ws/install/bumperbot_firmware:/home/unknown/ROS2_Workspaces/bumperbot_ws/install/bumperbot_controller:/home/unknown/bumperbot_ws/install/ign_ros2_control_demos:/home/unknown/bumperbot_ws/install/bumper_bot:/home/unknown/bumperbot_ws/install/ign_ros2_control:/home/unknown/bumperbot_ws/install/gz_ros2_control_tests:/home/unknown/bumperbot_ws/install/gz_ros2_control_demos:/home/unknown/bumperbot_ws/install/gz_ros2_control:/home/unknown/bumperbot_ws/install/cpp_folder:/home/unknown/bumperbot_ws/install/bumperbot_utils:/home/unknown/bumperbot_ws/install/bumperbot_msgs:/home/unknown/bumperbot_ws/install/bumperbot_localisation:/home/unknown/bumperbot_ws/install/bumperbot_firmware:/home/unknown/bumperbot_ws/install/bumperbot_controller:/home/unknown/ros2_ws/install/rc_plane:/home/unknown/ros2_ws/install/ign_ros2_control_demos:/home/unknown/ros2_ws/install/bumper_bot:/home/unknown/ros2_ws/install/ign_ros2_control:/home/unknown/ros2_ws/install/gz_ros2_control_tests:/home/unknown/ros2_ws/install/gz_ros2_control_demos:/home/unknown/ros2_ws/install/gz_ros2_control:/home/unknown/ros2_ws/install/cpp_folder:/home/unknown/ros2_ws/install/bumperbot_utils:/home/unknown/ros2_ws/install/bumperbot_msgs:/home/unknown/ros2_ws/install/bumperbot_localisation:/home/unknown/ros2_ws/install/bumperbot_firmware:/home/unknown/ros2_ws/install/bumperbot_controller:/home/unknown/ROS2_Workspaces/bumperbot_ws/install/my_robot_controller:/home/unknown/ROS2_Workspaces/bumperbot_ws/install/bumper_bot_py:/home/unknown/bumperbot_ws/install/my_robot_controller:/home/unknown/bumperbot_ws/install/bumper_bot_py:/home/unknown/ros2_ws/install/my_robot_controller:/home/unknown/ros2_ws/install/bumper_bot_py:/opt/ros/humble /usr/bin/cmake --install /home/unknown/ROS2_Workspaces/bumperbot_ws/build/ign_ros2_control_demos
[59.079s] Level 1:colcon.colcon_core.environment:checking '/home/unknown/ROS2_Workspaces/bumperbot_ws/install/ign_ros2_control_demos' for CMake config files
[59.079s] Level 1:colcon.colcon_core.shell:create_environment_hook('ign_ros2_control_demos', 'cmake_prefix_path')
[59.079s] INFO:colcon.colcon_core.shell:Creating environment hook '/home/unknown/ROS2_Workspaces/bumperbot_ws/install/ign_ros2_control_demos/share/ign_ros2_control_demos/hook/cmake_prefix_path.ps1'
[59.080s] INFO:colcon.colcon_core.shell:Creating environment descriptor '/home/unknown/ROS2_Workspaces/bumperbot_ws/install/ign_ros2_control_demos/share/ign_ros2_control_demos/hook/cmake_prefix_path.dsv'
[59.080s] INFO:colcon.colcon_core.shell:Creating environment hook '/home/unknown/ROS2_Workspaces/bumperbot_ws/install/ign_ros2_control_demos/share/ign_ros2_control_demos/hook/cmake_prefix_path.sh'
[59.081s] Level 1:colcon.colcon_core.environment:checking '/home/unknown/ROS2_Workspaces/bumperbot_ws/install/ign_ros2_control_demos/lib'
[59.081s] Level 1:colcon.colcon_core.environment:checking '/home/unknown/ROS2_Workspaces/bumperbot_ws/install/ign_ros2_control_demos/bin'
[59.081s] Level 1:colcon.colcon_core.environment:checking '/home/unknown/ROS2_Workspaces/bumperbot_ws/install/ign_ros2_control_demos/lib/pkgconfig/ign_ros2_control_demos.pc'
[59.081s] Level 1:colcon.colcon_core.environment:checking '/home/unknown/ROS2_Workspaces/bumperbot_ws/install/ign_ros2_control_demos/lib/python3.10/site-packages'
[59.082s] Level 1:colcon.colcon_core.environment:checking '/home/unknown/ROS2_Workspaces/bumperbot_ws/install/ign_ros2_control_demos/bin'
[59.082s] INFO:colcon.colcon_core.shell:Creating package script '/home/unknown/ROS2_Workspaces/bumperbot_ws/install/ign_ros2_control_demos/share/ign_ros2_control_demos/package.ps1'
[59.083s] INFO:colcon.colcon_core.shell:Creating package descriptor '/home/unknown/ROS2_Workspaces/bumperbot_ws/install/ign_ros2_control_demos/share/ign_ros2_control_demos/package.dsv'
[59.083s] INFO:colcon.colcon_core.shell:Creating package script '/home/unknown/ROS2_Workspaces/bumperbot_ws/install/ign_ros2_control_demos/share/ign_ros2_control_demos/package.sh'
[59.084s] INFO:colcon.colcon_core.shell:Creating package script '/home/unknown/ROS2_Workspaces/bumperbot_ws/install/ign_ros2_control_demos/share/ign_ros2_control_demos/package.bash'
[59.084s] INFO:colcon.colcon_core.shell:Creating package script '/home/unknown/ROS2_Workspaces/bumperbot_ws/install/ign_ros2_control_demos/share/ign_ros2_control_demos/package.zsh'
[59.085s] Level 1:colcon.colcon_core.environment:create_file_with_runtime_dependencies(/home/unknown/ROS2_Workspaces/bumperbot_ws/install/ign_ros2_control_demos/share/colcon-core/packages/ign_ros2_control_demos)
[59.085s] Level 1:colcon.colcon_core.environment:create_environment_scripts_only(ign_ros2_control_demos)
[59.086s] Level 1:colcon.colcon_core.environment:checking '/home/unknown/ROS2_Workspaces/bumperbot_ws/install/ign_ros2_control_demos' for CMake module files
[59.086s] Level 1:colcon.colcon_core.environment:checking '/home/unknown/ROS2_Workspaces/bumperbot_ws/install/ign_ros2_control_demos' for CMake config files
[59.086s] Level 1:colcon.colcon_core.shell:create_environment_hook('ign_ros2_control_demos', 'cmake_prefix_path')
[59.087s] INFO:colcon.colcon_core.shell:Creating environment hook '/home/unknown/ROS2_Workspaces/bumperbot_ws/install/ign_ros2_control_demos/share/ign_ros2_control_demos/hook/cmake_prefix_path.ps1'
[59.087s] INFO:colcon.colcon_core.shell:Creating environment descriptor '/home/unknown/ROS2_Workspaces/bumperbot_ws/install/ign_ros2_control_demos/share/ign_ros2_control_demos/hook/cmake_prefix_path.dsv'
[59.088s] INFO:colcon.colcon_core.shell:Creating environment hook '/home/unknown/ROS2_Workspaces/bumperbot_ws/install/ign_ros2_control_demos/share/ign_ros2_control_demos/hook/cmake_prefix_path.sh'
[59.088s] Level 1:colcon.colcon_core.environment:checking '/home/unknown/ROS2_Workspaces/bumperbot_ws/install/ign_ros2_control_demos/lib'
[59.088s] Level 1:colcon.colcon_core.environment:checking '/home/unknown/ROS2_Workspaces/bumperbot_ws/install/ign_ros2_control_demos/bin'
[59.088s] Level 1:colcon.colcon_core.environment:checking '/home/unknown/ROS2_Workspaces/bumperbot_ws/install/ign_ros2_control_demos/lib/pkgconfig/ign_ros2_control_demos.pc'
[59.089s] Level 1:colcon.colcon_core.environment:checking '/home/unknown/ROS2_Workspaces/bumperbot_ws/install/ign_ros2_control_demos/lib/python3.10/site-packages'
[59.089s] Level 1:colcon.colcon_core.environment:checking '/home/unknown/ROS2_Workspaces/bumperbot_ws/install/ign_ros2_control_demos/bin'
[59.089s] INFO:colcon.colcon_core.shell:Creating package script '/home/unknown/ROS2_Workspaces/bumperbot_ws/install/ign_ros2_control_demos/share/ign_ros2_control_demos/package.ps1'
[59.090s] INFO:colcon.colcon_core.shell:Creating package descriptor '/home/unknown/ROS2_Workspaces/bumperbot_ws/install/ign_ros2_control_demos/share/ign_ros2_control_demos/package.dsv'
[59.091s] INFO:colcon.colcon_core.shell:Creating package script '/home/unknown/ROS2_Workspaces/bumperbot_ws/install/ign_ros2_control_demos/share/ign_ros2_control_demos/package.sh'
[59.091s] INFO:colcon.colcon_core.shell:Creating package script '/home/unknown/ROS2_Workspaces/bumperbot_ws/install/ign_ros2_control_demos/share/ign_ros2_control_demos/package.bash'
[59.092s] INFO:colcon.colcon_core.shell:Creating package script '/home/unknown/ROS2_Workspaces/bumperbot_ws/install/ign_ros2_control_demos/share/ign_ros2_control_demos/package.zsh'
[59.092s] Level 1:colcon.colcon_core.environment:create_file_with_runtime_dependencies(/home/unknown/ROS2_Workspaces/bumperbot_ws/install/ign_ros2_control_demos/share/colcon-core/packages/ign_ros2_control_demos)
[59.092s] INFO:colcon.colcon_ros.task.ament_cmake.build:Building ROS package in '/home/unknown/ROS2_Workspaces/bumperbot_ws/src/gz_ros2_control/gz_ros2_control_tests' with build type 'ament_cmake'
[59.092s] INFO:colcon.colcon_cmake.task.cmake.build:Building CMake package in '/home/unknown/ROS2_Workspaces/bumperbot_ws/src/gz_ros2_control/gz_ros2_control_tests'
[59.093s] INFO:colcon.colcon_core.shell:Skip shell extension 'powershell' for command environment: Not usable outside of PowerShell
[59.093s] DEBUG:colcon.colcon_core.shell:Skip shell extension 'dsv' for command environment
[59.107s] DEBUG:colcon.colcon_core.event_handler.log_command:Invoking command in '/home/unknown/ROS2_Workspaces/bumperbot_ws/build/gz_ros2_control_tests': CMAKE_PREFIX_PATH=/home/unknown/ROS2_Workspaces/bumperbot_ws/install/ign_ros2_control_demos:/home/unknown/ROS2_Workspaces/bumperbot_ws/install/gz_ros2_control_demos:/home/unknown/ROS2_Workspaces/bumperbot_ws/install/gz_ros2_control:/home/unknown/ROS2_Workspaces/bumperbot_ws/install/bumper_bot:/home/unknown/ROS2_Workspaces/bumperbot_ws/install/ign_ros2_control:/home/unknown/ROS2_Workspaces/bumperbot_ws/install/gz_ros2_control_tests:/home/unknown/ROS2_Workspaces/bumperbot_ws/install/cpp_folder:/home/unknown/ROS2_Workspaces/bumperbot_ws/install/bumperbot_utils:/home/unknown/ROS2_Workspaces/bumperbot_ws/install/bumperbot_msgs:/home/unknown/ROS2_Workspaces/bumperbot_ws/install/bumperbot_localisation:/home/unknown/ROS2_Workspaces/bumperbot_ws/install/bumperbot_firmware:/home/unknown/ROS2_Workspaces/bumperbot_ws/install/bumperbot_controller:/home/unknown/bumperbot_ws/install/ign_ros2_control_demos:/home/unknown/bumperbot_ws/install/bumper_bot:/home/unknown/bumperbot_ws/install/ign_ros2_control:/home/unknown/bumperbot_ws/install/gz_ros2_control_tests:/home/unknown/bumperbot_ws/install/gz_ros2_control_demos:/home/unknown/bumperbot_ws/install/gz_ros2_control:/home/unknown/bumperbot_ws/install/cpp_folder:/home/unknown/bumperbot_ws/install/bumperbot_utils:/home/unknown/bumperbot_ws/install/bumperbot_msgs:/home/unknown/bumperbot_ws/install/bumperbot_localisation:/home/unknown/bumperbot_ws/install/bumperbot_firmware:/home/unknown/bumperbot_ws/install/bumperbot_controller:/home/unknown/ros2_ws/install/rc_plane:/home/unknown/ros2_ws/install/ign_ros2_control_demos:/home/unknown/ros2_ws/install/bumper_bot:/home/unknown/ros2_ws/install/ign_ros2_control:/home/unknown/ros2_ws/install/gz_ros2_control_tests:/home/unknown/ros2_ws/install/gz_ros2_control_demos:/home/unknown/ros2_ws/install/gz_ros2_control:/home/unknown/ros2_ws/install/cpp_folder:/home/unknown/ros2_ws/install/bumperbot_utils:/home/unknown/ros2_ws/install/bumperbot_msgs:/home/unknown/ros2_ws/install/bumperbot_localisation:/home/unknown/ros2_ws/install/bumperbot_firmware:/home/unknown/ros2_ws/install/bumperbot_controller:/home/unknown/ROS2_Workspaces/bumperbot_ws/install/my_robot_controller:/home/unknown/ROS2_Workspaces/bumperbot_ws/install/bumper_bot_py:/home/unknown/bumperbot_ws/install/my_robot_controller:/home/unknown/bumperbot_ws/install/bumper_bot_py:/home/unknown/ros2_ws/install/my_robot_controller:/home/unknown/ros2_ws/install/bumper_bot_py:/opt/ros/humble /usr/bin/cmake /home/unknown/ROS2_Workspaces/bumperbot_ws/src/gz_ros2_control/gz_ros2_control_tests -DCMAKE_INSTALL_PREFIX=/home/unknown/ROS2_Workspaces/bumperbot_ws/install/gz_ros2_control_tests
[60.483s] DEBUG:colcon.colcon_core.event_handler.log_command:Invoked command in '/home/unknown/ROS2_Workspaces/bumperbot_ws/build/gz_ros2_control_tests' returned '0': CMAKE_PREFIX_PATH=/home/unknown/ROS2_Workspaces/bumperbot_ws/install/ign_ros2_control_demos:/home/unknown/ROS2_Workspaces/bumperbot_ws/install/gz_ros2_control_demos:/home/unknown/ROS2_Workspaces/bumperbot_ws/install/gz_ros2_control:/home/unknown/ROS2_Workspaces/bumperbot_ws/install/bumper_bot:/home/unknown/ROS2_Workspaces/bumperbot_ws/install/ign_ros2_control:/home/unknown/ROS2_Workspaces/bumperbot_ws/install/gz_ros2_control_tests:/home/unknown/ROS2_Workspaces/bumperbot_ws/install/cpp_folder:/home/unknown/ROS2_Workspaces/bumperbot_ws/install/bumperbot_utils:/home/unknown/ROS2_Workspaces/bumperbot_ws/install/bumperbot_msgs:/home/unknown/ROS2_Workspaces/bumperbot_ws/install/bumperbot_localisation:/home/unknown/ROS2_Workspaces/bumperbot_ws/install/bumperbot_firmware:/home/unknown/ROS2_Workspaces/bumperbot_ws/install/bumperbot_controller:/home/unknown/bumperbot_ws/install/ign_ros2_control_demos:/home/unknown/bumperbot_ws/install/bumper_bot:/home/unknown/bumperbot_ws/install/ign_ros2_control:/home/unknown/bumperbot_ws/install/gz_ros2_control_tests:/home/unknown/bumperbot_ws/install/gz_ros2_control_demos:/home/unknown/bumperbot_ws/install/gz_ros2_control:/home/unknown/bumperbot_ws/install/cpp_folder:/home/unknown/bumperbot_ws/install/bumperbot_utils:/home/unknown/bumperbot_ws/install/bumperbot_msgs:/home/unknown/bumperbot_ws/install/bumperbot_localisation:/home/unknown/bumperbot_ws/install/bumperbot_firmware:/home/unknown/bumperbot_ws/install/bumperbot_controller:/home/unknown/ros2_ws/install/rc_plane:/home/unknown/ros2_ws/install/ign_ros2_control_demos:/home/unknown/ros2_ws/install/bumper_bot:/home/unknown/ros2_ws/install/ign_ros2_control:/home/unknown/ros2_ws/install/gz_ros2_control_tests:/home/unknown/ros2_ws/install/gz_ros2_control_demos:/home/unknown/ros2_ws/install/gz_ros2_control:/home/unknown/ros2_ws/install/cpp_folder:/home/unknown/ros2_ws/install/bumperbot_utils:/home/unknown/ros2_ws/install/bumperbot_msgs:/home/unknown/ros2_ws/install/bumperbot_localisation:/home/unknown/ros2_ws/install/bumperbot_firmware:/home/unknown/ros2_ws/install/bumperbot_controller:/home/unknown/ROS2_Workspaces/bumperbot_ws/install/my_robot_controller:/home/unknown/ROS2_Workspaces/bumperbot_ws/install/bumper_bot_py:/home/unknown/bumperbot_ws/install/my_robot_controller:/home/unknown/bumperbot_ws/install/bumper_bot_py:/home/unknown/ros2_ws/install/my_robot_controller:/home/unknown/ros2_ws/install/bumper_bot_py:/opt/ros/humble /usr/bin/cmake /home/unknown/ROS2_Workspaces/bumperbot_ws/src/gz_ros2_control/gz_ros2_control_tests -DCMAKE_INSTALL_PREFIX=/home/unknown/ROS2_Workspaces/bumperbot_ws/install/gz_ros2_control_tests
[60.485s] DEBUG:colcon.colcon_core.event_handler.log_command:Invoking command in '/home/unknown/ROS2_Workspaces/bumperbot_ws/build/gz_ros2_control_tests': CMAKE_PREFIX_PATH=/home/unknown/ROS2_Workspaces/bumperbot_ws/install/ign_ros2_control_demos:/home/unknown/ROS2_Workspaces/bumperbot_ws/install/gz_ros2_control_demos:/home/unknown/ROS2_Workspaces/bumperbot_ws/install/gz_ros2_control:/home/unknown/ROS2_Workspaces/bumperbot_ws/install/bumper_bot:/home/unknown/ROS2_Workspaces/bumperbot_ws/install/ign_ros2_control:/home/unknown/ROS2_Workspaces/bumperbot_ws/install/gz_ros2_control_tests:/home/unknown/ROS2_Workspaces/bumperbot_ws/install/cpp_folder:/home/unknown/ROS2_Workspaces/bumperbot_ws/install/bumperbot_utils:/home/unknown/ROS2_Workspaces/bumperbot_ws/install/bumperbot_msgs:/home/unknown/ROS2_Workspaces/bumperbot_ws/install/bumperbot_localisation:/home/unknown/ROS2_Workspaces/bumperbot_ws/install/bumperbot_firmware:/home/unknown/ROS2_Workspaces/bumperbot_ws/install/bumperbot_controller:/home/unknown/bumperbot_ws/install/ign_ros2_control_demos:/home/unknown/bumperbot_ws/install/bumper_bot:/home/unknown/bumperbot_ws/install/ign_ros2_control:/home/unknown/bumperbot_ws/install/gz_ros2_control_tests:/home/unknown/bumperbot_ws/install/gz_ros2_control_demos:/home/unknown/bumperbot_ws/install/gz_ros2_control:/home/unknown/bumperbot_ws/install/cpp_folder:/home/unknown/bumperbot_ws/install/bumperbot_utils:/home/unknown/bumperbot_ws/install/bumperbot_msgs:/home/unknown/bumperbot_ws/install/bumperbot_localisation:/home/unknown/bumperbot_ws/install/bumperbot_firmware:/home/unknown/bumperbot_ws/install/bumperbot_controller:/home/unknown/ros2_ws/install/rc_plane:/home/unknown/ros2_ws/install/ign_ros2_control_demos:/home/unknown/ros2_ws/install/bumper_bot:/home/unknown/ros2_ws/install/ign_ros2_control:/home/unknown/ros2_ws/install/gz_ros2_control_tests:/home/unknown/ros2_ws/install/gz_ros2_control_demos:/home/unknown/ros2_ws/install/gz_ros2_control:/home/unknown/ros2_ws/install/cpp_folder:/home/unknown/ros2_ws/install/bumperbot_utils:/home/unknown/ros2_ws/install/bumperbot_msgs:/home/unknown/ros2_ws/install/bumperbot_localisation:/home/unknown/ros2_ws/install/bumperbot_firmware:/home/unknown/ros2_ws/install/bumperbot_controller:/home/unknown/ROS2_Workspaces/bumperbot_ws/install/my_robot_controller:/home/unknown/ROS2_Workspaces/bumperbot_ws/install/bumper_bot_py:/home/unknown/bumperbot_ws/install/my_robot_controller:/home/unknown/bumperbot_ws/install/bumper_bot_py:/home/unknown/ros2_ws/install/my_robot_controller:/home/unknown/ros2_ws/install/bumper_bot_py:/opt/ros/humble /usr/bin/cmake --build /home/unknown/ROS2_Workspaces/bumperbot_ws/build/gz_ros2_control_tests -- -j8 -l8
[60.517s] DEBUG:colcon.colcon_core.event_handler.log_command:Invoked command in '/home/unknown/ROS2_Workspaces/bumperbot_ws/build/gz_ros2_control_tests' returned '0': CMAKE_PREFIX_PATH=/home/unknown/ROS2_Workspaces/bumperbot_ws/install/ign_ros2_control_demos:/home/unknown/ROS2_Workspaces/bumperbot_ws/install/gz_ros2_control_demos:/home/unknown/ROS2_Workspaces/bumperbot_ws/install/gz_ros2_control:/home/unknown/ROS2_Workspaces/bumperbot_ws/install/bumper_bot:/home/unknown/ROS2_Workspaces/bumperbot_ws/install/ign_ros2_control:/home/unknown/ROS2_Workspaces/bumperbot_ws/install/gz_ros2_control_tests:/home/unknown/ROS2_Workspaces/bumperbot_ws/install/cpp_folder:/home/unknown/ROS2_Workspaces/bumperbot_ws/install/bumperbot_utils:/home/unknown/ROS2_Workspaces/bumperbot_ws/install/bumperbot_msgs:/home/unknown/ROS2_Workspaces/bumperbot_ws/install/bumperbot_localisation:/home/unknown/ROS2_Workspaces/bumperbot_ws/install/bumperbot_firmware:/home/unknown/ROS2_Workspaces/bumperbot_ws/install/bumperbot_controller:/home/unknown/bumperbot_ws/install/ign_ros2_control_demos:/home/unknown/bumperbot_ws/install/bumper_bot:/home/unknown/bumperbot_ws/install/ign_ros2_control:/home/unknown/bumperbot_ws/install/gz_ros2_control_tests:/home/unknown/bumperbot_ws/install/gz_ros2_control_demos:/home/unknown/bumperbot_ws/install/gz_ros2_control:/home/unknown/bumperbot_ws/install/cpp_folder:/home/unknown/bumperbot_ws/install/bumperbot_utils:/home/unknown/bumperbot_ws/install/bumperbot_msgs:/home/unknown/bumperbot_ws/install/bumperbot_localisation:/home/unknown/bumperbot_ws/install/bumperbot_firmware:/home/unknown/bumperbot_ws/install/bumperbot_controller:/home/unknown/ros2_ws/install/rc_plane:/home/unknown/ros2_ws/install/ign_ros2_control_demos:/home/unknown/ros2_ws/install/bumper_bot:/home/unknown/ros2_ws/install/ign_ros2_control:/home/unknown/ros2_ws/install/gz_ros2_control_tests:/home/unknown/ros2_ws/install/gz_ros2_control_demos:/home/unknown/ros2_ws/install/gz_ros2_control:/home/unknown/ros2_ws/install/cpp_folder:/home/unknown/ros2_ws/install/bumperbot_utils:/home/unknown/ros2_ws/install/bumperbot_msgs:/home/unknown/ros2_ws/install/bumperbot_localisation:/home/unknown/ros2_ws/install/bumperbot_firmware:/home/unknown/ros2_ws/install/bumperbot_controller:/home/unknown/ROS2_Workspaces/bumperbot_ws/install/my_robot_controller:/home/unknown/ROS2_Workspaces/bumperbot_ws/install/bumper_bot_py:/home/unknown/bumperbot_ws/install/my_robot_controller:/home/unknown/bumperbot_ws/install/bumper_bot_py:/home/unknown/ros2_ws/install/my_robot_controller:/home/unknown/ros2_ws/install/bumper_bot_py:/opt/ros/humble /usr/bin/cmake --build /home/unknown/ROS2_Workspaces/bumperbot_ws/build/gz_ros2_control_tests -- -j8 -l8
[60.518s] DEBUG:colcon.colcon_core.event_handler.log_command:Invoking command in '/home/unknown/ROS2_Workspaces/bumperbot_ws/build/gz_ros2_control_tests': CMAKE_PREFIX_PATH=/home/unknown/ROS2_Workspaces/bumperbot_ws/install/ign_ros2_control_demos:/home/unknown/ROS2_Workspaces/bumperbot_ws/install/gz_ros2_control_demos:/home/unknown/ROS2_Workspaces/bumperbot_ws/install/gz_ros2_control:/home/unknown/ROS2_Workspaces/bumperbot_ws/install/bumper_bot:/home/unknown/ROS2_Workspaces/bumperbot_ws/install/ign_ros2_control:/home/unknown/ROS2_Workspaces/bumperbot_ws/install/gz_ros2_control_tests:/home/unknown/ROS2_Workspaces/bumperbot_ws/install/cpp_folder:/home/unknown/ROS2_Workspaces/bumperbot_ws/install/bumperbot_utils:/home/unknown/ROS2_Workspaces/bumperbot_ws/install/bumperbot_msgs:/home/unknown/ROS2_Workspaces/bumperbot_ws/install/bumperbot_localisation:/home/unknown/ROS2_Workspaces/bumperbot_ws/install/bumperbot_firmware:/home/unknown/ROS2_Workspaces/bumperbot_ws/install/bumperbot_controller:/home/unknown/bumperbot_ws/install/ign_ros2_control_demos:/home/unknown/bumperbot_ws/install/bumper_bot:/home/unknown/bumperbot_ws/install/ign_ros2_control:/home/unknown/bumperbot_ws/install/gz_ros2_control_tests:/home/unknown/bumperbot_ws/install/gz_ros2_control_demos:/home/unknown/bumperbot_ws/install/gz_ros2_control:/home/unknown/bumperbot_ws/install/cpp_folder:/home/unknown/bumperbot_ws/install/bumperbot_utils:/home/unknown/bumperbot_ws/install/bumperbot_msgs:/home/unknown/bumperbot_ws/install/bumperbot_localisation:/home/unknown/bumperbot_ws/install/bumperbot_firmware:/home/unknown/bumperbot_ws/install/bumperbot_controller:/home/unknown/ros2_ws/install/rc_plane:/home/unknown/ros2_ws/install/ign_ros2_control_demos:/home/unknown/ros2_ws/install/bumper_bot:/home/unknown/ros2_ws/install/ign_ros2_control:/home/unknown/ros2_ws/install/gz_ros2_control_tests:/home/unknown/ros2_ws/install/gz_ros2_control_demos:/home/unknown/ros2_ws/install/gz_ros2_control:/home/unknown/ros2_ws/install/cpp_folder:/home/unknown/ros2_ws/install/bumperbot_utils:/home/unknown/ros2_ws/install/bumperbot_msgs:/home/unknown/ros2_ws/install/bumperbot_localisation:/home/unknown/ros2_ws/install/bumperbot_firmware:/home/unknown/ros2_ws/install/bumperbot_controller:/home/unknown/ROS2_Workspaces/bumperbot_ws/install/my_robot_controller:/home/unknown/ROS2_Workspaces/bumperbot_ws/install/bumper_bot_py:/home/unknown/bumperbot_ws/install/my_robot_controller:/home/unknown/bumperbot_ws/install/bumper_bot_py:/home/unknown/ros2_ws/install/my_robot_controller:/home/unknown/ros2_ws/install/bumper_bot_py:/opt/ros/humble /usr/bin/cmake --install /home/unknown/ROS2_Workspaces/bumperbot_ws/build/gz_ros2_control_tests
[60.526s] Level 1:colcon.colcon_core.environment:create_environment_scripts_only(gz_ros2_control_tests)
[60.527s] DEBUG:colcon.colcon_core.event_handler.log_command:Invoked command in '/home/unknown/ROS2_Workspaces/bumperbot_ws/build/gz_ros2_control_tests' returned '0': CMAKE_PREFIX_PATH=/home/unknown/ROS2_Workspaces/bumperbot_ws/install/ign_ros2_control_demos:/home/unknown/ROS2_Workspaces/bumperbot_ws/install/gz_ros2_control_demos:/home/unknown/ROS2_Workspaces/bumperbot_ws/install/gz_ros2_control:/home/unknown/ROS2_Workspaces/bumperbot_ws/install/bumper_bot:/home/unknown/ROS2_Workspaces/bumperbot_ws/install/ign_ros2_control:/home/unknown/ROS2_Workspaces/bumperbot_ws/install/gz_ros2_control_tests:/home/unknown/ROS2_Workspaces/bumperbot_ws/install/cpp_folder:/home/unknown/ROS2_Workspaces/bumperbot_ws/install/bumperbot_utils:/home/unknown/ROS2_Workspaces/bumperbot_ws/install/bumperbot_msgs:/home/unknown/ROS2_Workspaces/bumperbot_ws/install/bumperbot_localisation:/home/unknown/ROS2_Workspaces/bumperbot_ws/install/bumperbot_firmware:/home/unknown/ROS2_Workspaces/bumperbot_ws/install/bumperbot_controller:/home/unknown/bumperbot_ws/install/ign_ros2_control_demos:/home/unknown/bumperbot_ws/install/bumper_bot:/home/unknown/bumperbot_ws/install/ign_ros2_control:/home/unknown/bumperbot_ws/install/gz_ros2_control_tests:/home/unknown/bumperbot_ws/install/gz_ros2_control_demos:/home/unknown/bumperbot_ws/install/gz_ros2_control:/home/unknown/bumperbot_ws/install/cpp_folder:/home/unknown/bumperbot_ws/install/bumperbot_utils:/home/unknown/bumperbot_ws/install/bumperbot_msgs:/home/unknown/bumperbot_ws/install/bumperbot_localisation:/home/unknown/bumperbot_ws/install/bumperbot_firmware:/home/unknown/bumperbot_ws/install/bumperbot_controller:/home/unknown/ros2_ws/install/rc_plane:/home/unknown/ros2_ws/install/ign_ros2_control_demos:/home/unknown/ros2_ws/install/bumper_bot:/home/unknown/ros2_ws/install/ign_ros2_control:/home/unknown/ros2_ws/install/gz_ros2_control_tests:/home/unknown/ros2_ws/install/gz_ros2_control_demos:/home/unknown/ros2_ws/install/gz_ros2_control:/home/unknown/ros2_ws/install/cpp_folder:/home/unknown/ros2_ws/install/bumperbot_utils:/home/unknown/ros2_ws/install/bumperbot_msgs:/home/unknown/ros2_ws/install/bumperbot_localisation:/home/unknown/ros2_ws/install/bumperbot_firmware:/home/unknown/ros2_ws/install/bumperbot_controller:/home/unknown/ROS2_Workspaces/bumperbot_ws/install/my_robot_controller:/home/unknown/ROS2_Workspaces/bumperbot_ws/install/bumper_bot_py:/home/unknown/bumperbot_ws/install/my_robot_controller:/home/unknown/bumperbot_ws/install/bumper_bot_py:/home/unknown/ros2_ws/install/my_robot_controller:/home/unknown/ros2_ws/install/bumper_bot_py:/opt/ros/humble /usr/bin/cmake --install /home/unknown/ROS2_Workspaces/bumperbot_ws/build/gz_ros2_control_tests
[60.527s] Level 1:colcon.colcon_core.environment:checking '/home/unknown/ROS2_Workspaces/bumperbot_ws/install/gz_ros2_control_tests' for CMake module files
[60.527s] Level 1:colcon.colcon_core.environment:checking '/home/unknown/ROS2_Workspaces/bumperbot_ws/install/gz_ros2_control_tests' for CMake config files
[60.528s] Level 1:colcon.colcon_core.shell:create_environment_hook('gz_ros2_control_tests', 'cmake_prefix_path')
[60.528s] INFO:colcon.colcon_core.shell:Creating environment hook '/home/unknown/ROS2_Workspaces/bumperbot_ws/install/gz_ros2_control_tests/share/gz_ros2_control_tests/hook/cmake_prefix_path.ps1'
[60.528s] INFO:colcon.colcon_core.shell:Creating environment descriptor '/home/unknown/ROS2_Workspaces/bumperbot_ws/install/gz_ros2_control_tests/share/gz_ros2_control_tests/hook/cmake_prefix_path.dsv'
[60.528s] INFO:colcon.colcon_core.shell:Creating environment hook '/home/unknown/ROS2_Workspaces/bumperbot_ws/install/gz_ros2_control_tests/share/gz_ros2_control_tests/hook/cmake_prefix_path.sh'
[60.529s] Level 1:colcon.colcon_core.environment:checking '/home/unknown/ROS2_Workspaces/bumperbot_ws/install/gz_ros2_control_tests/bin'
[60.529s] Level 1:colcon.colcon_core.environment:checking '/home/unknown/ROS2_Workspaces/bumperbot_ws/install/gz_ros2_control_tests/lib/pkgconfig/gz_ros2_control_tests.pc'
[60.529s] Level 1:colcon.colcon_core.environment:checking '/home/unknown/ROS2_Workspaces/bumperbot_ws/install/gz_ros2_control_tests/lib/python3.10/site-packages'
[60.529s] Level 1:colcon.colcon_core.environment:checking '/home/unknown/ROS2_Workspaces/bumperbot_ws/install/gz_ros2_control_tests/bin'
[60.530s] INFO:colcon.colcon_core.shell:Creating package script '/home/unknown/ROS2_Workspaces/bumperbot_ws/install/gz_ros2_control_tests/share/gz_ros2_control_tests/package.ps1'
[60.530s] INFO:colcon.colcon_core.shell:Creating package descriptor '/home/unknown/ROS2_Workspaces/bumperbot_ws/install/gz_ros2_control_tests/share/gz_ros2_control_tests/package.dsv'
[60.530s] INFO:colcon.colcon_core.shell:Creating package script '/home/unknown/ROS2_Workspaces/bumperbot_ws/install/gz_ros2_control_tests/share/gz_ros2_control_tests/package.sh'
[60.531s] INFO:colcon.colcon_core.shell:Creating package script '/home/unknown/ROS2_Workspaces/bumperbot_ws/install/gz_ros2_control_tests/share/gz_ros2_control_tests/package.bash'
[60.531s] INFO:colcon.colcon_core.shell:Creating package script '/home/unknown/ROS2_Workspaces/bumperbot_ws/install/gz_ros2_control_tests/share/gz_ros2_control_tests/package.zsh'
[60.531s] Level 1:colcon.colcon_core.environment:create_file_with_runtime_dependencies(/home/unknown/ROS2_Workspaces/bumperbot_ws/install/gz_ros2_control_tests/share/colcon-core/packages/gz_ros2_control_tests)
[60.532s] Level 1:colcon.colcon_core.environment:create_environment_scripts_only(gz_ros2_control_tests)
[60.532s] Level 1:colcon.colcon_core.environment:checking '/home/unknown/ROS2_Workspaces/bumperbot_ws/install/gz_ros2_control_tests' for CMake module files
[60.532s] Level 1:colcon.colcon_core.environment:checking '/home/unknown/ROS2_Workspaces/bumperbot_ws/install/gz_ros2_control_tests' for CMake config files
[60.532s] Level 1:colcon.colcon_core.shell:create_environment_hook('gz_ros2_control_tests', 'cmake_prefix_path')
[60.533s] INFO:colcon.colcon_core.shell:Creating environment hook '/home/unknown/ROS2_Workspaces/bumperbot_ws/install/gz_ros2_control_tests/share/gz_ros2_control_tests/hook/cmake_prefix_path.ps1'
[60.533s] INFO:colcon.colcon_core.shell:Creating environment descriptor '/home/unknown/ROS2_Workspaces/bumperbot_ws/install/gz_ros2_control_tests/share/gz_ros2_control_tests/hook/cmake_prefix_path.dsv'
[60.533s] INFO:colcon.colcon_core.shell:Creating environment hook '/home/unknown/ROS2_Workspaces/bumperbot_ws/install/gz_ros2_control_tests/share/gz_ros2_control_tests/hook/cmake_prefix_path.sh'
[60.534s] Level 1:colcon.colcon_core.environment:checking '/home/unknown/ROS2_Workspaces/bumperbot_ws/install/gz_ros2_control_tests/bin'
[60.534s] Level 1:colcon.colcon_core.environment:checking '/home/unknown/ROS2_Workspaces/bumperbot_ws/install/gz_ros2_control_tests/lib/pkgconfig/gz_ros2_control_tests.pc'
[60.534s] Level 1:colcon.colcon_core.environment:checking '/home/unknown/ROS2_Workspaces/bumperbot_ws/install/gz_ros2_control_tests/lib/python3.10/site-packages'
[60.534s] Level 1:colcon.colcon_core.environment:checking '/home/unknown/ROS2_Workspaces/bumperbot_ws/install/gz_ros2_control_tests/bin'
[60.534s] INFO:colcon.colcon_core.shell:Creating package script '/home/unknown/ROS2_Workspaces/bumperbot_ws/install/gz_ros2_control_tests/share/gz_ros2_control_tests/package.ps1'
[60.535s] INFO:colcon.colcon_core.shell:Creating package descriptor '/home/unknown/ROS2_Workspaces/bumperbot_ws/install/gz_ros2_control_tests/share/gz_ros2_control_tests/package.dsv'
[60.535s] INFO:colcon.colcon_core.shell:Creating package script '/home/unknown/ROS2_Workspaces/bumperbot_ws/install/gz_ros2_control_tests/share/gz_ros2_control_tests/package.sh'
[60.536s] INFO:colcon.colcon_core.shell:Creating package script '/home/unknown/ROS2_Workspaces/bumperbot_ws/install/gz_ros2_control_tests/share/gz_ros2_control_tests/package.bash'
[60.536s] INFO:colcon.colcon_core.shell:Creating package script '/home/unknown/ROS2_Workspaces/bumperbot_ws/install/gz_ros2_control_tests/share/gz_ros2_control_tests/package.zsh'
[60.536s] Level 1:colcon.colcon_core.environment:create_file_with_runtime_dependencies(/home/unknown/ROS2_Workspaces/bumperbot_ws/install/gz_ros2_control_tests/share/colcon-core/packages/gz_ros2_control_tests)
[60.536s] DEBUG:colcon.colcon_parallel_executor.executor.parallel:closing loop
[60.537s] DEBUG:colcon.colcon_parallel_executor.executor.parallel:loop closed
[60.537s] DEBUG:colcon.colcon_parallel_executor.executor.parallel:run_until_complete finished with '0'
[60.537s] DEBUG:colcon.colcon_core.event_reactor:joining thread
[60.541s] INFO:colcon.colcon_core.plugin_system:Skipping extension 'colcon_notification.desktop_notification.terminal_notifier': Not used on non-Darwin systems
[60.541s] INFO:colcon.colcon_core.plugin_system:Skipping extension 'colcon_notification.desktop_notification.win32': Not used on non-Windows systems
[60.541s] INFO:colcon.colcon_notification.desktop_notification:Sending desktop notification using 'notify2'
[60.551s] DEBUG:colcon.colcon_core.event_reactor:joined thread
[60.551s] INFO:colcon.colcon_core.shell:Creating prefix script '/home/unknown/ROS2_Workspaces/bumperbot_ws/install/local_setup.ps1'
[60.552s] INFO:colcon.colcon_core.shell:Creating prefix util module '/home/unknown/ROS2_Workspaces/bumperbot_ws/install/_local_setup_util_ps1.py'
[60.553s] INFO:colcon.colcon_core.shell:Creating prefix chain script '/home/unknown/ROS2_Workspaces/bumperbot_ws/install/setup.ps1'
[60.555s] INFO:colcon.colcon_core.shell:Creating prefix script '/home/unknown/ROS2_Workspaces/bumperbot_ws/install/local_setup.sh'
[60.555s] INFO:colcon.colcon_core.shell:Creating prefix util module '/home/unknown/ROS2_Workspaces/bumperbot_ws/install/_local_setup_util_sh.py'
[60.556s] INFO:colcon.colcon_core.shell:Creating prefix chain script '/home/unknown/ROS2_Workspaces/bumperbot_ws/install/setup.sh'
[60.557s] INFO:colcon.colcon_core.shell:Creating prefix script '/home/unknown/ROS2_Workspaces/bumperbot_ws/install/local_setup.bash'
[60.557s] INFO:colcon.colcon_core.shell:Creating prefix chain script '/home/unknown/ROS2_Workspaces/bumperbot_ws/install/setup.bash'
[60.559s] INFO:colcon.colcon_core.shell:Creating prefix script '/home/unknown/ROS2_Workspaces/bumperbot_ws/install/local_setup.zsh'
[60.559s] INFO:colcon.colcon_core.shell:Creating prefix chain script '/home/unknown/ROS2_Workspaces/bumperbot_ws/install/setup.zsh'
