[0.010s] Invoking command in '/home/unknown/ROS2_Workspaces/bumperbot_ws/build/bumper_bot': CMAKE_PREFIX_PATH=/home/unknown/ROS2_Workspaces/bumperbot_ws/install/ign_ros2_control:/home/unknown/ROS2_Workspaces/bumperbot_ws/install/gz_ros2_control:/home/unknown/ROS2_Workspaces/bumperbot_ws/install/ign_ros2_control_demos:/home/unknown/ROS2_Workspaces/bumperbot_ws/install/bumper_bot:/home/unknown/ROS2_Workspaces/bumperbot_ws/install/gz_ros2_control_tests:/home/unknown/ROS2_Workspaces/bumperbot_ws/install/gz_ros2_control_demos:/home/unknown/ROS2_Workspaces/bumperbot_ws/install/cpp_folder:/home/unknown/ROS2_Workspaces/bumperbot_ws/install/bumperbot_utils:/home/unknown/ROS2_Workspaces/bumperbot_ws/install/bumperbot_msgs:/home/unknown/ROS2_Workspaces/bumperbot_ws/install/bumperbot_localisation:/home/unknown/ROS2_Workspaces/bumperbot_ws/install/bumperbot_firmware:/home/unknown/ROS2_Workspaces/bumperbot_ws/install/bumperbot_controller:/home/unknown/bumperbot_ws/install/ign_ros2_control_demos:/home/unknown/bumperbot_ws/install/bumper_bot:/home/unknown/bumperbot_ws/install/ign_ros2_control:/home/unknown/bumperbot_ws/install/gz_ros2_control_tests:/home/unknown/bumperbot_ws/install/gz_ros2_control_demos:/home/unknown/bumperbot_ws/install/gz_ros2_control:/home/unknown/bumperbot_ws/install/cpp_folder:/home/unknown/bumperbot_ws/install/bumperbot_utils:/home/unknown/bumperbot_ws/install/bumperbot_msgs:/home/unknown/bumperbot_ws/install/bumperbot_localisation:/home/unknown/bumperbot_ws/install/bumperbot_firmware:/home/unknown/bumperbot_ws/install/bumperbot_controller:/home/unknown/ros2_ws/install/rc_plane:/home/unknown/ros2_ws/install/ign_ros2_control_demos:/home/unknown/ros2_ws/install/bumper_bot:/home/unknown/ros2_ws/install/ign_ros2_control:/home/unknown/ros2_ws/install/gz_ros2_control_tests:/home/unknown/ros2_ws/install/gz_ros2_control_demos:/home/unknown/ros2_ws/install/gz_ros2_control:/home/unknown/ros2_ws/install/cpp_folder:/home/unknown/ros2_ws/install/bumperbot_utils:/home/unknown/ros2_ws/install/bumperbot_msgs:/home/unknown/ros2_ws/install/bumperbot_localisation:/home/unknown/ros2_ws/install/bumperbot_firmware:/home/unknown/ros2_ws/install/bumperbot_controller:/home/unknown/ROS2_Workspaces/bumperbot_ws/install/my_robot_controller:/home/unknown/ROS2_Workspaces/bumperbot_ws/install/bumper_bot_py:/home/unknown/bumperbot_ws/install/my_robot_controller:/home/unknown/bumperbot_ws/install/bumper_bot_py:/home/unknown/ros2_ws/install/my_robot_controller:/home/unknown/ros2_ws/install/bumper_bot_py:/opt/ros/humble /usr/bin/cmake /home/unknown/ROS2_Workspaces/bumperbot_ws/src/bumper_bot -DCMAKE_INSTALL_PREFIX=/home/unknown/ROS2_Workspaces/bumperbot_ws/install/bumper_bot
[0.061s] -- The C compiler identification is GNU 11.4.0
[0.114s] -- The CXX compiler identification is GNU 11.4.0
[0.121s] -- Detecting C compiler ABI info
[0.183s] -- Detecting C compiler ABI info - done
[0.192s] -- Check for working C compiler: /usr/bin/cc - skipped
[0.192s] -- Detecting C compile features
[0.192s] -- Detecting C compile features - done
[0.195s] -- Detecting CXX compiler ABI info
[0.269s] -- Detecting CXX compiler ABI info - done
[0.277s] -- Check for working CXX compiler: /usr/bin/c++ - skipped
[0.277s] -- Detecting CXX compile features
[0.278s] -- Detecting CXX compile features - done
[0.280s] -- Found ament_cmake: 1.3.13 (/opt/ros/humble/share/ament_cmake/cmake)
[0.458s] -- Found Python3: /usr/bin/python3 (found version "3.10.12") found components: Interpreter 
[0.570s] -- Found ament_lint_auto: 0.12.15 (/opt/ros/humble/share/ament_lint_auto/cmake)
[0.701s] -- Added test 'flake8' to check Python code syntax and style conventions
[0.711s] -- Added test 'lint_cmake' to check CMake code style
[0.716s] -- Added test 'pep257' to check Python code against some of the docstring style conventions in PEP 257
[0.755s] -- Added test 'xmllint' to check XML markup files
[0.758s] -- Configuring done
[0.760s] -- Generating done
[0.762s] -- Build files have been written to: /home/unknown/ROS2_Workspaces/bumperbot_ws/build/bumper_bot
[0.772s] Invoked command in '/home/unknown/ROS2_Workspaces/bumperbot_ws/build/bumper_bot' returned '0': CMAKE_PREFIX_PATH=/home/unknown/ROS2_Workspaces/bumperbot_ws/install/ign_ros2_control:/home/unknown/ROS2_Workspaces/bumperbot_ws/install/gz_ros2_control:/home/unknown/ROS2_Workspaces/bumperbot_ws/install/ign_ros2_control_demos:/home/unknown/ROS2_Workspaces/bumperbot_ws/install/bumper_bot:/home/unknown/ROS2_Workspaces/bumperbot_ws/install/gz_ros2_control_tests:/home/unknown/ROS2_Workspaces/bumperbot_ws/install/gz_ros2_control_demos:/home/unknown/ROS2_Workspaces/bumperbot_ws/install/cpp_folder:/home/unknown/ROS2_Workspaces/bumperbot_ws/install/bumperbot_utils:/home/unknown/ROS2_Workspaces/bumperbot_ws/install/bumperbot_msgs:/home/unknown/ROS2_Workspaces/bumperbot_ws/install/bumperbot_localisation:/home/unknown/ROS2_Workspaces/bumperbot_ws/install/bumperbot_firmware:/home/unknown/ROS2_Workspaces/bumperbot_ws/install/bumperbot_controller:/home/unknown/bumperbot_ws/install/ign_ros2_control_demos:/home/unknown/bumperbot_ws/install/bumper_bot:/home/unknown/bumperbot_ws/install/ign_ros2_control:/home/unknown/bumperbot_ws/install/gz_ros2_control_tests:/home/unknown/bumperbot_ws/install/gz_ros2_control_demos:/home/unknown/bumperbot_ws/install/gz_ros2_control:/home/unknown/bumperbot_ws/install/cpp_folder:/home/unknown/bumperbot_ws/install/bumperbot_utils:/home/unknown/bumperbot_ws/install/bumperbot_msgs:/home/unknown/bumperbot_ws/install/bumperbot_localisation:/home/unknown/bumperbot_ws/install/bumperbot_firmware:/home/unknown/bumperbot_ws/install/bumperbot_controller:/home/unknown/ros2_ws/install/rc_plane:/home/unknown/ros2_ws/install/ign_ros2_control_demos:/home/unknown/ros2_ws/install/bumper_bot:/home/unknown/ros2_ws/install/ign_ros2_control:/home/unknown/ros2_ws/install/gz_ros2_control_tests:/home/unknown/ros2_ws/install/gz_ros2_control_demos:/home/unknown/ros2_ws/install/gz_ros2_control:/home/unknown/ros2_ws/install/cpp_folder:/home/unknown/ros2_ws/install/bumperbot_utils:/home/unknown/ros2_ws/install/bumperbot_msgs:/home/unknown/ros2_ws/install/bumperbot_localisation:/home/unknown/ros2_ws/install/bumperbot_firmware:/home/unknown/ros2_ws/install/bumperbot_controller:/home/unknown/ROS2_Workspaces/bumperbot_ws/install/my_robot_controller:/home/unknown/ROS2_Workspaces/bumperbot_ws/install/bumper_bot_py:/home/unknown/bumperbot_ws/install/my_robot_controller:/home/unknown/bumperbot_ws/install/bumper_bot_py:/home/unknown/ros2_ws/install/my_robot_controller:/home/unknown/ros2_ws/install/bumper_bot_py:/opt/ros/humble /usr/bin/cmake /home/unknown/ROS2_Workspaces/bumperbot_ws/src/bumper_bot -DCMAKE_INSTALL_PREFIX=/home/unknown/ROS2_Workspaces/bumperbot_ws/install/bumper_bot
[0.773s] Invoking command in '/home/unknown/ROS2_Workspaces/bumperbot_ws/build/bumper_bot': CMAKE_PREFIX_PATH=/home/unknown/ROS2_Workspaces/bumperbot_ws/install/ign_ros2_control:/home/unknown/ROS2_Workspaces/bumperbot_ws/install/gz_ros2_control:/home/unknown/ROS2_Workspaces/bumperbot_ws/install/ign_ros2_control_demos:/home/unknown/ROS2_Workspaces/bumperbot_ws/install/bumper_bot:/home/unknown/ROS2_Workspaces/bumperbot_ws/install/gz_ros2_control_tests:/home/unknown/ROS2_Workspaces/bumperbot_ws/install/gz_ros2_control_demos:/home/unknown/ROS2_Workspaces/bumperbot_ws/install/cpp_folder:/home/unknown/ROS2_Workspaces/bumperbot_ws/install/bumperbot_utils:/home/unknown/ROS2_Workspaces/bumperbot_ws/install/bumperbot_msgs:/home/unknown/ROS2_Workspaces/bumperbot_ws/install/bumperbot_localisation:/home/unknown/ROS2_Workspaces/bumperbot_ws/install/bumperbot_firmware:/home/unknown/ROS2_Workspaces/bumperbot_ws/install/bumperbot_controller:/home/unknown/bumperbot_ws/install/ign_ros2_control_demos:/home/unknown/bumperbot_ws/install/bumper_bot:/home/unknown/bumperbot_ws/install/ign_ros2_control:/home/unknown/bumperbot_ws/install/gz_ros2_control_tests:/home/unknown/bumperbot_ws/install/gz_ros2_control_demos:/home/unknown/bumperbot_ws/install/gz_ros2_control:/home/unknown/bumperbot_ws/install/cpp_folder:/home/unknown/bumperbot_ws/install/bumperbot_utils:/home/unknown/bumperbot_ws/install/bumperbot_msgs:/home/unknown/bumperbot_ws/install/bumperbot_localisation:/home/unknown/bumperbot_ws/install/bumperbot_firmware:/home/unknown/bumperbot_ws/install/bumperbot_controller:/home/unknown/ros2_ws/install/rc_plane:/home/unknown/ros2_ws/install/ign_ros2_control_demos:/home/unknown/ros2_ws/install/bumper_bot:/home/unknown/ros2_ws/install/ign_ros2_control:/home/unknown/ros2_ws/install/gz_ros2_control_tests:/home/unknown/ros2_ws/install/gz_ros2_control_demos:/home/unknown/ros2_ws/install/gz_ros2_control:/home/unknown/ros2_ws/install/cpp_folder:/home/unknown/ros2_ws/install/bumperbot_utils:/home/unknown/ros2_ws/install/bumperbot_msgs:/home/unknown/ros2_ws/install/bumperbot_localisation:/home/unknown/ros2_ws/install/bumperbot_firmware:/home/unknown/ros2_ws/install/bumperbot_controller:/home/unknown/ROS2_Workspaces/bumperbot_ws/install/my_robot_controller:/home/unknown/ROS2_Workspaces/bumperbot_ws/install/bumper_bot_py:/home/unknown/bumperbot_ws/install/my_robot_controller:/home/unknown/bumperbot_ws/install/bumper_bot_py:/home/unknown/ros2_ws/install/my_robot_controller:/home/unknown/ros2_ws/install/bumper_bot_py:/opt/ros/humble /usr/bin/cmake --build /home/unknown/ROS2_Workspaces/bumperbot_ws/build/bumper_bot -- -j8 -l8
[0.822s] Invoked command in '/home/unknown/ROS2_Workspaces/bumperbot_ws/build/bumper_bot' returned '0': CMAKE_PREFIX_PATH=/home/unknown/ROS2_Workspaces/bumperbot_ws/install/ign_ros2_control:/home/unknown/ROS2_Workspaces/bumperbot_ws/install/gz_ros2_control:/home/unknown/ROS2_Workspaces/bumperbot_ws/install/ign_ros2_control_demos:/home/unknown/ROS2_Workspaces/bumperbot_ws/install/bumper_bot:/home/unknown/ROS2_Workspaces/bumperbot_ws/install/gz_ros2_control_tests:/home/unknown/ROS2_Workspaces/bumperbot_ws/install/gz_ros2_control_demos:/home/unknown/ROS2_Workspaces/bumperbot_ws/install/cpp_folder:/home/unknown/ROS2_Workspaces/bumperbot_ws/install/bumperbot_utils:/home/unknown/ROS2_Workspaces/bumperbot_ws/install/bumperbot_msgs:/home/unknown/ROS2_Workspaces/bumperbot_ws/install/bumperbot_localisation:/home/unknown/ROS2_Workspaces/bumperbot_ws/install/bumperbot_firmware:/home/unknown/ROS2_Workspaces/bumperbot_ws/install/bumperbot_controller:/home/unknown/bumperbot_ws/install/ign_ros2_control_demos:/home/unknown/bumperbot_ws/install/bumper_bot:/home/unknown/bumperbot_ws/install/ign_ros2_control:/home/unknown/bumperbot_ws/install/gz_ros2_control_tests:/home/unknown/bumperbot_ws/install/gz_ros2_control_demos:/home/unknown/bumperbot_ws/install/gz_ros2_control:/home/unknown/bumperbot_ws/install/cpp_folder:/home/unknown/bumperbot_ws/install/bumperbot_utils:/home/unknown/bumperbot_ws/install/bumperbot_msgs:/home/unknown/bumperbot_ws/install/bumperbot_localisation:/home/unknown/bumperbot_ws/install/bumperbot_firmware:/home/unknown/bumperbot_ws/install/bumperbot_controller:/home/unknown/ros2_ws/install/rc_plane:/home/unknown/ros2_ws/install/ign_ros2_control_demos:/home/unknown/ros2_ws/install/bumper_bot:/home/unknown/ros2_ws/install/ign_ros2_control:/home/unknown/ros2_ws/install/gz_ros2_control_tests:/home/unknown/ros2_ws/install/gz_ros2_control_demos:/home/unknown/ros2_ws/install/gz_ros2_control:/home/unknown/ros2_ws/install/cpp_folder:/home/unknown/ros2_ws/install/bumperbot_utils:/home/unknown/ros2_ws/install/bumperbot_msgs:/home/unknown/ros2_ws/install/bumperbot_localisation:/home/unknown/ros2_ws/install/bumperbot_firmware:/home/unknown/ros2_ws/install/bumperbot_controller:/home/unknown/ROS2_Workspaces/bumperbot_ws/install/my_robot_controller:/home/unknown/ROS2_Workspaces/bumperbot_ws/install/bumper_bot_py:/home/unknown/bumperbot_ws/install/my_robot_controller:/home/unknown/bumperbot_ws/install/bumper_bot_py:/home/unknown/ros2_ws/install/my_robot_controller:/home/unknown/ros2_ws/install/bumper_bot_py:/opt/ros/humble /usr/bin/cmake --build /home/unknown/ROS2_Workspaces/bumperbot_ws/build/bumper_bot -- -j8 -l8
[0.824s] Invoking command in '/home/unknown/ROS2_Workspaces/bumperbot_ws/build/bumper_bot': CMAKE_PREFIX_PATH=/home/unknown/ROS2_Workspaces/bumperbot_ws/install/ign_ros2_control:/home/unknown/ROS2_Workspaces/bumperbot_ws/install/gz_ros2_control:/home/unknown/ROS2_Workspaces/bumperbot_ws/install/ign_ros2_control_demos:/home/unknown/ROS2_Workspaces/bumperbot_ws/install/bumper_bot:/home/unknown/ROS2_Workspaces/bumperbot_ws/install/gz_ros2_control_tests:/home/unknown/ROS2_Workspaces/bumperbot_ws/install/gz_ros2_control_demos:/home/unknown/ROS2_Workspaces/bumperbot_ws/install/cpp_folder:/home/unknown/ROS2_Workspaces/bumperbot_ws/install/bumperbot_utils:/home/unknown/ROS2_Workspaces/bumperbot_ws/install/bumperbot_msgs:/home/unknown/ROS2_Workspaces/bumperbot_ws/install/bumperbot_localisation:/home/unknown/ROS2_Workspaces/bumperbot_ws/install/bumperbot_firmware:/home/unknown/ROS2_Workspaces/bumperbot_ws/install/bumperbot_controller:/home/unknown/bumperbot_ws/install/ign_ros2_control_demos:/home/unknown/bumperbot_ws/install/bumper_bot:/home/unknown/bumperbot_ws/install/ign_ros2_control:/home/unknown/bumperbot_ws/install/gz_ros2_control_tests:/home/unknown/bumperbot_ws/install/gz_ros2_control_demos:/home/unknown/bumperbot_ws/install/gz_ros2_control:/home/unknown/bumperbot_ws/install/cpp_folder:/home/unknown/bumperbot_ws/install/bumperbot_utils:/home/unknown/bumperbot_ws/install/bumperbot_msgs:/home/unknown/bumperbot_ws/install/bumperbot_localisation:/home/unknown/bumperbot_ws/install/bumperbot_firmware:/home/unknown/bumperbot_ws/install/bumperbot_controller:/home/unknown/ros2_ws/install/rc_plane:/home/unknown/ros2_ws/install/ign_ros2_control_demos:/home/unknown/ros2_ws/install/bumper_bot:/home/unknown/ros2_ws/install/ign_ros2_control:/home/unknown/ros2_ws/install/gz_ros2_control_tests:/home/unknown/ros2_ws/install/gz_ros2_control_demos:/home/unknown/ros2_ws/install/gz_ros2_control:/home/unknown/ros2_ws/install/cpp_folder:/home/unknown/ros2_ws/install/bumperbot_utils:/home/unknown/ros2_ws/install/bumperbot_msgs:/home/unknown/ros2_ws/install/bumperbot_localisation:/home/unknown/ros2_ws/install/bumperbot_firmware:/home/unknown/ros2_ws/install/bumperbot_controller:/home/unknown/ROS2_Workspaces/bumperbot_ws/install/my_robot_controller:/home/unknown/ROS2_Workspaces/bumperbot_ws/install/bumper_bot_py:/home/unknown/bumperbot_ws/install/my_robot_controller:/home/unknown/bumperbot_ws/install/bumper_bot_py:/home/unknown/ros2_ws/install/my_robot_controller:/home/unknown/ros2_ws/install/bumper_bot_py:/opt/ros/humble /usr/bin/cmake --install /home/unknown/ROS2_Workspaces/bumperbot_ws/build/bumper_bot
[0.837s] -- Install configuration: ""
[0.837s] -- Installing: /home/unknown/ROS2_Workspaces/bumperbot_ws/install/bumper_bot/share/bumper_bot/meshes
[0.837s] -- Installing: /home/unknown/ROS2_Workspaces/bumperbot_ws/install/bumper_bot/share/bumper_bot/meshes/caster_rear_link.STL
[0.838s] -- Installing: /home/unknown/ROS2_Workspaces/bumperbot_ws/install/bumper_bot/share/bumper_bot/meshes/base_link.STL
[0.855s] -- Installing: /home/unknown/ROS2_Workspaces/bumperbot_ws/install/bumper_bot/share/bumper_bot/meshes/wheel_left_link.STL
[0.857s] -- Installing: /home/unknown/ROS2_Workspaces/bumperbot_ws/install/bumper_bot/share/bumper_bot/meshes/wheel_right_link.STL
[0.858s] -- Installing: /home/unknown/ROS2_Workspaces/bumperbot_ws/install/bumper_bot/share/bumper_bot/meshes/caster_front_link.STL
[0.859s] -- Installing: /home/unknown/ROS2_Workspaces/bumperbot_ws/install/bumper_bot/share/bumper_bot/meshes/can.STL
[0.859s] -- Installing: /home/unknown/ROS2_Workspaces/bumperbot_ws/install/bumper_bot/share/bumper_bot/meshes/imu_link.STL
[0.860s] -- Installing: /home/unknown/ROS2_Workspaces/bumperbot_ws/install/bumper_bot/share/bumper_bot/urdf
[0.860s] -- Installing: /home/unknown/ROS2_Workspaces/bumperbot_ws/install/bumper_bot/share/bumper_bot/urdf/bumperbot_materials.xacro
[0.861s] -- Installing: /home/unknown/ROS2_Workspaces/bumperbot_ws/install/bumper_bot/share/bumper_bot/urdf/bumperbot_gazebo.xacro
[0.862s] -- Installing: /home/unknown/ROS2_Workspaces/bumperbot_ws/install/bumper_bot/share/bumper_bot/urdf/bumperbot.urdf.xacro
[0.862s] -- Installing: /home/unknown/ROS2_Workspaces/bumperbot_ws/install/bumper_bot/share/bumper_bot/urdf/bumperbot_ros2_control.xacro
[0.862s] -- Installing: /home/unknown/ROS2_Workspaces/bumperbot_ws/install/bumper_bot/share/bumper_bot/launch
[0.862s] -- Installing: /home/unknown/ROS2_Workspaces/bumperbot_ws/install/bumper_bot/share/bumper_bot/launch/controlling_with_controller.launch.py
[0.863s] -- Installing: /home/unknown/ROS2_Workspaces/bumperbot_ws/install/bumper_bot/share/bumper_bot/launch/gazebo_localisation.launch.py
[0.863s] -- Installing: /home/unknown/ROS2_Workspaces/bumperbot_ws/install/bumper_bot/share/bumper_bot/launch/gazebo.launch.py
[0.863s] -- Installing: /home/unknown/ROS2_Workspaces/bumperbot_ws/install/bumper_bot/share/bumper_bot/launch/launching_rivz.launch.py
[0.864s] -- Installing: /home/unknown/ROS2_Workspaces/bumperbot_ws/install/bumper_bot/share/bumper_bot/launch/rviz_no_joint_gui.launch.py
[0.864s] -- Installing: /home/unknown/ROS2_Workspaces/bumperbot_ws/install/bumper_bot/share/bumper_bot/rviz
[0.864s] -- Installing: /home/unknown/ROS2_Workspaces/bumperbot_ws/install/bumper_bot/share/bumper_bot/rviz/display2.rviz
[0.866s] -- Installing: /home/unknown/ROS2_Workspaces/bumperbot_ws/install/bumper_bot/share/bumper_bot/rviz/display.rviz
[0.866s] -- Installing: /home/unknown/ROS2_Workspaces/bumperbot_ws/install/bumper_bot/share/bumper_bot/worlds
[0.866s] -- Installing: /home/unknown/ROS2_Workspaces/bumperbot_ws/install/bumper_bot/share/bumper_bot/worlds/empty.world
[0.866s] -- Installing: /home/unknown/ROS2_Workspaces/bumperbot_ws/install/bumper_bot/share/bumper_bot/worlds/small_warehouse.world
[0.866s] -- Installing: /home/unknown/ROS2_Workspaces/bumperbot_ws/install/bumper_bot/share/bumper_bot/worlds/small_house.world
[0.866s] -- Installing: /home/unknown/ROS2_Workspaces/bumperbot_ws/install/bumper_bot/share/bumper_bot/models
[0.866s] -- Installing: /home/unknown/ROS2_Workspaces/bumperbot_ws/install/bumper_bot/share/bumper_bot/models/aws_robomaker_residential_Tablet_01
[0.866s] -- Installing: /home/unknown/ROS2_Workspaces/bumperbot_ws/install/bumper_bot/share/bumper_bot/models/aws_robomaker_residential_Tablet_01/model.sdf
[0.867s] -- Installing: /home/unknown/ROS2_Workspaces/bumperbot_ws/install/bumper_bot/share/bumper_bot/models/aws_robomaker_residential_Tablet_01/materials
[0.867s] -- Installing: /home/unknown/ROS2_Workspaces/bumperbot_ws/install/bumper_bot/share/bumper_bot/models/aws_robomaker_residential_Tablet_01/materials/textures
[0.867s] -- Installing: /home/unknown/ROS2_Workspaces/bumperbot_ws/install/bumper_bot/share/bumper_bot/models/aws_robomaker_residential_Tablet_01/materials/textures/aws_Tablet_01_nologo.png
[0.867s] -- Installing: /home/unknown/ROS2_Workspaces/bumperbot_ws/install/bumper_bot/share/bumper_bot/models/aws_robomaker_residential_Tablet_01/model.config
[0.869s] -- Installing: /home/unknown/ROS2_Workspaces/bumperbot_ws/install/bumper_bot/share/bumper_bot/models/aws_robomaker_residential_Tablet_01/meshes
[0.869s] -- Installing: /home/unknown/ROS2_Workspaces/bumperbot_ws/install/bumper_bot/share/bumper_bot/models/aws_robomaker_residential_Tablet_01/meshes/aws_Tablet_01_visual.DAE
[0.869s] -- Installing: /home/unknown/ROS2_Workspaces/bumperbot_ws/install/bumper_bot/share/bumper_bot/models/aws_robomaker_residential_Tablet_01/meshes/aws_Tablet_01_collision.DAE
[0.869s] -- Installing: /home/unknown/ROS2_Workspaces/bumperbot_ws/install/bumper_bot/share/bumper_bot/models/aws_robomaker_warehouse_TrashCanC_01
[0.869s] -- Installing: /home/unknown/ROS2_Workspaces/bumperbot_ws/install/bumper_bot/share/bumper_bot/models/aws_robomaker_warehouse_TrashCanC_01/model.sdf
[0.869s] -- Installing: /home/unknown/ROS2_Workspaces/bumperbot_ws/install/bumper_bot/share/bumper_bot/models/aws_robomaker_warehouse_TrashCanC_01/materials
[0.869s] -- Installing: /home/unknown/ROS2_Workspaces/bumperbot_ws/install/bumper_bot/share/bumper_bot/models/aws_robomaker_warehouse_TrashCanC_01/materials/textures
[0.870s] -- Installing: /home/unknown/ROS2_Workspaces/bumperbot_ws/install/bumper_bot/share/bumper_bot/models/aws_robomaker_warehouse_TrashCanC_01/materials/textures/aws_robomaker_warehouse_TrashCanC_01.png
[0.870s] -- Installing: /home/unknown/ROS2_Workspaces/bumperbot_ws/install/bumper_bot/share/bumper_bot/models/aws_robomaker_warehouse_TrashCanC_01/model.config
[0.870s] -- Installing: /home/unknown/ROS2_Workspaces/bumperbot_ws/install/bumper_bot/share/bumper_bot/models/aws_robomaker_warehouse_TrashCanC_01/meshes
[0.872s] -- Installing: /home/unknown/ROS2_Workspaces/bumperbot_ws/install/bumper_bot/share/bumper_bot/models/aws_robomaker_warehouse_TrashCanC_01/meshes/aws_robomaker_warehouse_TrashCanC_01_visual.DAE
[0.873s] -- Installing: /home/unknown/ROS2_Workspaces/bumperbot_ws/install/bumper_bot/share/bumper_bot/models/aws_robomaker_warehouse_TrashCanC_01/meshes/aws_robomaker_warehouse_TrashCanC_01_collision.DAE
[0.873s] -- Installing: /home/unknown/ROS2_Workspaces/bumperbot_ws/install/bumper_bot/share/bumper_bot/models/aws_robomaker_residential_PortraitD_01
[0.873s] -- Installing: /home/unknown/ROS2_Workspaces/bumperbot_ws/install/bumper_bot/share/bumper_bot/models/aws_robomaker_residential_PortraitD_01/model.sdf
[0.873s] -- Installing: /home/unknown/ROS2_Workspaces/bumperbot_ws/install/bumper_bot/share/bumper_bot/models/aws_robomaker_residential_PortraitD_01/materials
[0.873s] -- Installing: /home/unknown/ROS2_Workspaces/bumperbot_ws/install/bumper_bot/share/bumper_bot/models/aws_robomaker_residential_PortraitD_01/materials/textures
[0.873s] -- Installing: /home/unknown/ROS2_Workspaces/bumperbot_ws/install/bumper_bot/share/bumper_bot/models/aws_robomaker_residential_PortraitD_01/materials/textures/aws_PortraitD_01.png
[0.873s] -- Installing: /home/unknown/ROS2_Workspaces/bumperbot_ws/install/bumper_bot/share/bumper_bot/models/aws_robomaker_residential_PortraitD_01/materials/textures/aws_PortraitD_02.png
[0.874s] -- Installing: /home/unknown/ROS2_Workspaces/bumperbot_ws/install/bumper_bot/share/bumper_bot/models/aws_robomaker_residential_PortraitD_01/model.config
[0.874s] -- Installing: /home/unknown/ROS2_Workspaces/bumperbot_ws/install/bumper_bot/share/bumper_bot/models/aws_robomaker_residential_PortraitD_01/meshes
[0.875s] -- Installing: /home/unknown/ROS2_Workspaces/bumperbot_ws/install/bumper_bot/share/bumper_bot/models/aws_robomaker_residential_PortraitD_01/meshes/aws_PortraitD_01_visual.DAE
[0.875s] -- Installing: /home/unknown/ROS2_Workspaces/bumperbot_ws/install/bumper_bot/share/bumper_bot/models/aws_robomaker_residential_PortraitD_01/meshes/aws_PortraitD_01_collision.DAE
[0.876s] -- Installing: /home/unknown/ROS2_Workspaces/bumperbot_ws/install/bumper_bot/share/bumper_bot/models/aws_robomaker_residential_SeasoningBox_01
[0.877s] -- Installing: /home/unknown/ROS2_Workspaces/bumperbot_ws/install/bumper_bot/share/bumper_bot/models/aws_robomaker_residential_SeasoningBox_01/model.sdf
[0.877s] -- Installing: /home/unknown/ROS2_Workspaces/bumperbot_ws/install/bumper_bot/share/bumper_bot/models/aws_robomaker_residential_SeasoningBox_01/materials
[0.877s] -- Installing: /home/unknown/ROS2_Workspaces/bumperbot_ws/install/bumper_bot/share/bumper_bot/models/aws_robomaker_residential_SeasoningBox_01/materials/textures
[0.877s] -- Installing: /home/unknown/ROS2_Workspaces/bumperbot_ws/install/bumper_bot/share/bumper_bot/models/aws_robomaker_residential_SeasoningBox_01/materials/textures/aws_SeasoningBox_01.png
[0.877s] -- Installing: /home/unknown/ROS2_Workspaces/bumperbot_ws/install/bumper_bot/share/bumper_bot/models/aws_robomaker_residential_SeasoningBox_01/model.config
[0.877s] -- Installing: /home/unknown/ROS2_Workspaces/bumperbot_ws/install/bumper_bot/share/bumper_bot/models/aws_robomaker_residential_SeasoningBox_01/meshes
[0.877s] -- Installing: /home/unknown/ROS2_Workspaces/bumperbot_ws/install/bumper_bot/share/bumper_bot/models/aws_robomaker_residential_SeasoningBox_01/meshes/aws_SeasoningBox_01_visual.DAE
[0.883s] -- Installing: /home/unknown/ROS2_Workspaces/bumperbot_ws/install/bumper_bot/share/bumper_bot/models/aws_robomaker_residential_SeasoningBox_01/meshes/aws_SeasoningBox_01_collision.DAE
[0.884s] -- Installing: /home/unknown/ROS2_Workspaces/bumperbot_ws/install/bumper_bot/share/bumper_bot/models/aws_robomaker_warehouse_RoofB_01
[0.884s] -- Installing: /home/unknown/ROS2_Workspaces/bumperbot_ws/install/bumper_bot/share/bumper_bot/models/aws_robomaker_warehouse_RoofB_01/model.sdf
[0.884s] -- Installing: /home/unknown/ROS2_Workspaces/bumperbot_ws/install/bumper_bot/share/bumper_bot/models/aws_robomaker_warehouse_RoofB_01/materials
[0.884s] -- Installing: /home/unknown/ROS2_Workspaces/bumperbot_ws/install/bumper_bot/share/bumper_bot/models/aws_robomaker_warehouse_RoofB_01/materials/textures
[0.884s] -- Installing: /home/unknown/ROS2_Workspaces/bumperbot_ws/install/bumper_bot/share/bumper_bot/models/aws_robomaker_warehouse_RoofB_01/materials/textures/aws_robomaker_warehouse_RoofB_01.png
[0.884s] -- Installing: /home/unknown/ROS2_Workspaces/bumperbot_ws/install/bumper_bot/share/bumper_bot/models/aws_robomaker_warehouse_RoofB_01/model.config
[0.884s] -- Installing: /home/unknown/ROS2_Workspaces/bumperbot_ws/install/bumper_bot/share/bumper_bot/models/aws_robomaker_warehouse_RoofB_01/meshes
[0.884s] -- Installing: /home/unknown/ROS2_Workspaces/bumperbot_ws/install/bumper_bot/share/bumper_bot/models/aws_robomaker_warehouse_RoofB_01/meshes/aws_robomaker_warehouse_RoofB_01_visual.DAE
[0.885s] -- Installing: /home/unknown/ROS2_Workspaces/bumperbot_ws/install/bumper_bot/share/bumper_bot/models/aws_robomaker_warehouse_RoofB_01/meshes/aws_robomaker_warehouse_RoofB_01_collision.DAE
[0.885s] -- Installing: /home/unknown/ROS2_Workspaces/bumperbot_ws/install/bumper_bot/share/bumper_bot/models/aws_robomaker_residential_Carpet_01
[0.885s] -- Installing: /home/unknown/ROS2_Workspaces/bumperbot_ws/install/bumper_bot/share/bumper_bot/models/aws_robomaker_residential_Carpet_01/model.sdf
[0.885s] -- Installing: /home/unknown/ROS2_Workspaces/bumperbot_ws/install/bumper_bot/share/bumper_bot/models/aws_robomaker_residential_Carpet_01/materials
[0.885s] -- Installing: /home/unknown/ROS2_Workspaces/bumperbot_ws/install/bumper_bot/share/bumper_bot/models/aws_robomaker_residential_Carpet_01/materials/textures
[0.885s] -- Installing: /home/unknown/ROS2_Workspaces/bumperbot_ws/install/bumper_bot/share/bumper_bot/models/aws_robomaker_residential_Carpet_01/materials/textures/aws_Carpet_01.png
[0.892s] -- Installing: /home/unknown/ROS2_Workspaces/bumperbot_ws/install/bumper_bot/share/bumper_bot/models/aws_robomaker_residential_Carpet_01/model.config
[0.892s] -- Installing: /home/unknown/ROS2_Workspaces/bumperbot_ws/install/bumper_bot/share/bumper_bot/models/aws_robomaker_residential_Carpet_01/meshes
[0.895s] -- Installing: /home/unknown/ROS2_Workspaces/bumperbot_ws/install/bumper_bot/share/bumper_bot/models/aws_robomaker_residential_Carpet_01/meshes/aws_Carpet_01_collision.DAE
[0.896s] -- Installing: /home/unknown/ROS2_Workspaces/bumperbot_ws/install/bumper_bot/share/bumper_bot/models/aws_robomaker_residential_Carpet_01/meshes/aws_Carpet_01_visual.DAE
[0.896s] -- Installing: /home/unknown/ROS2_Workspaces/bumperbot_ws/install/bumper_bot/share/bumper_bot/models/aws_robomaker_residential_LightC_01
[0.896s] -- Installing: /home/unknown/ROS2_Workspaces/bumperbot_ws/install/bumper_bot/share/bumper_bot/models/aws_robomaker_residential_LightC_01/model.sdf
[0.896s] -- Installing: /home/unknown/ROS2_Workspaces/bumperbot_ws/install/bumper_bot/share/bumper_bot/models/aws_robomaker_residential_LightC_01/materials
[0.896s] -- Installing: /home/unknown/ROS2_Workspaces/bumperbot_ws/install/bumper_bot/share/bumper_bot/models/aws_robomaker_residential_LightC_01/materials/textures
[0.896s] -- Installing: /home/unknown/ROS2_Workspaces/bumperbot_ws/install/bumper_bot/share/bumper_bot/models/aws_robomaker_residential_LightC_01/materials/textures/aws_LightC_01.png
[0.897s] -- Installing: /home/unknown/ROS2_Workspaces/bumperbot_ws/install/bumper_bot/share/bumper_bot/models/aws_robomaker_residential_LightC_01/model.config
[0.897s] -- Installing: /home/unknown/ROS2_Workspaces/bumperbot_ws/install/bumper_bot/share/bumper_bot/models/aws_robomaker_residential_LightC_01/meshes
[0.897s] -- Installing: /home/unknown/ROS2_Workspaces/bumperbot_ws/install/bumper_bot/share/bumper_bot/models/aws_robomaker_residential_LightC_01/meshes/aws_LightC_01_collision.DAE
[0.897s] -- Installing: /home/unknown/ROS2_Workspaces/bumperbot_ws/install/bumper_bot/share/bumper_bot/models/aws_robomaker_residential_LightC_01/meshes/aws_LightC_01_visual.DAE
[0.897s] -- Installing: /home/unknown/ROS2_Workspaces/bumperbot_ws/install/bumper_bot/share/bumper_bot/models/aws_robomaker_residential_Rangehood_01
[0.897s] -- Installing: /home/unknown/ROS2_Workspaces/bumperbot_ws/install/bumper_bot/share/bumper_bot/models/aws_robomaker_residential_Rangehood_01/model.sdf
[0.897s] -- Installing: /home/unknown/ROS2_Workspaces/bumperbot_ws/install/bumper_bot/share/bumper_bot/models/aws_robomaker_residential_Rangehood_01/materials
[0.898s] -- Installing: /home/unknown/ROS2_Workspaces/bumperbot_ws/install/bumper_bot/share/bumper_bot/models/aws_robomaker_residential_Rangehood_01/materials/textures
[0.898s] -- Installing: /home/unknown/ROS2_Workspaces/bumperbot_ws/install/bumper_bot/share/bumper_bot/models/aws_robomaker_residential_Rangehood_01/materials/textures/aws_Rangehood_01.png
[0.898s] -- Installing: /home/unknown/ROS2_Workspaces/bumperbot_ws/install/bumper_bot/share/bumper_bot/models/aws_robomaker_residential_Rangehood_01/model.config
[0.898s] -- Installing: /home/unknown/ROS2_Workspaces/bumperbot_ws/install/bumper_bot/share/bumper_bot/models/aws_robomaker_residential_Rangehood_01/meshes
[0.898s] -- Installing: /home/unknown/ROS2_Workspaces/bumperbot_ws/install/bumper_bot/share/bumper_bot/models/aws_robomaker_residential_Rangehood_01/meshes/aws_Rangehood_01_visual.DAE
[0.898s] -- Installing: /home/unknown/ROS2_Workspaces/bumperbot_ws/install/bumper_bot/share/bumper_bot/models/aws_robomaker_residential_Rangehood_01/meshes/aws_Rangehood_01_collision.DAE
[0.898s] -- Installing: /home/unknown/ROS2_Workspaces/bumperbot_ws/install/bumper_bot/share/bumper_bot/models/aws_robomaker_residential_ChairA_01
[0.898s] -- Installing: /home/unknown/ROS2_Workspaces/bumperbot_ws/install/bumper_bot/share/bumper_bot/models/aws_robomaker_residential_ChairA_01/model.sdf
[0.898s] -- Installing: /home/unknown/ROS2_Workspaces/bumperbot_ws/install/bumper_bot/share/bumper_bot/models/aws_robomaker_residential_ChairA_01/materials
[0.901s] -- Installing: /home/unknown/ROS2_Workspaces/bumperbot_ws/install/bumper_bot/share/bumper_bot/models/aws_robomaker_residential_ChairA_01/materials/textures
[0.902s] -- Installing: /home/unknown/ROS2_Workspaces/bumperbot_ws/install/bumper_bot/share/bumper_bot/models/aws_robomaker_residential_ChairA_01/materials/textures/aws_ChairA_01.png
[0.902s] -- Installing: /home/unknown/ROS2_Workspaces/bumperbot_ws/install/bumper_bot/share/bumper_bot/models/aws_robomaker_residential_ChairA_01/model.config
[0.902s] -- Installing: /home/unknown/ROS2_Workspaces/bumperbot_ws/install/bumper_bot/share/bumper_bot/models/aws_robomaker_residential_ChairA_01/meshes
[0.902s] -- Installing: /home/unknown/ROS2_Workspaces/bumperbot_ws/install/bumper_bot/share/bumper_bot/models/aws_robomaker_residential_ChairA_01/meshes/aws_ChairA_01_visual.DAE
[0.902s] -- Installing: /home/unknown/ROS2_Workspaces/bumperbot_ws/install/bumper_bot/share/bumper_bot/models/aws_robomaker_residential_ChairA_01/meshes/aws_ChairA_01_collision.DAE
[0.902s] -- Installing: /home/unknown/ROS2_Workspaces/bumperbot_ws/install/bumper_bot/share/bumper_bot/models/aws_robomaker_residential_DeskPortraitB_01
[0.902s] -- Installing: /home/unknown/ROS2_Workspaces/bumperbot_ws/install/bumper_bot/share/bumper_bot/models/aws_robomaker_residential_DeskPortraitB_01/model.sdf
[0.903s] -- Installing: /home/unknown/ROS2_Workspaces/bumperbot_ws/install/bumper_bot/share/bumper_bot/models/aws_robomaker_residential_DeskPortraitB_01/materials
[0.903s] -- Installing: /home/unknown/ROS2_Workspaces/bumperbot_ws/install/bumper_bot/share/bumper_bot/models/aws_robomaker_residential_DeskPortraitB_01/materials/textures
[0.903s] -- Installing: /home/unknown/ROS2_Workspaces/bumperbot_ws/install/bumper_bot/share/bumper_bot/models/aws_robomaker_residential_DeskPortraitB_01/materials/textures/aws_DeskPortraitB_01.png
[0.903s] -- Installing: /home/unknown/ROS2_Workspaces/bumperbot_ws/install/bumper_bot/share/bumper_bot/models/aws_robomaker_residential_DeskPortraitB_01/materials/textures/aws_DeskPortraitB_02.png
[0.903s] -- Installing: /home/unknown/ROS2_Workspaces/bumperbot_ws/install/bumper_bot/share/bumper_bot/models/aws_robomaker_residential_DeskPortraitB_01/model.config
[0.903s] -- Installing: /home/unknown/ROS2_Workspaces/bumperbot_ws/install/bumper_bot/share/bumper_bot/models/aws_robomaker_residential_DeskPortraitB_01/meshes
[0.904s] -- Installing: /home/unknown/ROS2_Workspaces/bumperbot_ws/install/bumper_bot/share/bumper_bot/models/aws_robomaker_residential_DeskPortraitB_01/meshes/aws_DeskPortraitB_01_collision.DAE
[0.904s] -- Installing: /home/unknown/ROS2_Workspaces/bumperbot_ws/install/bumper_bot/share/bumper_bot/models/aws_robomaker_residential_DeskPortraitB_01/meshes/aws_DeskPortraitB_01_visual.DAE
[0.904s] -- Installing: /home/unknown/ROS2_Workspaces/bumperbot_ws/install/bumper_bot/share/bumper_bot/models/aws_robomaker_residential_KitchenTable_01
[0.904s] -- Installing: /home/unknown/ROS2_Workspaces/bumperbot_ws/install/bumper_bot/share/bumper_bot/models/aws_robomaker_residential_KitchenTable_01/model.sdf
[0.904s] -- Installing: /home/unknown/ROS2_Workspaces/bumperbot_ws/install/bumper_bot/share/bumper_bot/models/aws_robomaker_residential_KitchenTable_01/materials
[0.905s] -- Installing: /home/unknown/ROS2_Workspaces/bumperbot_ws/install/bumper_bot/share/bumper_bot/models/aws_robomaker_residential_KitchenTable_01/materials/textures
[0.906s] -- Installing: /home/unknown/ROS2_Workspaces/bumperbot_ws/install/bumper_bot/share/bumper_bot/models/aws_robomaker_residential_KitchenTable_01/materials/textures/aws_KitchenTable_01.png
[0.906s] -- Installing: /home/unknown/ROS2_Workspaces/bumperbot_ws/install/bumper_bot/share/bumper_bot/models/aws_robomaker_residential_KitchenTable_01/model.config
[0.907s] -- Installing: /home/unknown/ROS2_Workspaces/bumperbot_ws/install/bumper_bot/share/bumper_bot/models/aws_robomaker_residential_KitchenTable_01/meshes
[0.907s] -- Installing: /home/unknown/ROS2_Workspaces/bumperbot_ws/install/bumper_bot/share/bumper_bot/models/aws_robomaker_residential_KitchenTable_01/meshes/aws_KitchenTable_01_collision.DAE
[0.908s] -- Installing: /home/unknown/ROS2_Workspaces/bumperbot_ws/install/bumper_bot/share/bumper_bot/models/aws_robomaker_residential_KitchenTable_01/meshes/aws_KitchenTable_01_visual.DAE
[0.908s] -- Installing: /home/unknown/ROS2_Workspaces/bumperbot_ws/install/bumper_bot/share/bumper_bot/models/aws_robomaker_residential_NightStand_01
[0.910s] -- Installing: /home/unknown/ROS2_Workspaces/bumperbot_ws/install/bumper_bot/share/bumper_bot/models/aws_robomaker_residential_NightStand_01/model.sdf
[0.910s] -- Installing: /home/unknown/ROS2_Workspaces/bumperbot_ws/install/bumper_bot/share/bumper_bot/models/aws_robomaker_residential_NightStand_01/materials
[0.910s] -- Installing: /home/unknown/ROS2_Workspaces/bumperbot_ws/install/bumper_bot/share/bumper_bot/models/aws_robomaker_residential_NightStand_01/materials/textures
[0.910s] -- Installing: /home/unknown/ROS2_Workspaces/bumperbot_ws/install/bumper_bot/share/bumper_bot/models/aws_robomaker_residential_NightStand_01/materials/textures/aws_NightStand_01.png
[0.910s] -- Installing: /home/unknown/ROS2_Workspaces/bumperbot_ws/install/bumper_bot/share/bumper_bot/models/aws_robomaker_residential_NightStand_01/model.config
[0.910s] -- Installing: /home/unknown/ROS2_Workspaces/bumperbot_ws/install/bumper_bot/share/bumper_bot/models/aws_robomaker_residential_NightStand_01/meshes
[0.910s] -- Installing: /home/unknown/ROS2_Workspaces/bumperbot_ws/install/bumper_bot/share/bumper_bot/models/aws_robomaker_residential_NightStand_01/meshes/aws_NightStand_01_collision.DAE
[0.910s] -- Installing: /home/unknown/ROS2_Workspaces/bumperbot_ws/install/bumper_bot/share/bumper_bot/models/aws_robomaker_residential_NightStand_01/meshes/aws_NightStand_01_visual.DAE
[0.911s] -- Installing: /home/unknown/ROS2_Workspaces/bumperbot_ws/install/bumper_bot/share/bumper_bot/models/aws_robomaker_residential_DeskPortraitD_01
[0.911s] -- Installing: /home/unknown/ROS2_Workspaces/bumperbot_ws/install/bumper_bot/share/bumper_bot/models/aws_robomaker_residential_DeskPortraitD_01/model.sdf
[0.916s] -- Installing: /home/unknown/ROS2_Workspaces/bumperbot_ws/install/bumper_bot/share/bumper_bot/models/aws_robomaker_residential_DeskPortraitD_01/materials
[0.917s] -- Installing: /home/unknown/ROS2_Workspaces/bumperbot_ws/install/bumper_bot/share/bumper_bot/models/aws_robomaker_residential_DeskPortraitD_01/materials/textures
[0.917s] -- Installing: /home/unknown/ROS2_Workspaces/bumperbot_ws/install/bumper_bot/share/bumper_bot/models/aws_robomaker_residential_DeskPortraitD_01/materials/textures/aws_DeskPortraitD_02.png
[0.917s] -- Installing: /home/unknown/ROS2_Workspaces/bumperbot_ws/install/bumper_bot/share/bumper_bot/models/aws_robomaker_residential_DeskPortraitD_01/materials/textures/aws_DeskPortraitD_01.png
[0.917s] -- Installing: /home/unknown/ROS2_Workspaces/bumperbot_ws/install/bumper_bot/share/bumper_bot/models/aws_robomaker_residential_DeskPortraitD_01/model.config
[0.917s] -- Installing: /home/unknown/ROS2_Workspaces/bumperbot_ws/install/bumper_bot/share/bumper_bot/models/aws_robomaker_residential_DeskPortraitD_01/meshes
[0.917s] -- Installing: /home/unknown/ROS2_Workspaces/bumperbot_ws/install/bumper_bot/share/bumper_bot/models/aws_robomaker_residential_DeskPortraitD_01/meshes/aws_DeskPortraitD_01_collision.DAE
[0.917s] -- Installing: /home/unknown/ROS2_Workspaces/bumperbot_ws/install/bumper_bot/share/bumper_bot/models/aws_robomaker_residential_DeskPortraitD_01/meshes/aws_DeskPortraitD_01_visual.DAE
[0.917s] -- Installing: /home/unknown/ROS2_Workspaces/bumperbot_ws/install/bumper_bot/share/bumper_bot/models/aws_robomaker_residential_FoldingDoor_02
[0.918s] -- Installing: /home/unknown/ROS2_Workspaces/bumperbot_ws/install/bumper_bot/share/bumper_bot/models/aws_robomaker_residential_FoldingDoor_02/model.sdf
[0.918s] -- Installing: /home/unknown/ROS2_Workspaces/bumperbot_ws/install/bumper_bot/share/bumper_bot/models/aws_robomaker_residential_FoldingDoor_02/materials
[0.918s] -- Installing: /home/unknown/ROS2_Workspaces/bumperbot_ws/install/bumper_bot/share/bumper_bot/models/aws_robomaker_residential_FoldingDoor_02/materials/textures
[0.918s] -- Installing: /home/unknown/ROS2_Workspaces/bumperbot_ws/install/bumper_bot/share/bumper_bot/models/aws_robomaker_residential_FoldingDoor_02/materials/textures/aws_FoldingDoor_02.png
[0.918s] -- Installing: /home/unknown/ROS2_Workspaces/bumperbot_ws/install/bumper_bot/share/bumper_bot/models/aws_robomaker_residential_FoldingDoor_02/model.config
[0.918s] -- Installing: /home/unknown/ROS2_Workspaces/bumperbot_ws/install/bumper_bot/share/bumper_bot/models/aws_robomaker_residential_FoldingDoor_02/meshes
[0.918s] -- Installing: /home/unknown/ROS2_Workspaces/bumperbot_ws/install/bumper_bot/share/bumper_bot/models/aws_robomaker_residential_FoldingDoor_02/meshes/aws_FoldingDoor_02_visual.DAE
[0.919s] -- Installing: /home/unknown/ROS2_Workspaces/bumperbot_ws/install/bumper_bot/share/bumper_bot/models/aws_robomaker_residential_FoldingDoor_02/meshes/aws_FoldingDoor_02_collision.DAE
[0.919s] -- Installing: /home/unknown/ROS2_Workspaces/bumperbot_ws/install/bumper_bot/share/bumper_bot/models/aws_robomaker_residential_DeskPortraitC_02
[0.919s] -- Installing: /home/unknown/ROS2_Workspaces/bumperbot_ws/install/bumper_bot/share/bumper_bot/models/aws_robomaker_residential_DeskPortraitC_02/model.sdf
[0.919s] -- Installing: /home/unknown/ROS2_Workspaces/bumperbot_ws/install/bumper_bot/share/bumper_bot/models/aws_robomaker_residential_DeskPortraitC_02/materials
[0.919s] -- Installing: /home/unknown/ROS2_Workspaces/bumperbot_ws/install/bumper_bot/share/bumper_bot/models/aws_robomaker_residential_DeskPortraitC_02/materials/textures
[0.919s] -- Installing: /home/unknown/ROS2_Workspaces/bumperbot_ws/install/bumper_bot/share/bumper_bot/models/aws_robomaker_residential_DeskPortraitC_02/materials/textures/aws_DeskPortraitC_02.png
[0.919s] -- Installing: /home/unknown/ROS2_Workspaces/bumperbot_ws/install/bumper_bot/share/bumper_bot/models/aws_robomaker_residential_DeskPortraitC_02/materials/textures/aws_DeskPortraitC_01.png
[0.920s] -- Installing: /home/unknown/ROS2_Workspaces/bumperbot_ws/install/bumper_bot/share/bumper_bot/models/aws_robomaker_residential_DeskPortraitC_02/model.config
[0.920s] -- Installing: /home/unknown/ROS2_Workspaces/bumperbot_ws/install/bumper_bot/share/bumper_bot/models/aws_robomaker_residential_DeskPortraitC_02/meshes
[0.920s] -- Installing: /home/unknown/ROS2_Workspaces/bumperbot_ws/install/bumper_bot/share/bumper_bot/models/aws_robomaker_residential_DeskPortraitC_02/meshes/aws_DeskPortraitC_01_collision.DAE
[0.920s] -- Installing: /home/unknown/ROS2_Workspaces/bumperbot_ws/install/bumper_bot/share/bumper_bot/models/aws_robomaker_residential_DeskPortraitC_02/meshes/aws_DeskPortraitC_01_visual.DAE
[0.920s] -- Installing: /home/unknown/ROS2_Workspaces/bumperbot_ws/install/bumper_bot/share/bumper_bot/models/aws_robomaker_residential_FoldingDoor_01
[0.923s] -- Installing: /home/unknown/ROS2_Workspaces/bumperbot_ws/install/bumper_bot/share/bumper_bot/models/aws_robomaker_residential_FoldingDoor_01/model.sdf
[0.924s] -- Installing: /home/unknown/ROS2_Workspaces/bumperbot_ws/install/bumper_bot/share/bumper_bot/models/aws_robomaker_residential_FoldingDoor_01/materials
[0.924s] -- Installing: /home/unknown/ROS2_Workspaces/bumperbot_ws/install/bumper_bot/share/bumper_bot/models/aws_robomaker_residential_FoldingDoor_01/materials/textures
[0.924s] -- Installing: /home/unknown/ROS2_Workspaces/bumperbot_ws/install/bumper_bot/share/bumper_bot/models/aws_robomaker_residential_FoldingDoor_01/materials/textures/aws_FoldingDoor_01.png
[0.924s] -- Installing: /home/unknown/ROS2_Workspaces/bumperbot_ws/install/bumper_bot/share/bumper_bot/models/aws_robomaker_residential_FoldingDoor_01/model.config
[0.924s] -- Installing: /home/unknown/ROS2_Workspaces/bumperbot_ws/install/bumper_bot/share/bumper_bot/models/aws_robomaker_residential_FoldingDoor_01/meshes
[0.924s] -- Installing: /home/unknown/ROS2_Workspaces/bumperbot_ws/install/bumper_bot/share/bumper_bot/models/aws_robomaker_residential_FoldingDoor_01/meshes/aws_FoldingDoor_01_collision.DAE
[0.925s] -- Installing: /home/unknown/ROS2_Workspaces/bumperbot_ws/install/bumper_bot/share/bumper_bot/models/aws_robomaker_residential_FoldingDoor_01/meshes/aws_FoldingDoor_01_visual.DAE
[0.925s] -- Installing: /home/unknown/ROS2_Workspaces/bumperbot_ws/install/bumper_bot/share/bumper_bot/models/aws_robomaker_residential_Dumbbell_01
[0.925s] -- Installing: /home/unknown/ROS2_Workspaces/bumperbot_ws/install/bumper_bot/share/bumper_bot/models/aws_robomaker_residential_Dumbbell_01/model.sdf
[0.925s] -- Installing: /home/unknown/ROS2_Workspaces/bumperbot_ws/install/bumper_bot/share/bumper_bot/models/aws_robomaker_residential_Dumbbell_01/materials
[0.925s] -- Installing: /home/unknown/ROS2_Workspaces/bumperbot_ws/install/bumper_bot/share/bumper_bot/models/aws_robomaker_residential_Dumbbell_01/materials/textures
[0.925s] -- Installing: /home/unknown/ROS2_Workspaces/bumperbot_ws/install/bumper_bot/share/bumper_bot/models/aws_robomaker_residential_Dumbbell_01/materials/textures/aws_Dumbbell_01.png
[0.926s] -- Installing: /home/unknown/ROS2_Workspaces/bumperbot_ws/install/bumper_bot/share/bumper_bot/models/aws_robomaker_residential_Dumbbell_01/model.config
[0.926s] -- Installing: /home/unknown/ROS2_Workspaces/bumperbot_ws/install/bumper_bot/share/bumper_bot/models/aws_robomaker_residential_Dumbbell_01/meshes
[0.926s] -- Installing: /home/unknown/ROS2_Workspaces/bumperbot_ws/install/bumper_bot/share/bumper_bot/models/aws_robomaker_residential_Dumbbell_01/meshes/aws_Dumbbell_01_collision.DAE
[0.926s] -- Installing: /home/unknown/ROS2_Workspaces/bumperbot_ws/install/bumper_bot/share/bumper_bot/models/aws_robomaker_residential_Dumbbell_01/meshes/aws_Dumbbell_01_visual.DAE
[0.926s] -- Installing: /home/unknown/ROS2_Workspaces/bumperbot_ws/install/bumper_bot/share/bumper_bot/models/aws_robomaker_warehouse_ShelfD_01
[0.926s] -- Installing: /home/unknown/ROS2_Workspaces/bumperbot_ws/install/bumper_bot/share/bumper_bot/models/aws_robomaker_warehouse_ShelfD_01/model.sdf
[0.930s] -- Installing: /home/unknown/ROS2_Workspaces/bumperbot_ws/install/bumper_bot/share/bumper_bot/models/aws_robomaker_warehouse_ShelfD_01/materials
[0.930s] -- Installing: /home/unknown/ROS2_Workspaces/bumperbot_ws/install/bumper_bot/share/bumper_bot/models/aws_robomaker_warehouse_ShelfD_01/materials/textures
[0.930s] -- Installing: /home/unknown/ROS2_Workspaces/bumperbot_ws/install/bumper_bot/share/bumper_bot/models/aws_robomaker_warehouse_ShelfD_01/materials/textures/aws_robomaker_warehouse_ShelfD_02.png
[0.931s] -- Installing: /home/unknown/ROS2_Workspaces/bumperbot_ws/install/bumper_bot/share/bumper_bot/models/aws_robomaker_warehouse_ShelfD_01/materials/textures/aws_robomaker_warehouse_ShelfD_01.png
[0.931s] -- Installing: /home/unknown/ROS2_Workspaces/bumperbot_ws/install/bumper_bot/share/bumper_bot/models/aws_robomaker_warehouse_ShelfD_01/materials/textures/aws_robomaker_warehouse_ShelfD_04.png
[0.931s] -- Installing: /home/unknown/ROS2_Workspaces/bumperbot_ws/install/bumper_bot/share/bumper_bot/models/aws_robomaker_warehouse_ShelfD_01/materials/textures/aws_robomaker_warehouse_ShelfD_03.png
[0.931s] -- Installing: /home/unknown/ROS2_Workspaces/bumperbot_ws/install/bumper_bot/share/bumper_bot/models/aws_robomaker_warehouse_ShelfD_01/model.config
[0.931s] -- Installing: /home/unknown/ROS2_Workspaces/bumperbot_ws/install/bumper_bot/share/bumper_bot/models/aws_robomaker_warehouse_ShelfD_01/meshes
[0.932s] -- Installing: /home/unknown/ROS2_Workspaces/bumperbot_ws/install/bumper_bot/share/bumper_bot/models/aws_robomaker_warehouse_ShelfD_01/meshes/aws_robomaker_warehouse_ShelfD_01_collision.DAE
[0.932s] -- Installing: /home/unknown/ROS2_Workspaces/bumperbot_ws/install/bumper_bot/share/bumper_bot/models/aws_robomaker_warehouse_ShelfD_01/meshes/aws_robomaker_warehouse_ShelfD_01_visual.DAE
[0.933s] -- Installing: /home/unknown/ROS2_Workspaces/bumperbot_ws/install/bumper_bot/share/bumper_bot/models/aws_robomaker_warehouse_ShelfF_01
[0.933s] -- Installing: /home/unknown/ROS2_Workspaces/bumperbot_ws/install/bumper_bot/share/bumper_bot/models/aws_robomaker_warehouse_ShelfF_01/model.sdf
[0.933s] -- Installing: /home/unknown/ROS2_Workspaces/bumperbot_ws/install/bumper_bot/share/bumper_bot/models/aws_robomaker_warehouse_ShelfF_01/materials
[0.933s] -- Installing: /home/unknown/ROS2_Workspaces/bumperbot_ws/install/bumper_bot/share/bumper_bot/models/aws_robomaker_warehouse_ShelfF_01/materials/textures
[0.933s] -- Installing: /home/unknown/ROS2_Workspaces/bumperbot_ws/install/bumper_bot/share/bumper_bot/models/aws_robomaker_warehouse_ShelfF_01/materials/textures/aws_robomaker_warehouse_ShelfF_01.png
[0.933s] -- Installing: /home/unknown/ROS2_Workspaces/bumperbot_ws/install/bumper_bot/share/bumper_bot/models/aws_robomaker_warehouse_ShelfF_01/materials/textures/aws_robomaker_warehouse_ShelfF_03.png
[0.933s] -- Installing: /home/unknown/ROS2_Workspaces/bumperbot_ws/install/bumper_bot/share/bumper_bot/models/aws_robomaker_warehouse_ShelfF_01/materials/textures/aws_robomaker_warehouse_ShelfF_02.png
[0.934s] -- Installing: /home/unknown/ROS2_Workspaces/bumperbot_ws/install/bumper_bot/share/bumper_bot/models/aws_robomaker_warehouse_ShelfF_01/model.config
[0.934s] -- Installing: /home/unknown/ROS2_Workspaces/bumperbot_ws/install/bumper_bot/share/bumper_bot/models/aws_robomaker_warehouse_ShelfF_01/meshes
[0.935s] -- Installing: /home/unknown/ROS2_Workspaces/bumperbot_ws/install/bumper_bot/share/bumper_bot/models/aws_robomaker_warehouse_ShelfF_01/meshes/aws_robomaker_warehouse_ShelfF_01_collision.DAE
[0.935s] -- Installing: /home/unknown/ROS2_Workspaces/bumperbot_ws/install/bumper_bot/share/bumper_bot/models/aws_robomaker_warehouse_ShelfF_01/meshes/aws_robomaker_warehouse_ShelfF_01_visual.DAE
[0.935s] -- Installing: /home/unknown/ROS2_Workspaces/bumperbot_ws/install/bumper_bot/share/bumper_bot/models/aws_robomaker_residential_ShoeRack_01
[0.935s] -- Installing: /home/unknown/ROS2_Workspaces/bumperbot_ws/install/bumper_bot/share/bumper_bot/models/aws_robomaker_residential_ShoeRack_01/model.sdf
[0.935s] -- Installing: /home/unknown/ROS2_Workspaces/bumperbot_ws/install/bumper_bot/share/bumper_bot/models/aws_robomaker_residential_ShoeRack_01/materials
[0.935s] -- Installing: /home/unknown/ROS2_Workspaces/bumperbot_ws/install/bumper_bot/share/bumper_bot/models/aws_robomaker_residential_ShoeRack_01/materials/textures
[0.938s] -- Installing: /home/unknown/ROS2_Workspaces/bumperbot_ws/install/bumper_bot/share/bumper_bot/models/aws_robomaker_residential_ShoeRack_01/materials/textures/aws_ShoeRack_01.png
[0.939s] -- Installing: /home/unknown/ROS2_Workspaces/bumperbot_ws/install/bumper_bot/share/bumper_bot/models/aws_robomaker_residential_ShoeRack_01/model.config
[0.939s] -- Installing: /home/unknown/ROS2_Workspaces/bumperbot_ws/install/bumper_bot/share/bumper_bot/models/aws_robomaker_residential_ShoeRack_01/meshes
[0.939s] -- Installing: /home/unknown/ROS2_Workspaces/bumperbot_ws/install/bumper_bot/share/bumper_bot/models/aws_robomaker_residential_ShoeRack_01/meshes/aws_ShoeRack_01_visual.DAE
[0.939s] -- Installing: /home/unknown/ROS2_Workspaces/bumperbot_ws/install/bumper_bot/share/bumper_bot/models/aws_robomaker_residential_ShoeRack_01/meshes/aws_ShoeRack_01_collision.DAE
[0.939s] -- Installing: /home/unknown/ROS2_Workspaces/bumperbot_ws/install/bumper_bot/share/bumper_bot/models/aws_robomaker_residential_DeskPortraitB_02
[0.939s] -- Installing: /home/unknown/ROS2_Workspaces/bumperbot_ws/install/bumper_bot/share/bumper_bot/models/aws_robomaker_residential_DeskPortraitB_02/model.sdf
[0.940s] -- Installing: /home/unknown/ROS2_Workspaces/bumperbot_ws/install/bumper_bot/share/bumper_bot/models/aws_robomaker_residential_DeskPortraitB_02/materials
[0.940s] -- Installing: /home/unknown/ROS2_Workspaces/bumperbot_ws/install/bumper_bot/share/bumper_bot/models/aws_robomaker_residential_DeskPortraitB_02/materials/textures
[0.940s] -- Installing: /home/unknown/ROS2_Workspaces/bumperbot_ws/install/bumper_bot/share/bumper_bot/models/aws_robomaker_residential_DeskPortraitB_02/materials/textures/aws_DeskPortraitB_01.png
[0.940s] -- Installing: /home/unknown/ROS2_Workspaces/bumperbot_ws/install/bumper_bot/share/bumper_bot/models/aws_robomaker_residential_DeskPortraitB_02/materials/textures/aws_DeskPortraitB_02.png
[0.940s] -- Installing: /home/unknown/ROS2_Workspaces/bumperbot_ws/install/bumper_bot/share/bumper_bot/models/aws_robomaker_residential_DeskPortraitB_02/model.config
[0.940s] -- Installing: /home/unknown/ROS2_Workspaces/bumperbot_ws/install/bumper_bot/share/bumper_bot/models/aws_robomaker_residential_DeskPortraitB_02/meshes
[0.940s] -- Installing: /home/unknown/ROS2_Workspaces/bumperbot_ws/install/bumper_bot/share/bumper_bot/models/aws_robomaker_residential_DeskPortraitB_02/meshes/aws_DeskPortraitB_01_collision.DAE
[0.941s] -- Installing: /home/unknown/ROS2_Workspaces/bumperbot_ws/install/bumper_bot/share/bumper_bot/models/aws_robomaker_residential_DeskPortraitB_02/meshes/aws_DeskPortraitB_01_visual.DAE
[0.941s] -- Installing: /home/unknown/ROS2_Workspaces/bumperbot_ws/install/bumper_bot/share/bumper_bot/models/aws_robomaker_residential_CoffeeTable_01
[0.941s] -- Installing: /home/unknown/ROS2_Workspaces/bumperbot_ws/install/bumper_bot/share/bumper_bot/models/aws_robomaker_residential_CoffeeTable_01/model.sdf
[0.944s] -- Installing: /home/unknown/ROS2_Workspaces/bumperbot_ws/install/bumper_bot/share/bumper_bot/models/aws_robomaker_residential_CoffeeTable_01/materials
[0.945s] -- Installing: /home/unknown/ROS2_Workspaces/bumperbot_ws/install/bumper_bot/share/bumper_bot/models/aws_robomaker_residential_CoffeeTable_01/materials/textures
[0.945s] -- Installing: /home/unknown/ROS2_Workspaces/bumperbot_ws/install/bumper_bot/share/bumper_bot/models/aws_robomaker_residential_CoffeeTable_01/materials/textures/aws_CoffeeTable_01.png
[0.945s] -- Installing: /home/unknown/ROS2_Workspaces/bumperbot_ws/install/bumper_bot/share/bumper_bot/models/aws_robomaker_residential_CoffeeTable_01/model.config
[0.945s] -- Installing: /home/unknown/ROS2_Workspaces/bumperbot_ws/install/bumper_bot/share/bumper_bot/models/aws_robomaker_residential_CoffeeTable_01/meshes
[0.945s] -- Installing: /home/unknown/ROS2_Workspaces/bumperbot_ws/install/bumper_bot/share/bumper_bot/models/aws_robomaker_residential_CoffeeTable_01/meshes/aws_CoffeeTable_01_collision.DAE
[0.947s] -- Installing: /home/unknown/ROS2_Workspaces/bumperbot_ws/install/bumper_bot/share/bumper_bot/models/aws_robomaker_residential_CoffeeTable_01/meshes/aws_CoffeeTable_01_visual.DAE
[0.947s] -- Installing: /home/unknown/ROS2_Workspaces/bumperbot_ws/install/bumper_bot/share/bumper_bot/models/aws_robomaker_residential_RoomWindow_01
[0.947s] -- Installing: /home/unknown/ROS2_Workspaces/bumperbot_ws/install/bumper_bot/share/bumper_bot/models/aws_robomaker_residential_RoomWindow_01/model.sdf
[0.947s] -- Installing: /home/unknown/ROS2_Workspaces/bumperbot_ws/install/bumper_bot/share/bumper_bot/models/aws_robomaker_residential_RoomWindow_01/materials
[0.948s] -- Installing: /home/unknown/ROS2_Workspaces/bumperbot_ws/install/bumper_bot/share/bumper_bot/models/aws_robomaker_residential_RoomWindow_01/materials/textures
[0.948s] -- Installing: /home/unknown/ROS2_Workspaces/bumperbot_ws/install/bumper_bot/share/bumper_bot/models/aws_robomaker_residential_RoomWindow_01/materials/textures/aws_RoomWindow_01.png
[0.948s] -- Installing: /home/unknown/ROS2_Workspaces/bumperbot_ws/install/bumper_bot/share/bumper_bot/models/aws_robomaker_residential_RoomWindow_01/model.config
[0.948s] -- Installing: /home/unknown/ROS2_Workspaces/bumperbot_ws/install/bumper_bot/share/bumper_bot/models/aws_robomaker_residential_RoomWindow_01/meshes
[0.948s] -- Installing: /home/unknown/ROS2_Workspaces/bumperbot_ws/install/bumper_bot/share/bumper_bot/models/aws_robomaker_residential_RoomWindow_01/meshes/aws_RoomWindow_01_collision.DAE
[0.948s] -- Installing: /home/unknown/ROS2_Workspaces/bumperbot_ws/install/bumper_bot/share/bumper_bot/models/aws_robomaker_residential_RoomWindow_01/meshes/aws_RoomWindow_01_visual.DAE
[0.948s] -- Installing: /home/unknown/ROS2_Workspaces/bumperbot_ws/install/bumper_bot/share/bumper_bot/models/aws_robomaker_residential_PortraitC_01
[0.949s] -- Installing: /home/unknown/ROS2_Workspaces/bumperbot_ws/install/bumper_bot/share/bumper_bot/models/aws_robomaker_residential_PortraitC_01/model.sdf
[0.949s] -- Installing: /home/unknown/ROS2_Workspaces/bumperbot_ws/install/bumper_bot/share/bumper_bot/models/aws_robomaker_residential_PortraitC_01/materials
[0.949s] -- Installing: /home/unknown/ROS2_Workspaces/bumperbot_ws/install/bumper_bot/share/bumper_bot/models/aws_robomaker_residential_PortraitC_01/materials/textures
[0.949s] -- Installing: /home/unknown/ROS2_Workspaces/bumperbot_ws/install/bumper_bot/share/bumper_bot/models/aws_robomaker_residential_PortraitC_01/materials/textures/aws_PortraitC_02.png
[0.949s] -- Installing: /home/unknown/ROS2_Workspaces/bumperbot_ws/install/bumper_bot/share/bumper_bot/models/aws_robomaker_residential_PortraitC_01/materials/textures/aws_PortraitC_01.png
[0.949s] -- Installing: /home/unknown/ROS2_Workspaces/bumperbot_ws/install/bumper_bot/share/bumper_bot/models/aws_robomaker_residential_PortraitC_01/model.config
[0.953s] -- Installing: /home/unknown/ROS2_Workspaces/bumperbot_ws/install/bumper_bot/share/bumper_bot/models/aws_robomaker_residential_PortraitC_01/meshes
[0.953s] -- Installing: /home/unknown/ROS2_Workspaces/bumperbot_ws/install/bumper_bot/share/bumper_bot/models/aws_robomaker_residential_PortraitC_01/meshes/aws_PortraitC_01_collision.DAE
[0.953s] -- Installing: /home/unknown/ROS2_Workspaces/bumperbot_ws/install/bumper_bot/share/bumper_bot/models/aws_robomaker_residential_PortraitC_01/meshes/aws_PortraitC_01_visual.DAE
[0.953s] -- Installing: /home/unknown/ROS2_Workspaces/bumperbot_ws/install/bumper_bot/share/bumper_bot/models/aws_robomaker_residential_AirconditionerA_01
[0.953s] -- Installing: /home/unknown/ROS2_Workspaces/bumperbot_ws/install/bumper_bot/share/bumper_bot/models/aws_robomaker_residential_AirconditionerA_01/model.sdf
[0.953s] -- Installing: /home/unknown/ROS2_Workspaces/bumperbot_ws/install/bumper_bot/share/bumper_bot/models/aws_robomaker_residential_AirconditionerA_01/materials
[0.953s] -- Installing: /home/unknown/ROS2_Workspaces/bumperbot_ws/install/bumper_bot/share/bumper_bot/models/aws_robomaker_residential_AirconditionerA_01/materials/textures
[0.953s] -- Installing: /home/unknown/ROS2_Workspaces/bumperbot_ws/install/bumper_bot/share/bumper_bot/models/aws_robomaker_residential_AirconditionerA_01/materials/textures/aws_AirconditionerA_01.png
[0.954s] -- Installing: /home/unknown/ROS2_Workspaces/bumperbot_ws/install/bumper_bot/share/bumper_bot/models/aws_robomaker_residential_AirconditionerA_01/model.config
[0.954s] -- Installing: /home/unknown/ROS2_Workspaces/bumperbot_ws/install/bumper_bot/share/bumper_bot/models/aws_robomaker_residential_AirconditionerA_01/meshes
[0.954s] -- Installing: /home/unknown/ROS2_Workspaces/bumperbot_ws/install/bumper_bot/share/bumper_bot/models/aws_robomaker_residential_AirconditionerA_01/meshes/aws_AirconditionerA_01_visual.DAE
[0.954s] -- Installing: /home/unknown/ROS2_Workspaces/bumperbot_ws/install/bumper_bot/share/bumper_bot/models/aws_robomaker_residential_AirconditionerA_01/meshes/aws__Air conditioner_01.DAE
[0.954s] -- Installing: /home/unknown/ROS2_Workspaces/bumperbot_ws/install/bumper_bot/share/bumper_bot/models/aws_robomaker_residential_AirconditionerA_01/meshes/aws_AirconditionerA_01_collision.DAE
[0.954s] -- Installing: /home/unknown/ROS2_Workspaces/bumperbot_ws/install/bumper_bot/share/bumper_bot/models/aws_robomaker_residential_Chandelier_01
[0.954s] -- Installing: /home/unknown/ROS2_Workspaces/bumperbot_ws/install/bumper_bot/share/bumper_bot/models/aws_robomaker_residential_Chandelier_01/model.sdf
[0.955s] -- Installing: /home/unknown/ROS2_Workspaces/bumperbot_ws/install/bumper_bot/share/bumper_bot/models/aws_robomaker_residential_Chandelier_01/materials
[0.955s] -- Installing: /home/unknown/ROS2_Workspaces/bumperbot_ws/install/bumper_bot/share/bumper_bot/models/aws_robomaker_residential_Chandelier_01/materials/textures
[0.955s] -- Installing: /home/unknown/ROS2_Workspaces/bumperbot_ws/install/bumper_bot/share/bumper_bot/models/aws_robomaker_residential_Chandelier_01/materials/textures/aws_Chandelier_01.png
[0.955s] -- Installing: /home/unknown/ROS2_Workspaces/bumperbot_ws/install/bumper_bot/share/bumper_bot/models/aws_robomaker_residential_Chandelier_01/model.config
[0.955s] -- Installing: /home/unknown/ROS2_Workspaces/bumperbot_ws/install/bumper_bot/share/bumper_bot/models/aws_robomaker_residential_Chandelier_01/meshes
[0.955s] -- Installing: /home/unknown/ROS2_Workspaces/bumperbot_ws/install/bumper_bot/share/bumper_bot/models/aws_robomaker_residential_Chandelier_01/meshes/aws_Chandelier_01_collision.DAE
[0.955s] -- Installing: /home/unknown/ROS2_Workspaces/bumperbot_ws/install/bumper_bot/share/bumper_bot/models/aws_robomaker_residential_Chandelier_01/meshes/aws_Chandelier_01_visual.DAE
[0.959s] -- Installing: /home/unknown/ROS2_Workspaces/bumperbot_ws/install/bumper_bot/share/bumper_bot/models/aws_robomaker_residential_Chandelier_01/meshes/aws_Chandelier_01.DAE
[0.959s] -- Installing: /home/unknown/ROS2_Workspaces/bumperbot_ws/install/bumper_bot/share/bumper_bot/models/aws_robomaker_residential_Refrigerator_01
[0.959s] -- Installing: /home/unknown/ROS2_Workspaces/bumperbot_ws/install/bumper_bot/share/bumper_bot/models/aws_robomaker_residential_Refrigerator_01/model.sdf
[0.959s] -- Installing: /home/unknown/ROS2_Workspaces/bumperbot_ws/install/bumper_bot/share/bumper_bot/models/aws_robomaker_residential_Refrigerator_01/materials
[0.959s] -- Installing: /home/unknown/ROS2_Workspaces/bumperbot_ws/install/bumper_bot/share/bumper_bot/models/aws_robomaker_residential_Refrigerator_01/materials/textures
[0.959s] -- Installing: /home/unknown/ROS2_Workspaces/bumperbot_ws/install/bumper_bot/share/bumper_bot/models/aws_robomaker_residential_Refrigerator_01/materials/textures/aws_Refrigerator_01.png
[0.960s] -- Installing: /home/unknown/ROS2_Workspaces/bumperbot_ws/install/bumper_bot/share/bumper_bot/models/aws_robomaker_residential_Refrigerator_01/materials/textures/aws_Refrigerator_02.png
[0.960s] -- Installing: /home/unknown/ROS2_Workspaces/bumperbot_ws/install/bumper_bot/share/bumper_bot/models/aws_robomaker_residential_Refrigerator_01/model.config
[0.960s] -- Installing: /home/unknown/ROS2_Workspaces/bumperbot_ws/install/bumper_bot/share/bumper_bot/models/aws_robomaker_residential_Refrigerator_01/meshes
[0.960s] -- Installing: /home/unknown/ROS2_Workspaces/bumperbot_ws/install/bumper_bot/share/bumper_bot/models/aws_robomaker_residential_Refrigerator_01/meshes/aws_Refrigerator_01_collision.DAE
[0.960s] -- Installing: /home/unknown/ROS2_Workspaces/bumperbot_ws/install/bumper_bot/share/bumper_bot/models/aws_robomaker_residential_Refrigerator_01/meshes/aws_Refrigerator_01.DAE
[0.960s] -- Installing: /home/unknown/ROS2_Workspaces/bumperbot_ws/install/bumper_bot/share/bumper_bot/models/aws_robomaker_residential_Refrigerator_01/meshes/aws_Refrigerator_01_visual.DAE
[0.961s] -- Installing: /home/unknown/ROS2_Workspaces/bumperbot_ws/install/bumper_bot/share/bumper_bot/models/aws_robomaker_warehouse_Lamp_01
[0.961s] -- Installing: /home/unknown/ROS2_Workspaces/bumperbot_ws/install/bumper_bot/share/bumper_bot/models/aws_robomaker_warehouse_Lamp_01/model.sdf
[0.961s] -- Installing: /home/unknown/ROS2_Workspaces/bumperbot_ws/install/bumper_bot/share/bumper_bot/models/aws_robomaker_warehouse_Lamp_01/materials
[0.961s] -- Installing: /home/unknown/ROS2_Workspaces/bumperbot_ws/install/bumper_bot/share/bumper_bot/models/aws_robomaker_warehouse_Lamp_01/materials/textures
[0.961s] -- Installing: /home/unknown/ROS2_Workspaces/bumperbot_ws/install/bumper_bot/share/bumper_bot/models/aws_robomaker_warehouse_Lamp_01/materials/textures/aws_robomaker_warehouse_Lamp_01.png
[0.961s] -- Installing: /home/unknown/ROS2_Workspaces/bumperbot_ws/install/bumper_bot/share/bumper_bot/models/aws_robomaker_warehouse_Lamp_01/model.config
[0.964s] -- Installing: /home/unknown/ROS2_Workspaces/bumperbot_ws/install/bumper_bot/share/bumper_bot/models/aws_robomaker_warehouse_Lamp_01/meshes
[0.965s] -- Installing: /home/unknown/ROS2_Workspaces/bumperbot_ws/install/bumper_bot/share/bumper_bot/models/aws_robomaker_warehouse_Lamp_01/meshes/aws_robomaker_warehouse_Lamp_01_collision.DAE
[0.965s] -- Installing: /home/unknown/ROS2_Workspaces/bumperbot_ws/install/bumper_bot/share/bumper_bot/models/aws_robomaker_warehouse_Lamp_01/meshes/aws_robomaker_warehouse_Lamp_01_visual.DAE
[0.965s] -- Installing: /home/unknown/ROS2_Workspaces/bumperbot_ws/install/bumper_bot/share/bumper_bot/models/aws_robomaker_warehouse_ClutteringC_01
[0.965s] -- Installing: /home/unknown/ROS2_Workspaces/bumperbot_ws/install/bumper_bot/share/bumper_bot/models/aws_robomaker_warehouse_ClutteringC_01/model.sdf
[0.965s] -- Installing: /home/unknown/ROS2_Workspaces/bumperbot_ws/install/bumper_bot/share/bumper_bot/models/aws_robomaker_warehouse_ClutteringC_01/materials
[0.965s] -- Installing: /home/unknown/ROS2_Workspaces/bumperbot_ws/install/bumper_bot/share/bumper_bot/models/aws_robomaker_warehouse_ClutteringC_01/materials/textures
[0.966s] -- Installing: /home/unknown/ROS2_Workspaces/bumperbot_ws/install/bumper_bot/share/bumper_bot/models/aws_robomaker_warehouse_ClutteringC_01/materials/textures/aws_robomaker_warehouse_ClutteringC_01.png
[0.966s] -- Installing: /home/unknown/ROS2_Workspaces/bumperbot_ws/install/bumper_bot/share/bumper_bot/models/aws_robomaker_warehouse_ClutteringC_01/materials/textures/aws_robomaker_warehouse_ClutteringC_02.png
[0.966s] -- Installing: /home/unknown/ROS2_Workspaces/bumperbot_ws/install/bumper_bot/share/bumper_bot/models/aws_robomaker_warehouse_ClutteringC_01/model.config
[0.966s] -- Installing: /home/unknown/ROS2_Workspaces/bumperbot_ws/install/bumper_bot/share/bumper_bot/models/aws_robomaker_warehouse_ClutteringC_01/meshes
[0.966s] -- Installing: /home/unknown/ROS2_Workspaces/bumperbot_ws/install/bumper_bot/share/bumper_bot/models/aws_robomaker_warehouse_ClutteringC_01/meshes/aws_robomaker_warehouse_ClutteringC_01_visual.DAE
[0.966s] -- Installing: /home/unknown/ROS2_Workspaces/bumperbot_ws/install/bumper_bot/share/bumper_bot/models/aws_robomaker_warehouse_ClutteringC_01/meshes/aws_robomaker_warehouse_ClutteringC_01_collision.DAE
[0.967s] -- Installing: /home/unknown/ROS2_Workspaces/bumperbot_ws/install/bumper_bot/share/bumper_bot/models/aws_robomaker_residential_PortraitB_01
[0.967s] -- Installing: /home/unknown/ROS2_Workspaces/bumperbot_ws/install/bumper_bot/share/bumper_bot/models/aws_robomaker_residential_PortraitB_01/model.sdf
[0.967s] -- Installing: /home/unknown/ROS2_Workspaces/bumperbot_ws/install/bumper_bot/share/bumper_bot/models/aws_robomaker_residential_PortraitB_01/materials
[0.967s] -- Installing: /home/unknown/ROS2_Workspaces/bumperbot_ws/install/bumper_bot/share/bumper_bot/models/aws_robomaker_residential_PortraitB_01/materials/textures
[0.967s] -- Installing: /home/unknown/ROS2_Workspaces/bumperbot_ws/install/bumper_bot/share/bumper_bot/models/aws_robomaker_residential_PortraitB_01/materials/textures/aws_PortraitB_02.png
[0.967s] -- Installing: /home/unknown/ROS2_Workspaces/bumperbot_ws/install/bumper_bot/share/bumper_bot/models/aws_robomaker_residential_PortraitB_01/materials/textures/aws_PortraitB_01.png
[0.967s] -- Installing: /home/unknown/ROS2_Workspaces/bumperbot_ws/install/bumper_bot/share/bumper_bot/models/aws_robomaker_residential_PortraitB_01/model.config
[0.968s] -- Installing: /home/unknown/ROS2_Workspaces/bumperbot_ws/install/bumper_bot/share/bumper_bot/models/aws_robomaker_residential_PortraitB_01/meshes
[0.968s] -- Installing: /home/unknown/ROS2_Workspaces/bumperbot_ws/install/bumper_bot/share/bumper_bot/models/aws_robomaker_residential_PortraitB_01/meshes/aws_PortraitB_01_visual.DAE
[0.968s] -- Installing: /home/unknown/ROS2_Workspaces/bumperbot_ws/install/bumper_bot/share/bumper_bot/models/aws_robomaker_residential_PortraitB_01/meshes/aws_PortraitB_01_collision.DAE
[0.972s] -- Installing: /home/unknown/ROS2_Workspaces/bumperbot_ws/install/bumper_bot/share/bumper_bot/models/aws_robomaker_residential_DeskPortraitD_04
[0.972s] -- Installing: /home/unknown/ROS2_Workspaces/bumperbot_ws/install/bumper_bot/share/bumper_bot/models/aws_robomaker_residential_DeskPortraitD_04/model.sdf
[0.972s] -- Installing: /home/unknown/ROS2_Workspaces/bumperbot_ws/install/bumper_bot/share/bumper_bot/models/aws_robomaker_residential_DeskPortraitD_04/materials
[0.972s] -- Installing: /home/unknown/ROS2_Workspaces/bumperbot_ws/install/bumper_bot/share/bumper_bot/models/aws_robomaker_residential_DeskPortraitD_04/materials/textures
[0.972s] -- Installing: /home/unknown/ROS2_Workspaces/bumperbot_ws/install/bumper_bot/share/bumper_bot/models/aws_robomaker_residential_DeskPortraitD_04/materials/textures/aws_DeskPortraitD_02.png
[0.972s] -- Installing: /home/unknown/ROS2_Workspaces/bumperbot_ws/install/bumper_bot/share/bumper_bot/models/aws_robomaker_residential_DeskPortraitD_04/materials/textures/aws_DeskPortraitD_01.png
[0.972s] -- Installing: /home/unknown/ROS2_Workspaces/bumperbot_ws/install/bumper_bot/share/bumper_bot/models/aws_robomaker_residential_DeskPortraitD_04/model.config
[0.973s] -- Installing: /home/unknown/ROS2_Workspaces/bumperbot_ws/install/bumper_bot/share/bumper_bot/models/aws_robomaker_residential_DeskPortraitD_04/meshes
[0.973s] -- Installing: /home/unknown/ROS2_Workspaces/bumperbot_ws/install/bumper_bot/share/bumper_bot/models/aws_robomaker_residential_DeskPortraitD_04/meshes/aws_DeskPortraitD_01_collision.DAE
[0.973s] -- Installing: /home/unknown/ROS2_Workspaces/bumperbot_ws/install/bumper_bot/share/bumper_bot/models/aws_robomaker_residential_DeskPortraitD_04/meshes/aws_DeskPortraitD_01_visual.DAE
[0.973s] -- Installing: /home/unknown/ROS2_Workspaces/bumperbot_ws/install/bumper_bot/share/bumper_bot/models/aws_robomaker_warehouse_ClutteringD_01
[0.973s] -- Installing: /home/unknown/ROS2_Workspaces/bumperbot_ws/install/bumper_bot/share/bumper_bot/models/aws_robomaker_warehouse_ClutteringD_01/model.sdf
[0.973s] -- Installing: /home/unknown/ROS2_Workspaces/bumperbot_ws/install/bumper_bot/share/bumper_bot/models/aws_robomaker_warehouse_ClutteringD_01/materials
[0.977s] -- Installing: /home/unknown/ROS2_Workspaces/bumperbot_ws/install/bumper_bot/share/bumper_bot/models/aws_robomaker_warehouse_ClutteringD_01/materials/textures
[0.977s] -- Installing: /home/unknown/ROS2_Workspaces/bumperbot_ws/install/bumper_bot/share/bumper_bot/models/aws_robomaker_warehouse_ClutteringD_01/materials/textures/aws_robomaker_warehouse_ClutteringD_01.png
[0.977s] -- Installing: /home/unknown/ROS2_Workspaces/bumperbot_ws/install/bumper_bot/share/bumper_bot/models/aws_robomaker_warehouse_ClutteringD_01/materials/textures/aws_robomaker_warehouse_ClutteringD_02.png
[0.977s] -- Installing: /home/unknown/ROS2_Workspaces/bumperbot_ws/install/bumper_bot/share/bumper_bot/models/aws_robomaker_warehouse_ClutteringD_01/model.config
[0.977s] -- Installing: /home/unknown/ROS2_Workspaces/bumperbot_ws/install/bumper_bot/share/bumper_bot/models/aws_robomaker_warehouse_ClutteringD_01/meshes
[0.977s] -- Installing: /home/unknown/ROS2_Workspaces/bumperbot_ws/install/bumper_bot/share/bumper_bot/models/aws_robomaker_warehouse_ClutteringD_01/meshes/aws_robomaker_warehouse_ClutteringD_01_visual.DAE
[0.978s] -- Installing: /home/unknown/ROS2_Workspaces/bumperbot_ws/install/bumper_bot/share/bumper_bot/models/aws_robomaker_warehouse_ClutteringD_01/meshes/aws_robomaker_warehouse_ClutteringD_01_collision.DAE
[0.978s] -- Installing: /home/unknown/ROS2_Workspaces/bumperbot_ws/install/bumper_bot/share/bumper_bot/models/aws_robomaker_residential_PortraitA_02
[0.978s] -- Installing: /home/unknown/ROS2_Workspaces/bumperbot_ws/install/bumper_bot/share/bumper_bot/models/aws_robomaker_residential_PortraitA_02/model.sdf
[0.978s] -- Installing: /home/unknown/ROS2_Workspaces/bumperbot_ws/install/bumper_bot/share/bumper_bot/models/aws_robomaker_residential_PortraitA_02/materials
[0.978s] -- Installing: /home/unknown/ROS2_Workspaces/bumperbot_ws/install/bumper_bot/share/bumper_bot/models/aws_robomaker_residential_PortraitA_02/materials/textures
[0.978s] -- Installing: /home/unknown/ROS2_Workspaces/bumperbot_ws/install/bumper_bot/share/bumper_bot/models/aws_robomaker_residential_PortraitA_02/materials/textures/aws_PortraitA_01.png
[0.978s] -- Installing: /home/unknown/ROS2_Workspaces/bumperbot_ws/install/bumper_bot/share/bumper_bot/models/aws_robomaker_residential_PortraitA_02/materials/textures/aws_PortraitA_02.png
[0.978s] -- Installing: /home/unknown/ROS2_Workspaces/bumperbot_ws/install/bumper_bot/share/bumper_bot/models/aws_robomaker_residential_PortraitA_02/model.config
[0.979s] -- Installing: /home/unknown/ROS2_Workspaces/bumperbot_ws/install/bumper_bot/share/bumper_bot/models/aws_robomaker_residential_PortraitA_02/meshes
[0.979s] -- Installing: /home/unknown/ROS2_Workspaces/bumperbot_ws/install/bumper_bot/share/bumper_bot/models/aws_robomaker_residential_PortraitA_02/meshes/aws_PortraitA_01_collision.DAE
[0.979s] -- Installing: /home/unknown/ROS2_Workspaces/bumperbot_ws/install/bumper_bot/share/bumper_bot/models/aws_robomaker_residential_PortraitA_02/meshes/aws_PortraitA_01_visual.DAE
[0.979s] -- Installing: /home/unknown/ROS2_Workspaces/bumperbot_ws/install/bumper_bot/share/bumper_bot/models/aws_robomaker_residential_Handle_01
[0.979s] -- Installing: /home/unknown/ROS2_Workspaces/bumperbot_ws/install/bumper_bot/share/bumper_bot/models/aws_robomaker_residential_Handle_01/model.sdf
[0.979s] -- Installing: /home/unknown/ROS2_Workspaces/bumperbot_ws/install/bumper_bot/share/bumper_bot/models/aws_robomaker_residential_Handle_01/materials
[0.982s] -- Installing: /home/unknown/ROS2_Workspaces/bumperbot_ws/install/bumper_bot/share/bumper_bot/models/aws_robomaker_residential_Handle_01/materials/textures
[0.983s] -- Installing: /home/unknown/ROS2_Workspaces/bumperbot_ws/install/bumper_bot/share/bumper_bot/models/aws_robomaker_residential_Handle_01/materials/textures/aws_Handle_01.png
[0.983s] -- Installing: /home/unknown/ROS2_Workspaces/bumperbot_ws/install/bumper_bot/share/bumper_bot/models/aws_robomaker_residential_Handle_01/model.config
[0.983s] -- Installing: /home/unknown/ROS2_Workspaces/bumperbot_ws/install/bumper_bot/share/bumper_bot/models/aws_robomaker_residential_Handle_01/meshes
[0.983s] -- Installing: /home/unknown/ROS2_Workspaces/bumperbot_ws/install/bumper_bot/share/bumper_bot/models/aws_robomaker_residential_Handle_01/meshes/aws_Handle_01_visual.DAE
[0.983s] -- Installing: /home/unknown/ROS2_Workspaces/bumperbot_ws/install/bumper_bot/share/bumper_bot/models/aws_robomaker_residential_Handle_01/meshes/aws_ handle_01_collision.DAE
[0.983s] -- Installing: /home/unknown/ROS2_Workspaces/bumperbot_ws/install/bumper_bot/share/bumper_bot/models/aws_robomaker_residential_Handle_01/meshes/aws_Handle_01_collision.DAE
[0.984s] -- Installing: /home/unknown/ROS2_Workspaces/bumperbot_ws/install/bumper_bot/share/bumper_bot/models/aws_robomaker_residential_PortraitB_03
[0.984s] -- Installing: /home/unknown/ROS2_Workspaces/bumperbot_ws/install/bumper_bot/share/bumper_bot/models/aws_robomaker_residential_PortraitB_03/model.sdf
[0.984s] -- Installing: /home/unknown/ROS2_Workspaces/bumperbot_ws/install/bumper_bot/share/bumper_bot/models/aws_robomaker_residential_PortraitB_03/materials
[0.984s] -- Installing: /home/unknown/ROS2_Workspaces/bumperbot_ws/install/bumper_bot/share/bumper_bot/models/aws_robomaker_residential_PortraitB_03/materials/textures
[0.984s] -- Installing: /home/unknown/ROS2_Workspaces/bumperbot_ws/install/bumper_bot/share/bumper_bot/models/aws_robomaker_residential_PortraitB_03/materials/textures/aws_PortraitB_02.png
[0.984s] -- Installing: /home/unknown/ROS2_Workspaces/bumperbot_ws/install/bumper_bot/share/bumper_bot/models/aws_robomaker_residential_PortraitB_03/materials/textures/aws_PortraitB_01.png
[0.985s] -- Installing: /home/unknown/ROS2_Workspaces/bumperbot_ws/install/bumper_bot/share/bumper_bot/models/aws_robomaker_residential_PortraitB_03/model.config
[0.985s] -- Installing: /home/unknown/ROS2_Workspaces/bumperbot_ws/install/bumper_bot/share/bumper_bot/models/aws_robomaker_residential_PortraitB_03/meshes
[0.985s] -- Installing: /home/unknown/ROS2_Workspaces/bumperbot_ws/install/bumper_bot/share/bumper_bot/models/aws_robomaker_residential_PortraitB_03/meshes/aws_PortraitB_01_visual.DAE
[0.985s] -- Installing: /home/unknown/ROS2_Workspaces/bumperbot_ws/install/bumper_bot/share/bumper_bot/models/aws_robomaker_residential_PortraitB_03/meshes/aws_PortraitB_01_collision.DAE
[0.985s] -- Installing: /home/unknown/ROS2_Workspaces/bumperbot_ws/install/bumper_bot/share/bumper_bot/models/aws_robomaker_residential_PortraitA_01
[0.985s] -- Installing: /home/unknown/ROS2_Workspaces/bumperbot_ws/install/bumper_bot/share/bumper_bot/models/aws_robomaker_residential_PortraitA_01/model.sdf
[0.985s] -- Installing: /home/unknown/ROS2_Workspaces/bumperbot_ws/install/bumper_bot/share/bumper_bot/models/aws_robomaker_residential_PortraitA_01/materials
[0.985s] -- Installing: /home/unknown/ROS2_Workspaces/bumperbot_ws/install/bumper_bot/share/bumper_bot/models/aws_robomaker_residential_PortraitA_01/materials/textures
[0.986s] -- Installing: /home/unknown/ROS2_Workspaces/bumperbot_ws/install/bumper_bot/share/bumper_bot/models/aws_robomaker_residential_PortraitA_01/materials/textures/aws_PortraitA_01.png
[0.990s] -- Installing: /home/unknown/ROS2_Workspaces/bumperbot_ws/install/bumper_bot/share/bumper_bot/models/aws_robomaker_residential_PortraitA_01/materials/textures/aws_PortraitA_02.png
[0.990s] -- Installing: /home/unknown/ROS2_Workspaces/bumperbot_ws/install/bumper_bot/share/bumper_bot/models/aws_robomaker_residential_PortraitA_01/model.config
[0.990s] -- Installing: /home/unknown/ROS2_Workspaces/bumperbot_ws/install/bumper_bot/share/bumper_bot/models/aws_robomaker_residential_PortraitA_01/meshes
[0.990s] -- Installing: /home/unknown/ROS2_Workspaces/bumperbot_ws/install/bumper_bot/share/bumper_bot/models/aws_robomaker_residential_PortraitA_01/meshes/aws_PortraitA_01_collision.DAE
[0.990s] -- Installing: /home/unknown/ROS2_Workspaces/bumperbot_ws/install/bumper_bot/share/bumper_bot/models/aws_robomaker_residential_PortraitA_01/meshes/aws_PortraitA_01_visual.DAE
[0.990s] -- Installing: /home/unknown/ROS2_Workspaces/bumperbot_ws/install/bumper_bot/share/bumper_bot/models/aws_robomaker_warehouse_GroundB_01
[0.990s] -- Installing: /home/unknown/ROS2_Workspaces/bumperbot_ws/install/bumper_bot/share/bumper_bot/models/aws_robomaker_warehouse_GroundB_01/model.sdf
[0.991s] -- Installing: /home/unknown/ROS2_Workspaces/bumperbot_ws/install/bumper_bot/share/bumper_bot/models/aws_robomaker_warehouse_GroundB_01/materials
[0.991s] -- Installing: /home/unknown/ROS2_Workspaces/bumperbot_ws/install/bumper_bot/share/bumper_bot/models/aws_robomaker_warehouse_GroundB_01/materials/textures
[0.991s] -- Installing: /home/unknown/ROS2_Workspaces/bumperbot_ws/install/bumper_bot/share/bumper_bot/models/aws_robomaker_warehouse_GroundB_01/materials/textures/aws_robomaker_warehouse_GroundB_01.png
[0.991s] -- Installing: /home/unknown/ROS2_Workspaces/bumperbot_ws/install/bumper_bot/share/bumper_bot/models/aws_robomaker_warehouse_GroundB_01/materials/textures/aws_robomaker_warehouse_GroundB_02.png
[0.991s] -- Installing: /home/unknown/ROS2_Workspaces/bumperbot_ws/install/bumper_bot/share/bumper_bot/models/aws_robomaker_warehouse_GroundB_01/model.config
[0.991s] -- Installing: /home/unknown/ROS2_Workspaces/bumperbot_ws/install/bumper_bot/share/bumper_bot/models/aws_robomaker_warehouse_GroundB_01/meshes
[0.992s] -- Installing: /home/unknown/ROS2_Workspaces/bumperbot_ws/install/bumper_bot/share/bumper_bot/models/aws_robomaker_warehouse_GroundB_01/meshes/aws_robomaker_warehouse_GroundB_01_visual.DAE
[0.992s] -- Installing: /home/unknown/ROS2_Workspaces/bumperbot_ws/install/bumper_bot/share/bumper_bot/models/aws_robomaker_warehouse_GroundB_01/meshes/aws_robomaker_warehouse_GroundB_01_collision.DAE
[0.992s] -- Installing: /home/unknown/ROS2_Workspaces/bumperbot_ws/install/bumper_bot/share/bumper_bot/models/aws_robomaker_warehouse_WallB_01
[0.992s] -- Installing: /home/unknown/ROS2_Workspaces/bumperbot_ws/install/bumper_bot/share/bumper_bot/models/aws_robomaker_warehouse_WallB_01/model.sdf
[0.992s] -- Installing: /home/unknown/ROS2_Workspaces/bumperbot_ws/install/bumper_bot/share/bumper_bot/models/aws_robomaker_warehouse_WallB_01/materials
[0.992s] -- Installing: /home/unknown/ROS2_Workspaces/bumperbot_ws/install/bumper_bot/share/bumper_bot/models/aws_robomaker_warehouse_WallB_01/materials/textures
[0.993s] -- Installing: /home/unknown/ROS2_Workspaces/bumperbot_ws/install/bumper_bot/share/bumper_bot/models/aws_robomaker_warehouse_WallB_01/materials/textures/aws_robomaker_warehouse_WallB_01.png
[0.994s] -- Installing: /home/unknown/ROS2_Workspaces/bumperbot_ws/install/bumper_bot/share/bumper_bot/models/aws_robomaker_warehouse_WallB_01/model.config
[0.994s] -- Installing: /home/unknown/ROS2_Workspaces/bumperbot_ws/install/bumper_bot/share/bumper_bot/models/aws_robomaker_warehouse_WallB_01/meshes
[0.995s] -- Installing: /home/unknown/ROS2_Workspaces/bumperbot_ws/install/bumper_bot/share/bumper_bot/models/aws_robomaker_warehouse_WallB_01/meshes/aws_robomaker_warehouse_WallB_01_visual.DAE
[0.995s] -- Installing: /home/unknown/ROS2_Workspaces/bumperbot_ws/install/bumper_bot/share/bumper_bot/models/aws_robomaker_warehouse_WallB_01/meshes/aws_robomaker_warehouse_WallB_01_collision.DAE
[0.995s] -- Installing: /home/unknown/ROS2_Workspaces/bumperbot_ws/install/bumper_bot/share/bumper_bot/models/aws_robomaker_residential_DeskPortraitD_02
[0.995s] -- Installing: /home/unknown/ROS2_Workspaces/bumperbot_ws/install/bumper_bot/share/bumper_bot/models/aws_robomaker_residential_DeskPortraitD_02/model.sdf
[0.995s] -- Installing: /home/unknown/ROS2_Workspaces/bumperbot_ws/install/bumper_bot/share/bumper_bot/models/aws_robomaker_residential_DeskPortraitD_02/materials
[0.995s] -- Installing: /home/unknown/ROS2_Workspaces/bumperbot_ws/install/bumper_bot/share/bumper_bot/models/aws_robomaker_residential_DeskPortraitD_02/materials/textures
[0.995s] -- Installing: /home/unknown/ROS2_Workspaces/bumperbot_ws/install/bumper_bot/share/bumper_bot/models/aws_robomaker_residential_DeskPortraitD_02/materials/textures/aws_DeskPortraitD_02.png
[1.001s] -- Installing: /home/unknown/ROS2_Workspaces/bumperbot_ws/install/bumper_bot/share/bumper_bot/models/aws_robomaker_residential_DeskPortraitD_02/materials/textures/aws_DeskPortraitD_01.png
[1.001s] -- Installing: /home/unknown/ROS2_Workspaces/bumperbot_ws/install/bumper_bot/share/bumper_bot/models/aws_robomaker_residential_DeskPortraitD_02/model.config
[1.001s] -- Installing: /home/unknown/ROS2_Workspaces/bumperbot_ws/install/bumper_bot/share/bumper_bot/models/aws_robomaker_residential_DeskPortraitD_02/meshes
[1.001s] -- Installing: /home/unknown/ROS2_Workspaces/bumperbot_ws/install/bumper_bot/share/bumper_bot/models/aws_robomaker_residential_DeskPortraitD_02/meshes/aws_DeskPortraitD_01_collision.DAE
[1.001s] -- Installing: /home/unknown/ROS2_Workspaces/bumperbot_ws/install/bumper_bot/share/bumper_bot/models/aws_robomaker_residential_DeskPortraitD_02/meshes/aws_DeskPortraitD_01_visual.DAE
[1.004s] -- Installing: /home/unknown/ROS2_Workspaces/bumperbot_ws/install/bumper_bot/share/bumper_bot/models/aws_robomaker_warehouse_ShelfE_01
[1.005s] -- Installing: /home/unknown/ROS2_Workspaces/bumperbot_ws/install/bumper_bot/share/bumper_bot/models/aws_robomaker_warehouse_ShelfE_01/model.sdf
[1.005s] -- Installing: /home/unknown/ROS2_Workspaces/bumperbot_ws/install/bumper_bot/share/bumper_bot/models/aws_robomaker_warehouse_ShelfE_01/.DS_Store
[1.005s] -- Installing: /home/unknown/ROS2_Workspaces/bumperbot_ws/install/bumper_bot/share/bumper_bot/models/aws_robomaker_warehouse_ShelfE_01/materials
[1.005s] -- Installing: /home/unknown/ROS2_Workspaces/bumperbot_ws/install/bumper_bot/share/bumper_bot/models/aws_robomaker_warehouse_ShelfE_01/materials/textures
[1.006s] -- Installing: /home/unknown/ROS2_Workspaces/bumperbot_ws/install/bumper_bot/share/bumper_bot/models/aws_robomaker_warehouse_ShelfE_01/materials/textures/aws_robomaker_warehouse_ShelfE_03.png
[1.006s] -- Installing: /home/unknown/ROS2_Workspaces/bumperbot_ws/install/bumper_bot/share/bumper_bot/models/aws_robomaker_warehouse_ShelfE_01/materials/textures/aws_robomaker_warehouse_ShelfE_04.png
[1.006s] -- Installing: /home/unknown/ROS2_Workspaces/bumperbot_ws/install/bumper_bot/share/bumper_bot/models/aws_robomaker_warehouse_ShelfE_01/materials/textures/aws_robomaker_warehouse_ShelfE_01.png
[1.006s] -- Installing: /home/unknown/ROS2_Workspaces/bumperbot_ws/install/bumper_bot/share/bumper_bot/models/aws_robomaker_warehouse_ShelfE_01/materials/textures/aws_robomaker_warehouse_ShelfE_02.png
[1.006s] -- Installing: /home/unknown/ROS2_Workspaces/bumperbot_ws/install/bumper_bot/share/bumper_bot/models/aws_robomaker_warehouse_ShelfE_01/materials/.DS_Store
[1.006s] -- Installing: /home/unknown/ROS2_Workspaces/bumperbot_ws/install/bumper_bot/share/bumper_bot/models/aws_robomaker_warehouse_ShelfE_01/model.config
[1.006s] -- Installing: /home/unknown/ROS2_Workspaces/bumperbot_ws/install/bumper_bot/share/bumper_bot/models/aws_robomaker_warehouse_ShelfE_01/meshes
[1.006s] -- Installing: /home/unknown/ROS2_Workspaces/bumperbot_ws/install/bumper_bot/share/bumper_bot/models/aws_robomaker_warehouse_ShelfE_01/meshes/aws_robomaker_warehouse_ShelfE_01_visual.DAE
[1.007s] -- Installing: /home/unknown/ROS2_Workspaces/bumperbot_ws/install/bumper_bot/share/bumper_bot/models/aws_robomaker_warehouse_ShelfE_01/meshes/aws_robomaker_warehouse_ShelfE_01_collision.DAE
[1.007s] -- Installing: /home/unknown/ROS2_Workspaces/bumperbot_ws/install/bumper_bot/share/bumper_bot/models/aws_robomaker_residential_HouseWallB_01
[1.007s] -- Installing: /home/unknown/ROS2_Workspaces/bumperbot_ws/install/bumper_bot/share/bumper_bot/models/aws_robomaker_residential_HouseWallB_01/model.sdf
[1.007s] -- Installing: /home/unknown/ROS2_Workspaces/bumperbot_ws/install/bumper_bot/share/bumper_bot/models/aws_robomaker_residential_HouseWallB_01/materials
[1.007s] -- Installing: /home/unknown/ROS2_Workspaces/bumperbot_ws/install/bumper_bot/share/bumper_bot/models/aws_robomaker_residential_HouseWallB_01/materials/textures
[1.007s] -- Installing: /home/unknown/ROS2_Workspaces/bumperbot_ws/install/bumper_bot/share/bumper_bot/models/aws_robomaker_residential_HouseWallB_01/materials/textures/aws_HouseWallB_01.png
[1.007s] -- Installing: /home/unknown/ROS2_Workspaces/bumperbot_ws/install/bumper_bot/share/bumper_bot/models/aws_robomaker_residential_HouseWallB_01/model.config
[1.007s] -- Installing: /home/unknown/ROS2_Workspaces/bumperbot_ws/install/bumper_bot/share/bumper_bot/models/aws_robomaker_residential_HouseWallB_01/meshes
[1.008s] -- Installing: /home/unknown/ROS2_Workspaces/bumperbot_ws/install/bumper_bot/share/bumper_bot/models/aws_robomaker_residential_HouseWallB_01/meshes/aws_HouseWallB_01_collision.DAE
[1.012s] -- Installing: /home/unknown/ROS2_Workspaces/bumperbot_ws/install/bumper_bot/share/bumper_bot/models/aws_robomaker_residential_HouseWallB_01/meshes/aws_HouseWallB_01_visual.DAE
[1.012s] -- Installing: /home/unknown/ROS2_Workspaces/bumperbot_ws/install/bumper_bot/share/bumper_bot/models/aws_robomaker_residential_Curtain_01
[1.012s] -- Installing: /home/unknown/ROS2_Workspaces/bumperbot_ws/install/bumper_bot/share/bumper_bot/models/aws_robomaker_residential_Curtain_01/model.sdf
[1.012s] -- Installing: /home/unknown/ROS2_Workspaces/bumperbot_ws/install/bumper_bot/share/bumper_bot/models/aws_robomaker_residential_Curtain_01/materials
[1.012s] -- Installing: /home/unknown/ROS2_Workspaces/bumperbot_ws/install/bumper_bot/share/bumper_bot/models/aws_robomaker_residential_Curtain_01/materials/textures
[1.012s] -- Installing: /home/unknown/ROS2_Workspaces/bumperbot_ws/install/bumper_bot/share/bumper_bot/models/aws_robomaker_residential_Curtain_01/materials/textures/aws_Curtain_01.png
[1.012s] -- Installing: /home/unknown/ROS2_Workspaces/bumperbot_ws/install/bumper_bot/share/bumper_bot/models/aws_robomaker_residential_Curtain_01/model.config
[1.013s] -- Installing: /home/unknown/ROS2_Workspaces/bumperbot_ws/install/bumper_bot/share/bumper_bot/models/aws_robomaker_residential_Curtain_01/meshes
[1.013s] -- Installing: /home/unknown/ROS2_Workspaces/bumperbot_ws/install/bumper_bot/share/bumper_bot/models/aws_robomaker_residential_Curtain_01/meshes/aws_Curtain_01_collision.DAE
[1.013s] -- Installing: /home/unknown/ROS2_Workspaces/bumperbot_ws/install/bumper_bot/share/bumper_bot/models/aws_robomaker_residential_Curtain_01/meshes/aws_Curtain_01_visual.DAE
[1.013s] -- Installing: /home/unknown/ROS2_Workspaces/bumperbot_ws/install/bumper_bot/share/bumper_bot/models/aws_robomaker_warehouse_Bucket_01
[1.013s] -- Installing: /home/unknown/ROS2_Workspaces/bumperbot_ws/install/bumper_bot/share/bumper_bot/models/aws_robomaker_warehouse_Bucket_01/model.sdf
[1.013s] -- Installing: /home/unknown/ROS2_Workspaces/bumperbot_ws/install/bumper_bot/share/bumper_bot/models/aws_robomaker_warehouse_Bucket_01/.DS_Store
[1.014s] -- Installing: /home/unknown/ROS2_Workspaces/bumperbot_ws/install/bumper_bot/share/bumper_bot/models/aws_robomaker_warehouse_Bucket_01/materials
[1.014s] -- Installing: /home/unknown/ROS2_Workspaces/bumperbot_ws/install/bumper_bot/share/bumper_bot/models/aws_robomaker_warehouse_Bucket_01/materials/textures
[1.014s] -- Installing: /home/unknown/ROS2_Workspaces/bumperbot_ws/install/bumper_bot/share/bumper_bot/models/aws_robomaker_warehouse_Bucket_01/materials/textures/aws_robomaker_warehouse_Bucket_01.png
[1.014s] -- Installing: /home/unknown/ROS2_Workspaces/bumperbot_ws/install/bumper_bot/share/bumper_bot/models/aws_robomaker_warehouse_Bucket_01/materials/.DS_Store
[1.014s] -- Installing: /home/unknown/ROS2_Workspaces/bumperbot_ws/install/bumper_bot/share/bumper_bot/models/aws_robomaker_warehouse_Bucket_01/model.config
[1.014s] -- Installing: /home/unknown/ROS2_Workspaces/bumperbot_ws/install/bumper_bot/share/bumper_bot/models/aws_robomaker_warehouse_Bucket_01/meshes
[1.018s] -- Installing: /home/unknown/ROS2_Workspaces/bumperbot_ws/install/bumper_bot/share/bumper_bot/models/aws_robomaker_warehouse_Bucket_01/meshes/aws_robomaker_warehouse_Bucket_01_visual.DAE
[1.018s] -- Installing: /home/unknown/ROS2_Workspaces/bumperbot_ws/install/bumper_bot/share/bumper_bot/models/aws_robomaker_warehouse_Bucket_01/meshes/aws_robomaker_warehouse_Bucket_01_collision.DAE
[1.018s] -- Installing: /home/unknown/ROS2_Workspaces/bumperbot_ws/install/bumper_bot/share/bumper_bot/models/aws_robomaker_residential_TV_01
[1.018s] -- Installing: /home/unknown/ROS2_Workspaces/bumperbot_ws/install/bumper_bot/share/bumper_bot/models/aws_robomaker_residential_TV_01/model.sdf
[1.018s] -- Installing: /home/unknown/ROS2_Workspaces/bumperbot_ws/install/bumper_bot/share/bumper_bot/models/aws_robomaker_residential_TV_01/materials
[1.018s] -- Installing: /home/unknown/ROS2_Workspaces/bumperbot_ws/install/bumper_bot/share/bumper_bot/models/aws_robomaker_residential_TV_01/materials/textures
[1.018s] -- Installing: /home/unknown/ROS2_Workspaces/bumperbot_ws/install/bumper_bot/share/bumper_bot/models/aws_robomaker_residential_TV_01/materials/textures/aws_TV_01.png
[1.018s] -- Installing: /home/unknown/ROS2_Workspaces/bumperbot_ws/install/bumper_bot/share/bumper_bot/models/aws_robomaker_residential_TV_01/model.config
[1.019s] -- Installing: /home/unknown/ROS2_Workspaces/bumperbot_ws/install/bumper_bot/share/bumper_bot/models/aws_robomaker_residential_TV_01/meshes
[1.019s] -- Installing: /home/unknown/ROS2_Workspaces/bumperbot_ws/install/bumper_bot/share/bumper_bot/models/aws_robomaker_residential_TV_01/meshes/aws_TV_01_visual.DAE
[1.019s] -- Installing: /home/unknown/ROS2_Workspaces/bumperbot_ws/install/bumper_bot/share/bumper_bot/models/aws_robomaker_residential_TV_01/meshes/aws_TV_01_collision.DAE
[1.019s] -- Installing: /home/unknown/ROS2_Workspaces/bumperbot_ws/install/bumper_bot/share/bumper_bot/models/aws_robomaker_residential_Sofa_01
[1.019s] -- Installing: /home/unknown/ROS2_Workspaces/bumperbot_ws/install/bumper_bot/share/bumper_bot/models/aws_robomaker_residential_Sofa_01/model.sdf
[1.019s] -- Installing: /home/unknown/ROS2_Workspaces/bumperbot_ws/install/bumper_bot/share/bumper_bot/models/aws_robomaker_residential_Sofa_01/materials
[1.019s] -- Installing: /home/unknown/ROS2_Workspaces/bumperbot_ws/install/bumper_bot/share/bumper_bot/models/aws_robomaker_residential_Sofa_01/materials/textures
[1.019s] -- Installing: /home/unknown/ROS2_Workspaces/bumperbot_ws/install/bumper_bot/share/bumper_bot/models/aws_robomaker_residential_Sofa_01/materials/textures/aws_Sofa_01.png
[1.020s] -- Installing: /home/unknown/ROS2_Workspaces/bumperbot_ws/install/bumper_bot/share/bumper_bot/models/aws_robomaker_residential_Sofa_01/model.config
[1.020s] -- Installing: /home/unknown/ROS2_Workspaces/bumperbot_ws/install/bumper_bot/share/bumper_bot/models/aws_robomaker_residential_Sofa_01/meshes
[1.020s] -- Installing: /home/unknown/ROS2_Workspaces/bumperbot_ws/install/bumper_bot/share/bumper_bot/models/aws_robomaker_residential_Sofa_01/meshes/aws_Sofa_01_collision.DAE
[1.020s] -- Installing: /home/unknown/ROS2_Workspaces/bumperbot_ws/install/bumper_bot/share/bumper_bot/models/aws_robomaker_residential_Sofa_01/meshes/aws_Sofa_01_visual.DAE
[1.020s] -- Installing: /home/unknown/ROS2_Workspaces/bumperbot_ws/install/bumper_bot/share/bumper_bot/models/aws_robomaker_residential_Sofa_01/meshes/aws_Sofa_01.DAE
[1.024s] -- Installing: /home/unknown/ROS2_Workspaces/bumperbot_ws/install/bumper_bot/share/bumper_bot/models/aws_robomaker_residential_RoomWall_01
[1.024s] -- Installing: /home/unknown/ROS2_Workspaces/bumperbot_ws/install/bumper_bot/share/bumper_bot/models/aws_robomaker_residential_RoomWall_01/model.sdf
[1.024s] -- Installing: /home/unknown/ROS2_Workspaces/bumperbot_ws/install/bumper_bot/share/bumper_bot/models/aws_robomaker_residential_RoomWall_01/materials
[1.024s] -- Installing: /home/unknown/ROS2_Workspaces/bumperbot_ws/install/bumper_bot/share/bumper_bot/models/aws_robomaker_residential_RoomWall_01/materials/textures
[1.024s] -- Installing: /home/unknown/ROS2_Workspaces/bumperbot_ws/install/bumper_bot/share/bumper_bot/models/aws_robomaker_residential_RoomWall_01/materials/textures/aws_RoomWall_01.png
[1.026s] -- Installing: /home/unknown/ROS2_Workspaces/bumperbot_ws/install/bumper_bot/share/bumper_bot/models/aws_robomaker_residential_RoomWall_01/model.config
[1.026s] -- Installing: /home/unknown/ROS2_Workspaces/bumperbot_ws/install/bumper_bot/share/bumper_bot/models/aws_robomaker_residential_RoomWall_01/meshes
[1.026s] -- Installing: /home/unknown/ROS2_Workspaces/bumperbot_ws/install/bumper_bot/share/bumper_bot/models/aws_robomaker_residential_RoomWall_01/meshes/aws_RoomWall_01_collision.DAE
[1.027s] -- Installing: /home/unknown/ROS2_Workspaces/bumperbot_ws/install/bumper_bot/share/bumper_bot/models/aws_robomaker_residential_RoomWall_01/meshes/aws_RoomWall_01_visual.DAE
[1.027s] -- Installing: /home/unknown/ROS2_Workspaces/bumperbot_ws/install/bumper_bot/share/bumper_bot/models/aws_robomaker_residential_PortraitB_02
[1.027s] -- Installing: /home/unknown/ROS2_Workspaces/bumperbot_ws/install/bumper_bot/share/bumper_bot/models/aws_robomaker_residential_PortraitB_02/model.sdf
[1.027s] -- Installing: /home/unknown/ROS2_Workspaces/bumperbot_ws/install/bumper_bot/share/bumper_bot/models/aws_robomaker_residential_PortraitB_02/materials
[1.027s] -- Installing: /home/unknown/ROS2_Workspaces/bumperbot_ws/install/bumper_bot/share/bumper_bot/models/aws_robomaker_residential_PortraitB_02/materials/textures
[1.027s] -- Installing: /home/unknown/ROS2_Workspaces/bumperbot_ws/install/bumper_bot/share/bumper_bot/models/aws_robomaker_residential_PortraitB_02/materials/textures/aws_PortraitB_02.png
[1.028s] -- Installing: /home/unknown/ROS2_Workspaces/bumperbot_ws/install/bumper_bot/share/bumper_bot/models/aws_robomaker_residential_PortraitB_02/materials/textures/aws_PortraitB_01.png
[1.028s] -- Installing: /home/unknown/ROS2_Workspaces/bumperbot_ws/install/bumper_bot/share/bumper_bot/models/aws_robomaker_residential_PortraitB_02/model.config
[1.029s] -- Installing: /home/unknown/ROS2_Workspaces/bumperbot_ws/install/bumper_bot/share/bumper_bot/models/aws_robomaker_residential_PortraitB_02/meshes
[1.030s] -- Installing: /home/unknown/ROS2_Workspaces/bumperbot_ws/install/bumper_bot/share/bumper_bot/models/aws_robomaker_residential_PortraitB_02/meshes/aws_PortraitB_01_visual.DAE
[1.030s] -- Installing: /home/unknown/ROS2_Workspaces/bumperbot_ws/install/bumper_bot/share/bumper_bot/models/aws_robomaker_residential_PortraitB_02/meshes/aws_PortraitB_01_collision.DAE
[1.030s] -- Installing: /home/unknown/ROS2_Workspaces/bumperbot_ws/install/bumper_bot/share/bumper_bot/models/aws_robomaker_residential_RoomCeiling_01
[1.030s] -- Installing: /home/unknown/ROS2_Workspaces/bumperbot_ws/install/bumper_bot/share/bumper_bot/models/aws_robomaker_residential_RoomCeiling_01/model.sdf
[1.030s] -- Installing: /home/unknown/ROS2_Workspaces/bumperbot_ws/install/bumper_bot/share/bumper_bot/models/aws_robomaker_residential_RoomCeiling_01/materials
[1.030s] -- Installing: /home/unknown/ROS2_Workspaces/bumperbot_ws/install/bumper_bot/share/bumper_bot/models/aws_robomaker_residential_RoomCeiling_01/materials/textures
[1.030s] -- Installing: /home/unknown/ROS2_Workspaces/bumperbot_ws/install/bumper_bot/share/bumper_bot/models/aws_robomaker_residential_RoomCeiling_01/materials/textures/aws_RoomCeiling_01.png
[1.035s] -- Installing: /home/unknown/ROS2_Workspaces/bumperbot_ws/install/bumper_bot/share/bumper_bot/models/aws_robomaker_residential_RoomCeiling_01/model.config
[1.035s] -- Installing: /home/unknown/ROS2_Workspaces/bumperbot_ws/install/bumper_bot/share/bumper_bot/models/aws_robomaker_residential_RoomCeiling_01/meshes
[1.035s] -- Installing: /home/unknown/ROS2_Workspaces/bumperbot_ws/install/bumper_bot/share/bumper_bot/models/aws_robomaker_residential_RoomCeiling_01/meshes/aws_RoomCeiling_01_visual.DAE
[1.035s] -- Installing: /home/unknown/ROS2_Workspaces/bumperbot_ws/install/bumper_bot/share/bumper_bot/models/aws_robomaker_residential_RoomCeiling_01/meshes/aws_RoomCeiling_01_collision.DAE
[1.035s] -- Installing: /home/unknown/ROS2_Workspaces/bumperbot_ws/install/bumper_bot/share/bumper_bot/models/aws_robomaker_residential_KitchenUtensils_01
[1.036s] -- Installing: /home/unknown/ROS2_Workspaces/bumperbot_ws/install/bumper_bot/share/bumper_bot/models/aws_robomaker_residential_KitchenUtensils_01/model.sdf
[1.036s] -- Installing: /home/unknown/ROS2_Workspaces/bumperbot_ws/install/bumper_bot/share/bumper_bot/models/aws_robomaker_residential_KitchenUtensils_01/materials
[1.036s] -- Installing: /home/unknown/ROS2_Workspaces/bumperbot_ws/install/bumper_bot/share/bumper_bot/models/aws_robomaker_residential_KitchenUtensils_01/materials/textures
[1.036s] -- Installing: /home/unknown/ROS2_Workspaces/bumperbot_ws/install/bumper_bot/share/bumper_bot/models/aws_robomaker_residential_KitchenUtensils_01/materials/textures/aws_KitchenUtensils_01.png
[1.036s] -- Installing: /home/unknown/ROS2_Workspaces/bumperbot_ws/install/bumper_bot/share/bumper_bot/models/aws_robomaker_residential_KitchenUtensils_01/model.config
[1.036s] -- Installing: /home/unknown/ROS2_Workspaces/bumperbot_ws/install/bumper_bot/share/bumper_bot/models/aws_robomaker_residential_KitchenUtensils_01/meshes
[1.039s] -- Installing: /home/unknown/ROS2_Workspaces/bumperbot_ws/install/bumper_bot/share/bumper_bot/models/aws_robomaker_residential_KitchenUtensils_01/meshes/aws_KitchenUtensils_01_collision.DAE
[1.039s] -- Installing: /home/unknown/ROS2_Workspaces/bumperbot_ws/install/bumper_bot/share/bumper_bot/models/aws_robomaker_residential_KitchenUtensils_01/meshes/aws_KitchenUtensils_01_visual.DAE
[1.039s] -- Installing: /home/unknown/ROS2_Workspaces/bumperbot_ws/install/bumper_bot/share/bumper_bot/models/aws_robomaker_residential_AirconditionerB_01
[1.039s] -- Installing: /home/unknown/ROS2_Workspaces/bumperbot_ws/install/bumper_bot/share/bumper_bot/models/aws_robomaker_residential_AirconditionerB_01/model.sdf
[1.039s] -- Installing: /home/unknown/ROS2_Workspaces/bumperbot_ws/install/bumper_bot/share/bumper_bot/models/aws_robomaker_residential_AirconditionerB_01/materials
[1.040s] -- Installing: /home/unknown/ROS2_Workspaces/bumperbot_ws/install/bumper_bot/share/bumper_bot/models/aws_robomaker_residential_AirconditionerB_01/materials/textures
[1.040s] -- Installing: /home/unknown/ROS2_Workspaces/bumperbot_ws/install/bumper_bot/share/bumper_bot/models/aws_robomaker_residential_AirconditionerB_01/materials/textures/aws_AirconditionerB_01.png
[1.040s] -- Installing: /home/unknown/ROS2_Workspaces/bumperbot_ws/install/bumper_bot/share/bumper_bot/models/aws_robomaker_residential_AirconditionerB_01/model.config
[1.040s] -- Installing: /home/unknown/ROS2_Workspaces/bumperbot_ws/install/bumper_bot/share/bumper_bot/models/aws_robomaker_residential_AirconditionerB_01/meshes
[1.040s] -- Installing: /home/unknown/ROS2_Workspaces/bumperbot_ws/install/bumper_bot/share/bumper_bot/models/aws_robomaker_residential_AirconditionerB_01/meshes/aws_AirconditionerB_01_collision.DAE
[1.040s] -- Installing: /home/unknown/ROS2_Workspaces/bumperbot_ws/install/bumper_bot/share/bumper_bot/models/aws_robomaker_residential_AirconditionerB_01/meshes/aws_AirconditionerB_01_visual.DAE
[1.041s] -- Installing: /home/unknown/ROS2_Workspaces/bumperbot_ws/install/bumper_bot/share/bumper_bot/models/aws_robomaker_warehouse_PalletJackB_01
[1.041s] -- Installing: /home/unknown/ROS2_Workspaces/bumperbot_ws/install/bumper_bot/share/bumper_bot/models/aws_robomaker_warehouse_PalletJackB_01/model.sdf
[1.041s] -- Installing: /home/unknown/ROS2_Workspaces/bumperbot_ws/install/bumper_bot/share/bumper_bot/models/aws_robomaker_warehouse_PalletJackB_01/.DS_Store
[1.041s] -- Installing: /home/unknown/ROS2_Workspaces/bumperbot_ws/install/bumper_bot/share/bumper_bot/models/aws_robomaker_warehouse_PalletJackB_01/materials
[1.041s] -- Installing: /home/unknown/ROS2_Workspaces/bumperbot_ws/install/bumper_bot/share/bumper_bot/models/aws_robomaker_warehouse_PalletJackB_01/materials/textures
[1.041s] -- Installing: /home/unknown/ROS2_Workspaces/bumperbot_ws/install/bumper_bot/share/bumper_bot/models/aws_robomaker_warehouse_PalletJackB_01/materials/textures/aws_robomaker_warehouse_PalletJackB_02.png
[1.042s] -- Installing: /home/unknown/ROS2_Workspaces/bumperbot_ws/install/bumper_bot/share/bumper_bot/models/aws_robomaker_warehouse_PalletJackB_01/materials/textures/aws_robomaker_warehouse_PalletJackB_01.png
[1.047s] -- Installing: /home/unknown/ROS2_Workspaces/bumperbot_ws/install/bumper_bot/share/bumper_bot/models/aws_robomaker_warehouse_PalletJackB_01/materials/.DS_Store
[1.047s] -- Installing: /home/unknown/ROS2_Workspaces/bumperbot_ws/install/bumper_bot/share/bumper_bot/models/aws_robomaker_warehouse_PalletJackB_01/model.config
[1.047s] -- Installing: /home/unknown/ROS2_Workspaces/bumperbot_ws/install/bumper_bot/share/bumper_bot/models/aws_robomaker_warehouse_PalletJackB_01/meshes
[1.047s] -- Installing: /home/unknown/ROS2_Workspaces/bumperbot_ws/install/bumper_bot/share/bumper_bot/models/aws_robomaker_warehouse_PalletJackB_01/meshes/aws_robomaker_warehouse_PalletJackB_01_collision.DAE
[1.047s] -- Installing: /home/unknown/ROS2_Workspaces/bumperbot_ws/install/bumper_bot/share/bumper_bot/models/aws_robomaker_warehouse_PalletJackB_01/meshes/aws_robomaker_warehouse_PalletJackB_01_visual.DAE
[1.047s] -- Installing: /home/unknown/ROS2_Workspaces/bumperbot_ws/install/bumper_bot/share/bumper_bot/models/aws_robomaker_residential_Trash_01
[1.047s] -- Installing: /home/unknown/ROS2_Workspaces/bumperbot_ws/install/bumper_bot/share/bumper_bot/models/aws_robomaker_residential_Trash_01/model.sdf
[1.048s] -- Installing: /home/unknown/ROS2_Workspaces/bumperbot_ws/install/bumper_bot/share/bumper_bot/models/aws_robomaker_residential_Trash_01/materials
[1.048s] -- Installing: /home/unknown/ROS2_Workspaces/bumperbot_ws/install/bumper_bot/share/bumper_bot/models/aws_robomaker_residential_Trash_01/materials/textures
[1.048s] -- Installing: /home/unknown/ROS2_Workspaces/bumperbot_ws/install/bumper_bot/share/bumper_bot/models/aws_robomaker_residential_Trash_01/materials/textures/aws_Trash_01.png
[1.048s] -- Installing: /home/unknown/ROS2_Workspaces/bumperbot_ws/install/bumper_bot/share/bumper_bot/models/aws_robomaker_residential_Trash_01/model.config
[1.048s] -- Installing: /home/unknown/ROS2_Workspaces/bumperbot_ws/install/bumper_bot/share/bumper_bot/models/aws_robomaker_residential_Trash_01/meshes
[1.048s] -- Installing: /home/unknown/ROS2_Workspaces/bumperbot_ws/install/bumper_bot/share/bumper_bot/models/aws_robomaker_residential_Trash_01/meshes/aws_Trash_01_visual.DAE
[1.048s] -- Installing: /home/unknown/ROS2_Workspaces/bumperbot_ws/install/bumper_bot/share/bumper_bot/models/aws_robomaker_residential_Trash_01/meshes/aws_Trash_01_collision.DAE
[1.049s] -- Installing: /home/unknown/ROS2_Workspaces/bumperbot_ws/install/bumper_bot/share/bumper_bot/models/aws_robomaker_residential_ChairD_01
[1.049s] -- Installing: /home/unknown/ROS2_Workspaces/bumperbot_ws/install/bumper_bot/share/bumper_bot/models/aws_robomaker_residential_ChairD_01/model.sdf
[1.049s] -- Installing: /home/unknown/ROS2_Workspaces/bumperbot_ws/install/bumper_bot/share/bumper_bot/models/aws_robomaker_residential_ChairD_01/materials
[1.049s] -- Installing: /home/unknown/ROS2_Workspaces/bumperbot_ws/install/bumper_bot/share/bumper_bot/models/aws_robomaker_residential_ChairD_01/materials/textures
[1.050s] -- Installing: /home/unknown/ROS2_Workspaces/bumperbot_ws/install/bumper_bot/share/bumper_bot/models/aws_robomaker_residential_ChairD_01/materials/textures/aws_ChairD_01.png
[1.050s] -- Installing: /home/unknown/ROS2_Workspaces/bumperbot_ws/install/bumper_bot/share/bumper_bot/models/aws_robomaker_residential_ChairD_01/model.config
[1.051s] -- Installing: /home/unknown/ROS2_Workspaces/bumperbot_ws/install/bumper_bot/share/bumper_bot/models/aws_robomaker_residential_ChairD_01/meshes
[1.051s] -- Installing: /home/unknown/ROS2_Workspaces/bumperbot_ws/install/bumper_bot/share/bumper_bot/models/aws_robomaker_residential_ChairD_01/meshes/aws_ChairD_01_visual.DAE
[1.052s] -- Installing: /home/unknown/ROS2_Workspaces/bumperbot_ws/install/bumper_bot/share/bumper_bot/models/aws_robomaker_residential_ChairD_01/meshes/aws_ChairD_01_collision.DAE
[1.052s] -- Installing: /home/unknown/ROS2_Workspaces/bumperbot_ws/install/bumper_bot/share/bumper_bot/models/aws_robomaker_residential_KitchenCabinet_01
[1.053s] -- Installing: /home/unknown/ROS2_Workspaces/bumperbot_ws/install/bumper_bot/share/bumper_bot/models/aws_robomaker_residential_KitchenCabinet_01/model.sdf
[1.053s] -- Installing: /home/unknown/ROS2_Workspaces/bumperbot_ws/install/bumper_bot/share/bumper_bot/models/aws_robomaker_residential_KitchenCabinet_01/materials
[1.054s] -- Installing: /home/unknown/ROS2_Workspaces/bumperbot_ws/install/bumper_bot/share/bumper_bot/models/aws_robomaker_residential_KitchenCabinet_01/materials/textures
[1.055s] -- Installing: /home/unknown/ROS2_Workspaces/bumperbot_ws/install/bumper_bot/share/bumper_bot/models/aws_robomaker_residential_KitchenCabinet_01/materials/textures/aws_KitchenCabinet_01.png
[1.055s] -- Installing: /home/unknown/ROS2_Workspaces/bumperbot_ws/install/bumper_bot/share/bumper_bot/models/aws_robomaker_residential_KitchenCabinet_01/model.config
[1.055s] -- Installing: /home/unknown/ROS2_Workspaces/bumperbot_ws/install/bumper_bot/share/bumper_bot/models/aws_robomaker_residential_KitchenCabinet_01/meshes
[1.058s] -- Installing: /home/unknown/ROS2_Workspaces/bumperbot_ws/install/bumper_bot/share/bumper_bot/models/aws_robomaker_residential_KitchenCabinet_01/meshes/aws_KitchenCabinet_01_visual.DAE
[1.059s] -- Installing: /home/unknown/ROS2_Workspaces/bumperbot_ws/install/bumper_bot/share/bumper_bot/models/aws_robomaker_residential_KitchenCabinet_01/meshes/aws_KitchenCabinet_01_collision.DAE
[1.060s] -- Installing: /home/unknown/ROS2_Workspaces/bumperbot_ws/install/bumper_bot/share/bumper_bot/models/aws_robomaker_residential_FitnessEquipment_01
[1.060s] -- Installing: /home/unknown/ROS2_Workspaces/bumperbot_ws/install/bumper_bot/share/bumper_bot/models/aws_robomaker_residential_FitnessEquipment_01/model.sdf
[1.060s] -- Installing: /home/unknown/ROS2_Workspaces/bumperbot_ws/install/bumper_bot/share/bumper_bot/models/aws_robomaker_residential_FitnessEquipment_01/materials
[1.061s] -- Installing: /home/unknown/ROS2_Workspaces/bumperbot_ws/install/bumper_bot/share/bumper_bot/models/aws_robomaker_residential_FitnessEquipment_01/materials/textures
[1.061s] -- Installing: /home/unknown/ROS2_Workspaces/bumperbot_ws/install/bumper_bot/share/bumper_bot/models/aws_robomaker_residential_FitnessEquipment_01/materials/textures/aws_FitnessEquipment_01.png
[1.062s] -- Installing: /home/unknown/ROS2_Workspaces/bumperbot_ws/install/bumper_bot/share/bumper_bot/models/aws_robomaker_residential_FitnessEquipment_01/model.config
[1.062s] -- Installing: /home/unknown/ROS2_Workspaces/bumperbot_ws/install/bumper_bot/share/bumper_bot/models/aws_robomaker_residential_FitnessEquipment_01/meshes
[1.063s] -- Installing: /home/unknown/ROS2_Workspaces/bumperbot_ws/install/bumper_bot/share/bumper_bot/models/aws_robomaker_residential_FitnessEquipment_01/meshes/aws_FitnessEquipment_01_visual.DAE
[1.064s] -- Installing: /home/unknown/ROS2_Workspaces/bumperbot_ws/install/bumper_bot/share/bumper_bot/models/aws_robomaker_residential_FitnessEquipment_01/meshes/aws_FitnessEquipment_01_collision.DAE
[1.064s] -- Installing: /home/unknown/ROS2_Workspaces/bumperbot_ws/install/bumper_bot/share/bumper_bot/models/aws_robomaker_residential_TV_02
[1.065s] -- Installing: /home/unknown/ROS2_Workspaces/bumperbot_ws/install/bumper_bot/share/bumper_bot/models/aws_robomaker_residential_TV_02/model.sdf
[1.065s] -- Installing: /home/unknown/ROS2_Workspaces/bumperbot_ws/install/bumper_bot/share/bumper_bot/models/aws_robomaker_residential_TV_02/materials
[1.065s] -- Installing: /home/unknown/ROS2_Workspaces/bumperbot_ws/install/bumper_bot/share/bumper_bot/models/aws_robomaker_residential_TV_02/materials/textures
[1.067s] -- Installing: /home/unknown/ROS2_Workspaces/bumperbot_ws/install/bumper_bot/share/bumper_bot/models/aws_robomaker_residential_TV_02/materials/textures/aws_TV_01.png
[1.068s] -- Installing: /home/unknown/ROS2_Workspaces/bumperbot_ws/install/bumper_bot/share/bumper_bot/models/aws_robomaker_residential_TV_02/model.config
[1.068s] -- Installing: /home/unknown/ROS2_Workspaces/bumperbot_ws/install/bumper_bot/share/bumper_bot/models/aws_robomaker_residential_TV_02/meshes
[1.069s] -- Installing: /home/unknown/ROS2_Workspaces/bumperbot_ws/install/bumper_bot/share/bumper_bot/models/aws_robomaker_residential_TV_02/meshes/aws_TV_01_visual.DAE
[1.069s] -- Installing: /home/unknown/ROS2_Workspaces/bumperbot_ws/install/bumper_bot/share/bumper_bot/models/aws_robomaker_residential_TV_02/meshes/aws_TV_01_collision.DAE
[1.069s] -- Installing: /home/unknown/ROS2_Workspaces/bumperbot_ws/install/bumper_bot/share/bumper_bot/models/aws_robomaker_residential_PortraitE_01
[1.069s] -- Installing: /home/unknown/ROS2_Workspaces/bumperbot_ws/install/bumper_bot/share/bumper_bot/models/aws_robomaker_residential_PortraitE_01/model.sdf
[1.070s] -- Installing: /home/unknown/ROS2_Workspaces/bumperbot_ws/install/bumper_bot/share/bumper_bot/models/aws_robomaker_residential_PortraitE_01/materials
[1.070s] -- Installing: /home/unknown/ROS2_Workspaces/bumperbot_ws/install/bumper_bot/share/bumper_bot/models/aws_robomaker_residential_PortraitE_01/materials/textures
[1.070s] -- Installing: /home/unknown/ROS2_Workspaces/bumperbot_ws/install/bumper_bot/share/bumper_bot/models/aws_robomaker_residential_PortraitE_01/materials/textures/aws_PortraitE_02.png
[1.074s] -- Installing: /home/unknown/ROS2_Workspaces/bumperbot_ws/install/bumper_bot/share/bumper_bot/models/aws_robomaker_residential_PortraitE_01/materials/textures/aws_PortraitE_01.png
[1.074s] -- Installing: /home/unknown/ROS2_Workspaces/bumperbot_ws/install/bumper_bot/share/bumper_bot/models/aws_robomaker_residential_PortraitE_01/model.config
[1.074s] -- Installing: /home/unknown/ROS2_Workspaces/bumperbot_ws/install/bumper_bot/share/bumper_bot/models/aws_robomaker_residential_PortraitE_01/meshes
[1.074s] -- Installing: /home/unknown/ROS2_Workspaces/bumperbot_ws/install/bumper_bot/share/bumper_bot/models/aws_robomaker_residential_PortraitE_01/meshes/aws_PortraitE_01_visual.DAE
[1.077s] -- Installing: /home/unknown/ROS2_Workspaces/bumperbot_ws/install/bumper_bot/share/bumper_bot/models/aws_robomaker_residential_PortraitE_01/meshes/aws_PortraitE_01_collision.DAE
[1.077s] -- Installing: /home/unknown/ROS2_Workspaces/bumperbot_ws/install/bumper_bot/share/bumper_bot/models/aws_robomaker_residential_TVCabinet_01
[1.077s] -- Installing: /home/unknown/ROS2_Workspaces/bumperbot_ws/install/bumper_bot/share/bumper_bot/models/aws_robomaker_residential_TVCabinet_01/model.sdf
[1.077s] -- Installing: /home/unknown/ROS2_Workspaces/bumperbot_ws/install/bumper_bot/share/bumper_bot/models/aws_robomaker_residential_TVCabinet_01/materials
[1.077s] -- Installing: /home/unknown/ROS2_Workspaces/bumperbot_ws/install/bumper_bot/share/bumper_bot/models/aws_robomaker_residential_TVCabinet_01/materials/textures
[1.077s] -- Installing: /home/unknown/ROS2_Workspaces/bumperbot_ws/install/bumper_bot/share/bumper_bot/models/aws_robomaker_residential_TVCabinet_01/materials/textures/aws_TVCabinet_01.png
[1.077s] -- Installing: /home/unknown/ROS2_Workspaces/bumperbot_ws/install/bumper_bot/share/bumper_bot/models/aws_robomaker_residential_TVCabinet_01/model.config
[1.077s] -- Installing: /home/unknown/ROS2_Workspaces/bumperbot_ws/install/bumper_bot/share/bumper_bot/models/aws_robomaker_residential_TVCabinet_01/meshes
[1.081s] -- Installing: /home/unknown/ROS2_Workspaces/bumperbot_ws/install/bumper_bot/share/bumper_bot/models/aws_robomaker_residential_TVCabinet_01/meshes/aws_TVCabinet_01_collision.DAE
[1.081s] -- Installing: /home/unknown/ROS2_Workspaces/bumperbot_ws/install/bumper_bot/share/bumper_bot/models/aws_robomaker_residential_TVCabinet_01/meshes/aws_TVCabinet_01_visual.DAE
[1.081s] -- Installing: /home/unknown/ROS2_Workspaces/bumperbot_ws/install/bumper_bot/share/bumper_bot/models/aws_robomaker_residential_SofaB_01
[1.081s] -- Installing: /home/unknown/ROS2_Workspaces/bumperbot_ws/install/bumper_bot/share/bumper_bot/models/aws_robomaker_residential_SofaB_01/model.sdf
[1.081s] -- Installing: /home/unknown/ROS2_Workspaces/bumperbot_ws/install/bumper_bot/share/bumper_bot/models/aws_robomaker_residential_SofaB_01/materials
[1.081s] -- Installing: /home/unknown/ROS2_Workspaces/bumperbot_ws/install/bumper_bot/share/bumper_bot/models/aws_robomaker_residential_SofaB_01/materials/textures
[1.082s] -- Installing: /home/unknown/ROS2_Workspaces/bumperbot_ws/install/bumper_bot/share/bumper_bot/models/aws_robomaker_residential_SofaB_01/materials/textures/aws_SofaB_01.png
[1.082s] -- Installing: /home/unknown/ROS2_Workspaces/bumperbot_ws/install/bumper_bot/share/bumper_bot/models/aws_robomaker_residential_SofaB_01/model.config
[1.082s] -- Installing: /home/unknown/ROS2_Workspaces/bumperbot_ws/install/bumper_bot/share/bumper_bot/models/aws_robomaker_residential_SofaB_01/meshes
[1.082s] -- Installing: /home/unknown/ROS2_Workspaces/bumperbot_ws/install/bumper_bot/share/bumper_bot/models/aws_robomaker_residential_SofaB_01/meshes/aws_SofaB_01_visual.DAE
[1.082s] -- Installing: /home/unknown/ROS2_Workspaces/bumperbot_ws/install/bumper_bot/share/bumper_bot/models/aws_robomaker_residential_SofaB_01/meshes/aws_SofaB_01_collision.DAE
[1.091s] -- Installing: /home/unknown/ROS2_Workspaces/bumperbot_ws/install/bumper_bot/share/bumper_bot/models/aws_robomaker_residential_Tableware_01
[1.091s] -- Installing: /home/unknown/ROS2_Workspaces/bumperbot_ws/install/bumper_bot/share/bumper_bot/models/aws_robomaker_residential_Tableware_01/model.sdf
[1.091s] -- Installing: /home/unknown/ROS2_Workspaces/bumperbot_ws/install/bumper_bot/share/bumper_bot/models/aws_robomaker_residential_Tableware_01/materials
[1.091s] -- Installing: /home/unknown/ROS2_Workspaces/bumperbot_ws/install/bumper_bot/share/bumper_bot/models/aws_robomaker_residential_Tableware_01/materials/textures
[1.091s] -- Installing: /home/unknown/ROS2_Workspaces/bumperbot_ws/install/bumper_bot/share/bumper_bot/models/aws_robomaker_residential_Tableware_01/materials/textures/aws_Tableware_01.png
[1.092s] -- Installing: /home/unknown/ROS2_Workspaces/bumperbot_ws/install/bumper_bot/share/bumper_bot/models/aws_robomaker_residential_Tableware_01/model.config
[1.092s] -- Installing: /home/unknown/ROS2_Workspaces/bumperbot_ws/install/bumper_bot/share/bumper_bot/models/aws_robomaker_residential_Tableware_01/meshes
[1.092s] -- Installing: /home/unknown/ROS2_Workspaces/bumperbot_ws/install/bumper_bot/share/bumper_bot/models/aws_robomaker_residential_Tableware_01/meshes/aws_Tableware_01_collision.DAE
[1.092s] -- Installing: /home/unknown/ROS2_Workspaces/bumperbot_ws/install/bumper_bot/share/bumper_bot/models/aws_robomaker_residential_Tableware_01/meshes/aws_Tableware_01_visual.DAE
[1.092s] -- Installing: /home/unknown/ROS2_Workspaces/bumperbot_ws/install/bumper_bot/share/bumper_bot/models/aws_robomaker_residential_CookingBench_01
[1.092s] -- Installing: /home/unknown/ROS2_Workspaces/bumperbot_ws/install/bumper_bot/share/bumper_bot/models/aws_robomaker_residential_CookingBench_01/model.sdf
[1.092s] -- Installing: /home/unknown/ROS2_Workspaces/bumperbot_ws/install/bumper_bot/share/bumper_bot/models/aws_robomaker_residential_CookingBench_01/materials
[1.093s] -- Installing: /home/unknown/ROS2_Workspaces/bumperbot_ws/install/bumper_bot/share/bumper_bot/models/aws_robomaker_residential_CookingBench_01/materials/textures
[1.093s] -- Installing: /home/unknown/ROS2_Workspaces/bumperbot_ws/install/bumper_bot/share/bumper_bot/models/aws_robomaker_residential_CookingBench_01/materials/textures/aws_CookingBench_01.png
[1.093s] -- Installing: /home/unknown/ROS2_Workspaces/bumperbot_ws/install/bumper_bot/share/bumper_bot/models/aws_robomaker_residential_CookingBench_01/model.config
[1.093s] -- Installing: /home/unknown/ROS2_Workspaces/bumperbot_ws/install/bumper_bot/share/bumper_bot/models/aws_robomaker_residential_CookingBench_01/meshes
[1.093s] -- Installing: /home/unknown/ROS2_Workspaces/bumperbot_ws/install/bumper_bot/share/bumper_bot/models/aws_robomaker_residential_CookingBench_01/meshes/aws_CookingBench_01.DAE
[1.093s] -- Installing: /home/unknown/ROS2_Workspaces/bumperbot_ws/install/bumper_bot/share/bumper_bot/models/aws_robomaker_residential_CookingBench_01/meshes/aws_CookingBench_01_visual.DAE
[1.096s] -- Installing: /home/unknown/ROS2_Workspaces/bumperbot_ws/install/bumper_bot/share/bumper_bot/models/aws_robomaker_residential_CookingBench_01/meshes/aws_CookingBench_01_collision.DAE
[1.096s] -- Installing: /home/unknown/ROS2_Workspaces/bumperbot_ws/install/bumper_bot/share/bumper_bot/models/aws_robomaker_residential_Wardrobe_01
[1.096s] -- Installing: /home/unknown/ROS2_Workspaces/bumperbot_ws/install/bumper_bot/share/bumper_bot/models/aws_robomaker_residential_Wardrobe_01/model.sdf
[1.103s] -- Installing: /home/unknown/ROS2_Workspaces/bumperbot_ws/install/bumper_bot/share/bumper_bot/models/aws_robomaker_residential_Wardrobe_01/materials
[1.103s] -- Installing: /home/unknown/ROS2_Workspaces/bumperbot_ws/install/bumper_bot/share/bumper_bot/models/aws_robomaker_residential_Wardrobe_01/materials/textures
[1.103s] -- Installing: /home/unknown/ROS2_Workspaces/bumperbot_ws/install/bumper_bot/share/bumper_bot/models/aws_robomaker_residential_Wardrobe_01/materials/textures/aws_Wardrobe_01.png
[1.103s] -- Installing: /home/unknown/ROS2_Workspaces/bumperbot_ws/install/bumper_bot/share/bumper_bot/models/aws_robomaker_residential_Wardrobe_01/model.config
[1.103s] -- Installing: /home/unknown/ROS2_Workspaces/bumperbot_ws/install/bumper_bot/share/bumper_bot/models/aws_robomaker_residential_Wardrobe_01/meshes
[1.103s] -- Installing: /home/unknown/ROS2_Workspaces/bumperbot_ws/install/bumper_bot/share/bumper_bot/models/aws_robomaker_residential_Wardrobe_01/meshes/aws_Wardrobe_01_collision.DAE
[1.104s] -- Installing: /home/unknown/ROS2_Workspaces/bumperbot_ws/install/bumper_bot/share/bumper_bot/models/aws_robomaker_residential_Wardrobe_01/meshes/aws_Wardrobe_01_visual.DAE
[1.104s] -- Installing: /home/unknown/ROS2_Workspaces/bumperbot_ws/install/bumper_bot/share/bumper_bot/models/aws_robomaker_residential_DeskPortraitC_01
[1.104s] -- Installing: /home/unknown/ROS2_Workspaces/bumperbot_ws/install/bumper_bot/share/bumper_bot/models/aws_robomaker_residential_DeskPortraitC_01/model.sdf
[1.104s] -- Installing: /home/unknown/ROS2_Workspaces/bumperbot_ws/install/bumper_bot/share/bumper_bot/models/aws_robomaker_residential_DeskPortraitC_01/materials
[1.104s] -- Installing: /home/unknown/ROS2_Workspaces/bumperbot_ws/install/bumper_bot/share/bumper_bot/models/aws_robomaker_residential_DeskPortraitC_01/materials/textures
[1.104s] -- Installing: /home/unknown/ROS2_Workspaces/bumperbot_ws/install/bumper_bot/share/bumper_bot/models/aws_robomaker_residential_DeskPortraitC_01/materials/textures/aws_DeskPortraitC_02.png
[1.107s] -- Installing: /home/unknown/ROS2_Workspaces/bumperbot_ws/install/bumper_bot/share/bumper_bot/models/aws_robomaker_residential_DeskPortraitC_01/materials/textures/aws_DeskPortraitC_01.png
[1.108s] -- Installing: /home/unknown/ROS2_Workspaces/bumperbot_ws/install/bumper_bot/share/bumper_bot/models/aws_robomaker_residential_DeskPortraitC_01/model.config
[1.108s] -- Installing: /home/unknown/ROS2_Workspaces/bumperbot_ws/install/bumper_bot/share/bumper_bot/models/aws_robomaker_residential_DeskPortraitC_01/meshes
[1.108s] -- Installing: /home/unknown/ROS2_Workspaces/bumperbot_ws/install/bumper_bot/share/bumper_bot/models/aws_robomaker_residential_DeskPortraitC_01/meshes/aws_DeskPortraitC_01_collision.DAE
[1.108s] -- Installing: /home/unknown/ROS2_Workspaces/bumperbot_ws/install/bumper_bot/share/bumper_bot/models/aws_robomaker_residential_DeskPortraitC_01/meshes/aws_DeskPortraitC_01_visual.DAE
[1.108s] -- Installing: /home/unknown/ROS2_Workspaces/bumperbot_ws/install/bumper_bot/share/bumper_bot/models/aws_robomaker_residential_SecurityCamera_01
[1.110s] -- Installing: /home/unknown/ROS2_Workspaces/bumperbot_ws/install/bumper_bot/share/bumper_bot/models/aws_robomaker_residential_SecurityCamera_01/model.sdf
[1.110s] -- Installing: /home/unknown/ROS2_Workspaces/bumperbot_ws/install/bumper_bot/share/bumper_bot/models/aws_robomaker_residential_SecurityCamera_01/materials
[1.110s] -- Installing: /home/unknown/ROS2_Workspaces/bumperbot_ws/install/bumper_bot/share/bumper_bot/models/aws_robomaker_residential_SecurityCamera_01/materials/textures
[1.110s] -- Installing: /home/unknown/ROS2_Workspaces/bumperbot_ws/install/bumper_bot/share/bumper_bot/models/aws_robomaker_residential_SecurityCamera_01/materials/textures/aws_SecurityCamera_01.png
[1.110s] -- Installing: /home/unknown/ROS2_Workspaces/bumperbot_ws/install/bumper_bot/share/bumper_bot/models/aws_robomaker_residential_SecurityCamera_01/model.config
[1.110s] -- Installing: /home/unknown/ROS2_Workspaces/bumperbot_ws/install/bumper_bot/share/bumper_bot/models/aws_robomaker_residential_SecurityCamera_01/meshes
[1.112s] -- Installing: /home/unknown/ROS2_Workspaces/bumperbot_ws/install/bumper_bot/share/bumper_bot/models/aws_robomaker_residential_SecurityCamera_01/meshes/aws_SecurityCamera_01_visual.DAE
[1.112s] -- Installing: /home/unknown/ROS2_Workspaces/bumperbot_ws/install/bumper_bot/share/bumper_bot/models/aws_robomaker_residential_SecurityCamera_01/meshes/aws_SecurityCamera_01_collision.DAE
[1.113s] -- Installing: /home/unknown/ROS2_Workspaces/bumperbot_ws/install/bumper_bot/share/bumper_bot/models/aws_robomaker_residential_Bed_01
[1.113s] -- Installing: /home/unknown/ROS2_Workspaces/bumperbot_ws/install/bumper_bot/share/bumper_bot/models/aws_robomaker_residential_Bed_01/model.sdf
[1.114s] -- Installing: /home/unknown/ROS2_Workspaces/bumperbot_ws/install/bumper_bot/share/bumper_bot/models/aws_robomaker_residential_Bed_01/materials
[1.115s] -- Installing: /home/unknown/ROS2_Workspaces/bumperbot_ws/install/bumper_bot/share/bumper_bot/models/aws_robomaker_residential_Bed_01/materials/textures
[1.115s] -- Installing: /home/unknown/ROS2_Workspaces/bumperbot_ws/install/bumper_bot/share/bumper_bot/models/aws_robomaker_residential_Bed_01/materials/textures/aws_BedC_01.png
[1.116s] -- Installing: /home/unknown/ROS2_Workspaces/bumperbot_ws/install/bumper_bot/share/bumper_bot/models/aws_robomaker_residential_Bed_01/materials/textures/aws_Bed_01.png
[1.116s] -- Installing: /home/unknown/ROS2_Workspaces/bumperbot_ws/install/bumper_bot/share/bumper_bot/models/aws_robomaker_residential_Bed_01/materials/textures/aws_BedA_01.png
[1.122s] -- Installing: /home/unknown/ROS2_Workspaces/bumperbot_ws/install/bumper_bot/share/bumper_bot/models/aws_robomaker_residential_Bed_01/materials/textures/aws_BedB_01.png
[1.129s] -- Installing: /home/unknown/ROS2_Workspaces/bumperbot_ws/install/bumper_bot/share/bumper_bot/models/aws_robomaker_residential_Bed_01/model.config
[1.130s] -- Installing: /home/unknown/ROS2_Workspaces/bumperbot_ws/install/bumper_bot/share/bumper_bot/models/aws_robomaker_residential_Bed_01/meshes
[1.130s] -- Installing: /home/unknown/ROS2_Workspaces/bumperbot_ws/install/bumper_bot/share/bumper_bot/models/aws_robomaker_residential_Bed_01/meshes/aws_Bed_01_visual.DAE
[1.130s] -- Installing: /home/unknown/ROS2_Workspaces/bumperbot_ws/install/bumper_bot/share/bumper_bot/models/aws_robomaker_residential_Bed_01/meshes/aws_Bed_01_collision.DAE
[1.133s] -- Installing: /home/unknown/ROS2_Workspaces/bumperbot_ws/install/bumper_bot/share/bumper_bot/models/aws_robomaker_residential_Board_01
[1.133s] -- Installing: /home/unknown/ROS2_Workspaces/bumperbot_ws/install/bumper_bot/share/bumper_bot/models/aws_robomaker_residential_Board_01/model.sdf
[1.133s] -- Installing: /home/unknown/ROS2_Workspaces/bumperbot_ws/install/bumper_bot/share/bumper_bot/models/aws_robomaker_residential_Board_01/materials
[1.133s] -- Installing: /home/unknown/ROS2_Workspaces/bumperbot_ws/install/bumper_bot/share/bumper_bot/models/aws_robomaker_residential_Board_01/materials/textures
[1.134s] -- Installing: /home/unknown/ROS2_Workspaces/bumperbot_ws/install/bumper_bot/share/bumper_bot/models/aws_robomaker_residential_Board_01/materials/textures/aws_Board_01.png
[1.134s] -- Installing: /home/unknown/ROS2_Workspaces/bumperbot_ws/install/bumper_bot/share/bumper_bot/models/aws_robomaker_residential_Board_01/model.config
[1.135s] -- Installing: /home/unknown/ROS2_Workspaces/bumperbot_ws/install/bumper_bot/share/bumper_bot/models/aws_robomaker_residential_Board_01/meshes
[1.135s] -- Installing: /home/unknown/ROS2_Workspaces/bumperbot_ws/install/bumper_bot/share/bumper_bot/models/aws_robomaker_residential_Board_01/meshes/aws_Board_01_visual.DAE
[1.135s] -- Installing: /home/unknown/ROS2_Workspaces/bumperbot_ws/install/bumper_bot/share/bumper_bot/models/aws_robomaker_residential_Board_01/meshes/aws_Board_01_collision.DAE
[1.135s] -- Installing: /home/unknown/ROS2_Workspaces/bumperbot_ws/install/bumper_bot/share/bumper_bot/models/aws_robomaker_residential_Pillow_01
[1.136s] -- Installing: /home/unknown/ROS2_Workspaces/bumperbot_ws/install/bumper_bot/share/bumper_bot/models/aws_robomaker_residential_Pillow_01/model.sdf
[1.136s] -- Installing: /home/unknown/ROS2_Workspaces/bumperbot_ws/install/bumper_bot/share/bumper_bot/models/aws_robomaker_residential_Pillow_01/materials
[1.136s] -- Installing: /home/unknown/ROS2_Workspaces/bumperbot_ws/install/bumper_bot/share/bumper_bot/models/aws_robomaker_residential_Pillow_01/materials/textures
[1.136s] -- Installing: /home/unknown/ROS2_Workspaces/bumperbot_ws/install/bumper_bot/share/bumper_bot/models/aws_robomaker_residential_Pillow_01/materials/textures/aws_Pillow_01.png
[1.143s] -- Installing: /home/unknown/ROS2_Workspaces/bumperbot_ws/install/bumper_bot/share/bumper_bot/models/aws_robomaker_residential_Pillow_01/model.config
[1.144s] -- Installing: /home/unknown/ROS2_Workspaces/bumperbot_ws/install/bumper_bot/share/bumper_bot/models/aws_robomaker_residential_Pillow_01/meshes
[1.144s] -- Installing: /home/unknown/ROS2_Workspaces/bumperbot_ws/install/bumper_bot/share/bumper_bot/models/aws_robomaker_residential_Pillow_01/meshes/aws_Pillow_01_collision.DAE
[1.144s] -- Installing: /home/unknown/ROS2_Workspaces/bumperbot_ws/install/bumper_bot/share/bumper_bot/models/aws_robomaker_residential_Pillow_01/meshes/aws_Pillow_01_visual.DAE
[1.145s] -- Installing: /home/unknown/ROS2_Workspaces/bumperbot_ws/install/bumper_bot/share/bumper_bot/models/aws_robomaker_residential_PortraitD_02
[1.145s] -- Installing: /home/unknown/ROS2_Workspaces/bumperbot_ws/install/bumper_bot/share/bumper_bot/models/aws_robomaker_residential_PortraitD_02/model.sdf
[1.145s] -- Installing: /home/unknown/ROS2_Workspaces/bumperbot_ws/install/bumper_bot/share/bumper_bot/models/aws_robomaker_residential_PortraitD_02/materials
[1.145s] -- Installing: /home/unknown/ROS2_Workspaces/bumperbot_ws/install/bumper_bot/share/bumper_bot/models/aws_robomaker_residential_PortraitD_02/materials/textures
[1.146s] -- Installing: /home/unknown/ROS2_Workspaces/bumperbot_ws/install/bumper_bot/share/bumper_bot/models/aws_robomaker_residential_PortraitD_02/materials/textures/aws_PortraitD_01.png
[1.146s] -- Installing: /home/unknown/ROS2_Workspaces/bumperbot_ws/install/bumper_bot/share/bumper_bot/models/aws_robomaker_residential_PortraitD_02/materials/textures/aws_PortraitD_02.png
[1.149s] -- Installing: /home/unknown/ROS2_Workspaces/bumperbot_ws/install/bumper_bot/share/bumper_bot/models/aws_robomaker_residential_PortraitD_02/model.config
[1.150s] -- Installing: /home/unknown/ROS2_Workspaces/bumperbot_ws/install/bumper_bot/share/bumper_bot/models/aws_robomaker_residential_PortraitD_02/meshes
[1.150s] -- Installing: /home/unknown/ROS2_Workspaces/bumperbot_ws/install/bumper_bot/share/bumper_bot/models/aws_robomaker_residential_PortraitD_02/meshes/aws_PortraitD_01_visual.DAE
[1.150s] -- Installing: /home/unknown/ROS2_Workspaces/bumperbot_ws/install/bumper_bot/share/bumper_bot/models/aws_robomaker_residential_PortraitD_02/meshes/aws_PortraitD_01_collision.DAE
[1.150s] -- Installing: /home/unknown/ROS2_Workspaces/bumperbot_ws/install/bumper_bot/share/bumper_bot/models/aws_robomaker_residential_BalconyTable_01
[1.150s] -- Installing: /home/unknown/ROS2_Workspaces/bumperbot_ws/install/bumper_bot/share/bumper_bot/models/aws_robomaker_residential_BalconyTable_01/model.sdf
[1.151s] -- Installing: /home/unknown/ROS2_Workspaces/bumperbot_ws/install/bumper_bot/share/bumper_bot/models/aws_robomaker_residential_BalconyTable_01/materials
[1.151s] -- Installing: /home/unknown/ROS2_Workspaces/bumperbot_ws/install/bumper_bot/share/bumper_bot/models/aws_robomaker_residential_BalconyTable_01/materials/textures
[1.151s] -- Installing: /home/unknown/ROS2_Workspaces/bumperbot_ws/install/bumper_bot/share/bumper_bot/models/aws_robomaker_residential_BalconyTable_01/materials/textures/aws_BalconyTable_01.png
[1.151s] -- Installing: /home/unknown/ROS2_Workspaces/bumperbot_ws/install/bumper_bot/share/bumper_bot/models/aws_robomaker_residential_BalconyTable_01/model.config
[1.152s] -- Installing: /home/unknown/ROS2_Workspaces/bumperbot_ws/install/bumper_bot/share/bumper_bot/models/aws_robomaker_residential_BalconyTable_01/meshes
[1.152s] -- Installing: /home/unknown/ROS2_Workspaces/bumperbot_ws/install/bumper_bot/share/bumper_bot/models/aws_robomaker_residential_BalconyTable_01/meshes/aws_BalconyTable_01_collision.DAE
[1.156s] -- Installing: /home/unknown/ROS2_Workspaces/bumperbot_ws/install/bumper_bot/share/bumper_bot/models/aws_robomaker_residential_BalconyTable_01/meshes/aws_BalconyTable_01_visual.DAE
[1.156s] -- Installing: /home/unknown/ROS2_Workspaces/bumperbot_ws/install/bumper_bot/share/bumper_bot/models/aws_robomaker_residential_Quilt_01
[1.156s] -- Installing: /home/unknown/ROS2_Workspaces/bumperbot_ws/install/bumper_bot/share/bumper_bot/models/aws_robomaker_residential_Quilt_01/model.sdf
[1.156s] -- Installing: /home/unknown/ROS2_Workspaces/bumperbot_ws/install/bumper_bot/share/bumper_bot/models/aws_robomaker_residential_Quilt_01/materials
[1.156s] -- Installing: /home/unknown/ROS2_Workspaces/bumperbot_ws/install/bumper_bot/share/bumper_bot/models/aws_robomaker_residential_Quilt_01/materials/textures
[1.156s] -- Installing: /home/unknown/ROS2_Workspaces/bumperbot_ws/install/bumper_bot/share/bumper_bot/models/aws_robomaker_residential_Quilt_01/materials/textures/aws_Quilt_01.png
[1.157s] -- Installing: /home/unknown/ROS2_Workspaces/bumperbot_ws/install/bumper_bot/share/bumper_bot/models/aws_robomaker_residential_Quilt_01/model.config
[1.157s] -- Installing: /home/unknown/ROS2_Workspaces/bumperbot_ws/install/bumper_bot/share/bumper_bot/models/aws_robomaker_residential_Quilt_01/meshes
[1.157s] -- Installing: /home/unknown/ROS2_Workspaces/bumperbot_ws/install/bumper_bot/share/bumper_bot/models/aws_robomaker_residential_Quilt_01/meshes/aws_Quilt_01_collision.DAE
[1.157s] -- Installing: /home/unknown/ROS2_Workspaces/bumperbot_ws/install/bumper_bot/share/bumper_bot/models/aws_robomaker_residential_Quilt_01/meshes/aws_Quilt_01_visual.DAE
[1.157s] -- Installing: /home/unknown/ROS2_Workspaces/bumperbot_ws/install/bumper_bot/share/bumper_bot/models/aws_robomaker_residential_DeskPortraitA_02
[1.157s] -- Installing: /home/unknown/ROS2_Workspaces/bumperbot_ws/install/bumper_bot/share/bumper_bot/models/aws_robomaker_residential_DeskPortraitA_02/model.sdf
[1.158s] -- Installing: /home/unknown/ROS2_Workspaces/bumperbot_ws/install/bumper_bot/share/bumper_bot/models/aws_robomaker_residential_DeskPortraitA_02/materials
[1.158s] -- Installing: /home/unknown/ROS2_Workspaces/bumperbot_ws/install/bumper_bot/share/bumper_bot/models/aws_robomaker_residential_DeskPortraitA_02/materials/textures
[1.158s] -- Installing: /home/unknown/ROS2_Workspaces/bumperbot_ws/install/bumper_bot/share/bumper_bot/models/aws_robomaker_residential_DeskPortraitA_02/materials/textures/aws_DeskPortraitA_02.png
[1.158s] -- Installing: /home/unknown/ROS2_Workspaces/bumperbot_ws/install/bumper_bot/share/bumper_bot/models/aws_robomaker_residential_DeskPortraitA_02/materials/textures/aws_DeskPortraitA_01.png
[1.158s] -- Installing: /home/unknown/ROS2_Workspaces/bumperbot_ws/install/bumper_bot/share/bumper_bot/models/aws_robomaker_residential_DeskPortraitA_02/model.config
[1.158s] -- Installing: /home/unknown/ROS2_Workspaces/bumperbot_ws/install/bumper_bot/share/bumper_bot/models/aws_robomaker_residential_DeskPortraitA_02/meshes
[1.158s] -- Installing: /home/unknown/ROS2_Workspaces/bumperbot_ws/install/bumper_bot/share/bumper_bot/models/aws_robomaker_residential_DeskPortraitA_02/meshes/aws_DeskPortraitA_01_collision.DAE
[1.159s] -- Installing: /home/unknown/ROS2_Workspaces/bumperbot_ws/install/bumper_bot/share/bumper_bot/models/aws_robomaker_residential_DeskPortraitA_02/meshes/aws_DeskPortraitA_01_visual.DAE
[1.160s] -- Installing: /home/unknown/ROS2_Workspaces/bumperbot_ws/install/bumper_bot/share/bumper_bot/models/aws_robomaker_residential_ReadingDesk_01
[1.162s] -- Installing: /home/unknown/ROS2_Workspaces/bumperbot_ws/install/bumper_bot/share/bumper_bot/models/aws_robomaker_residential_ReadingDesk_01/model.sdf
[1.163s] -- Installing: /home/unknown/ROS2_Workspaces/bumperbot_ws/install/bumper_bot/share/bumper_bot/models/aws_robomaker_residential_ReadingDesk_01/materials
[1.163s] -- Installing: /home/unknown/ROS2_Workspaces/bumperbot_ws/install/bumper_bot/share/bumper_bot/models/aws_robomaker_residential_ReadingDesk_01/materials/textures
[1.163s] -- Installing: /home/unknown/ROS2_Workspaces/bumperbot_ws/install/bumper_bot/share/bumper_bot/models/aws_robomaker_residential_ReadingDesk_01/materials/textures/aws_ReadingDesk_01.png
[1.163s] -- Installing: /home/unknown/ROS2_Workspaces/bumperbot_ws/install/bumper_bot/share/bumper_bot/models/aws_robomaker_residential_ReadingDesk_01/model.config
[1.163s] -- Installing: /home/unknown/ROS2_Workspaces/bumperbot_ws/install/bumper_bot/share/bumper_bot/models/aws_robomaker_residential_ReadingDesk_01/meshes
[1.163s] -- Installing: /home/unknown/ROS2_Workspaces/bumperbot_ws/install/bumper_bot/share/bumper_bot/models/aws_robomaker_residential_ReadingDesk_01/meshes/aws_ReadingDesk_01_collision.DAE
[1.163s] -- Installing: /home/unknown/ROS2_Workspaces/bumperbot_ws/install/bumper_bot/share/bumper_bot/models/aws_robomaker_residential_ReadingDesk_01/meshes/aws_ReadingDesk_01_visual.DAE
[1.164s] -- Installing: /home/unknown/ROS2_Workspaces/bumperbot_ws/install/bumper_bot/share/bumper_bot/models/aws_robomaker_residential_Vase_01
[1.164s] -- Installing: /home/unknown/ROS2_Workspaces/bumperbot_ws/install/bumper_bot/share/bumper_bot/models/aws_robomaker_residential_Vase_01/model.sdf
[1.164s] -- Installing: /home/unknown/ROS2_Workspaces/bumperbot_ws/install/bumper_bot/share/bumper_bot/models/aws_robomaker_residential_Vase_01/materials
[1.164s] -- Installing: /home/unknown/ROS2_Workspaces/bumperbot_ws/install/bumper_bot/share/bumper_bot/models/aws_robomaker_residential_Vase_01/materials/textures
[1.165s] -- Installing: /home/unknown/ROS2_Workspaces/bumperbot_ws/install/bumper_bot/share/bumper_bot/models/aws_robomaker_residential_Vase_01/materials/textures/aws_Vase_01.png
[1.165s] -- Installing: /home/unknown/ROS2_Workspaces/bumperbot_ws/install/bumper_bot/share/bumper_bot/models/aws_robomaker_residential_Vase_01/model.config
[1.168s] -- Installing: /home/unknown/ROS2_Workspaces/bumperbot_ws/install/bumper_bot/share/bumper_bot/models/aws_robomaker_residential_Vase_01/meshes
[1.169s] -- Installing: /home/unknown/ROS2_Workspaces/bumperbot_ws/install/bumper_bot/share/bumper_bot/models/aws_robomaker_residential_Vase_01/meshes/aws_Vase_01_visual.DAE
[1.169s] -- Installing: /home/unknown/ROS2_Workspaces/bumperbot_ws/install/bumper_bot/share/bumper_bot/models/aws_robomaker_residential_Vase_01/meshes/aws_Vase_01_collision.DAE
[1.169s] -- Installing: /home/unknown/ROS2_Workspaces/bumperbot_ws/install/bumper_bot/share/bumper_bot/models/aws_robomaker_residential_Ball_01
[1.169s] -- Installing: /home/unknown/ROS2_Workspaces/bumperbot_ws/install/bumper_bot/share/bumper_bot/models/aws_robomaker_residential_Ball_01/model.sdf
[1.169s] -- Installing: /home/unknown/ROS2_Workspaces/bumperbot_ws/install/bumper_bot/share/bumper_bot/models/aws_robomaker_residential_Ball_01/materials
[1.169s] -- Installing: /home/unknown/ROS2_Workspaces/bumperbot_ws/install/bumper_bot/share/bumper_bot/models/aws_robomaker_residential_Ball_01/materials/textures
[1.169s] -- Installing: /home/unknown/ROS2_Workspaces/bumperbot_ws/install/bumper_bot/share/bumper_bot/models/aws_robomaker_residential_Ball_01/materials/textures/aws_Ball_01.png
[1.170s] -- Installing: /home/unknown/ROS2_Workspaces/bumperbot_ws/install/bumper_bot/share/bumper_bot/models/aws_robomaker_residential_Ball_01/model.config
[1.170s] -- Installing: /home/unknown/ROS2_Workspaces/bumperbot_ws/install/bumper_bot/share/bumper_bot/models/aws_robomaker_residential_Ball_01/meshes
[1.170s] -- Installing: /home/unknown/ROS2_Workspaces/bumperbot_ws/install/bumper_bot/share/bumper_bot/models/aws_robomaker_residential_Ball_01/meshes/aws_Ball_01_collision.DAE
[1.170s] -- Installing: /home/unknown/ROS2_Workspaces/bumperbot_ws/install/bumper_bot/share/bumper_bot/models/aws_robomaker_residential_Ball_01/meshes/aws_Ball_01_visual.DAE
[1.170s] -- Installing: /home/unknown/ROS2_Workspaces/bumperbot_ws/install/bumper_bot/share/bumper_bot/models/aws_robomaker_residential_SofaC_01
[1.170s] -- Installing: /home/unknown/ROS2_Workspaces/bumperbot_ws/install/bumper_bot/share/bumper_bot/models/aws_robomaker_residential_SofaC_01/model.sdf
[1.170s] -- Installing: /home/unknown/ROS2_Workspaces/bumperbot_ws/install/bumper_bot/share/bumper_bot/models/aws_robomaker_residential_SofaC_01/materials
[1.171s] -- Installing: /home/unknown/ROS2_Workspaces/bumperbot_ws/install/bumper_bot/share/bumper_bot/models/aws_robomaker_residential_SofaC_01/materials/textures
[1.171s] -- Installing: /home/unknown/ROS2_Workspaces/bumperbot_ws/install/bumper_bot/share/bumper_bot/models/aws_robomaker_residential_SofaC_01/materials/textures/aws_SofaC_01.png
[1.171s] -- Installing: /home/unknown/ROS2_Workspaces/bumperbot_ws/install/bumper_bot/share/bumper_bot/models/aws_robomaker_residential_SofaC_01/model.config
[1.171s] -- Installing: /home/unknown/ROS2_Workspaces/bumperbot_ws/install/bumper_bot/share/bumper_bot/models/aws_robomaker_residential_SofaC_01/meshes
[1.171s] -- Installing: /home/unknown/ROS2_Workspaces/bumperbot_ws/install/bumper_bot/share/bumper_bot/models/aws_robomaker_residential_SofaC_01/meshes/aws_SofaC_01_visual.DAE
[1.172s] -- Installing: /home/unknown/ROS2_Workspaces/bumperbot_ws/install/bumper_bot/share/bumper_bot/models/aws_robomaker_residential_SofaC_01/meshes/aws_SofaC_01_collision.DAE
[1.172s] -- Installing: /home/unknown/ROS2_Workspaces/bumperbot_ws/install/bumper_bot/share/bumper_bot/models/aws_robomaker_residential_DeskPortraitD_03
[1.175s] -- Installing: /home/unknown/ROS2_Workspaces/bumperbot_ws/install/bumper_bot/share/bumper_bot/models/aws_robomaker_residential_DeskPortraitD_03/model.sdf
[1.176s] -- Installing: /home/unknown/ROS2_Workspaces/bumperbot_ws/install/bumper_bot/share/bumper_bot/models/aws_robomaker_residential_DeskPortraitD_03/materials
[1.176s] -- Installing: /home/unknown/ROS2_Workspaces/bumperbot_ws/install/bumper_bot/share/bumper_bot/models/aws_robomaker_residential_DeskPortraitD_03/materials/textures
[1.176s] -- Installing: /home/unknown/ROS2_Workspaces/bumperbot_ws/install/bumper_bot/share/bumper_bot/models/aws_robomaker_residential_DeskPortraitD_03/materials/textures/aws_DeskPortraitD_02.png
[1.176s] -- Installing: /home/unknown/ROS2_Workspaces/bumperbot_ws/install/bumper_bot/share/bumper_bot/models/aws_robomaker_residential_DeskPortraitD_03/materials/textures/aws_DeskPortraitD_01.png
[1.176s] -- Installing: /home/unknown/ROS2_Workspaces/bumperbot_ws/install/bumper_bot/share/bumper_bot/models/aws_robomaker_residential_DeskPortraitD_03/model.config
[1.176s] -- Installing: /home/unknown/ROS2_Workspaces/bumperbot_ws/install/bumper_bot/share/bumper_bot/models/aws_robomaker_residential_DeskPortraitD_03/meshes
[1.176s] -- Installing: /home/unknown/ROS2_Workspaces/bumperbot_ws/install/bumper_bot/share/bumper_bot/models/aws_robomaker_residential_DeskPortraitD_03/meshes/aws_DeskPortraitD_01_collision.DAE
[1.177s] -- Installing: /home/unknown/ROS2_Workspaces/bumperbot_ws/install/bumper_bot/share/bumper_bot/models/aws_robomaker_residential_DeskPortraitD_03/meshes/aws_DeskPortraitD_01_visual.DAE
[1.177s] -- Installing: /home/unknown/ROS2_Workspaces/bumperbot_ws/install/bumper_bot/share/bumper_bot/models/aws_robomaker_warehouse_DeskC_01
[1.177s] -- Installing: /home/unknown/ROS2_Workspaces/bumperbot_ws/install/bumper_bot/share/bumper_bot/models/aws_robomaker_warehouse_DeskC_01/model.sdf
[1.177s] -- Installing: /home/unknown/ROS2_Workspaces/bumperbot_ws/install/bumper_bot/share/bumper_bot/models/aws_robomaker_warehouse_DeskC_01/materials
[1.177s] -- Installing: /home/unknown/ROS2_Workspaces/bumperbot_ws/install/bumper_bot/share/bumper_bot/models/aws_robomaker_warehouse_DeskC_01/materials/textures
[1.177s] -- Installing: /home/unknown/ROS2_Workspaces/bumperbot_ws/install/bumper_bot/share/bumper_bot/models/aws_robomaker_warehouse_DeskC_01/materials/textures/aws_robomaker_warehouse_DeskC_04.png
[1.178s] -- Installing: /home/unknown/ROS2_Workspaces/bumperbot_ws/install/bumper_bot/share/bumper_bot/models/aws_robomaker_warehouse_DeskC_01/materials/textures/aws_robomaker_warehouse_DeskC_03.psd
[1.178s] -- Installing: /home/unknown/ROS2_Workspaces/bumperbot_ws/install/bumper_bot/share/bumper_bot/models/aws_robomaker_warehouse_DeskC_01/materials/textures/aws_robomaker_warehouse_DeskC_01.png
[1.178s] -- Installing: /home/unknown/ROS2_Workspaces/bumperbot_ws/install/bumper_bot/share/bumper_bot/models/aws_robomaker_warehouse_DeskC_01/materials/textures/aws_robomaker_warehouse_DeskC_03.png
[1.178s] -- Installing: /home/unknown/ROS2_Workspaces/bumperbot_ws/install/bumper_bot/share/bumper_bot/models/aws_robomaker_warehouse_DeskC_01/materials/textures/aws_robomaker_warehouse_DeskC_02.png
[1.178s] -- Installing: /home/unknown/ROS2_Workspaces/bumperbot_ws/install/bumper_bot/share/bumper_bot/models/aws_robomaker_warehouse_DeskC_01/materials/.DS_Store
[1.179s] -- Installing: /home/unknown/ROS2_Workspaces/bumperbot_ws/install/bumper_bot/share/bumper_bot/models/aws_robomaker_warehouse_DeskC_01/model.config
[1.179s] -- Installing: /home/unknown/ROS2_Workspaces/bumperbot_ws/install/bumper_bot/share/bumper_bot/models/aws_robomaker_warehouse_DeskC_01/meshes
[1.179s] -- Installing: /home/unknown/ROS2_Workspaces/bumperbot_ws/install/bumper_bot/share/bumper_bot/models/aws_robomaker_warehouse_DeskC_01/meshes/aws_robomaker_warehouse_DeskC_01_visual.DAE
[1.183s] -- Installing: /home/unknown/ROS2_Workspaces/bumperbot_ws/install/bumper_bot/share/bumper_bot/models/aws_robomaker_warehouse_DeskC_01/meshes/aws_robomaker_warehouse_DeskC_01_collision.DAE
[1.183s] -- Installing: /home/unknown/ROS2_Workspaces/bumperbot_ws/install/bumper_bot/share/bumper_bot/models/aws_robomaker_warehouse_ClutteringA_01
[1.183s] -- Installing: /home/unknown/ROS2_Workspaces/bumperbot_ws/install/bumper_bot/share/bumper_bot/models/aws_robomaker_warehouse_ClutteringA_01/model.sdf
[1.183s] -- Installing: /home/unknown/ROS2_Workspaces/bumperbot_ws/install/bumper_bot/share/bumper_bot/models/aws_robomaker_warehouse_ClutteringA_01/.DS_Store
[1.183s] -- Installing: /home/unknown/ROS2_Workspaces/bumperbot_ws/install/bumper_bot/share/bumper_bot/models/aws_robomaker_warehouse_ClutteringA_01/materials
[1.183s] -- Installing: /home/unknown/ROS2_Workspaces/bumperbot_ws/install/bumper_bot/share/bumper_bot/models/aws_robomaker_warehouse_ClutteringA_01/materials/textures
[1.184s] -- Installing: /home/unknown/ROS2_Workspaces/bumperbot_ws/install/bumper_bot/share/bumper_bot/models/aws_robomaker_warehouse_ClutteringA_01/materials/textures/aws_robomaker_warehouse_ClutteringA_01.png
[1.184s] -- Installing: /home/unknown/ROS2_Workspaces/bumperbot_ws/install/bumper_bot/share/bumper_bot/models/aws_robomaker_warehouse_ClutteringA_01/materials/textures/.DS_Store
[1.184s] -- Installing: /home/unknown/ROS2_Workspaces/bumperbot_ws/install/bumper_bot/share/bumper_bot/models/aws_robomaker_warehouse_ClutteringA_01/materials/textures/aws_robomaker_warehouse_ClutteringA_02.png
[1.184s] -- Installing: /home/unknown/ROS2_Workspaces/bumperbot_ws/install/bumper_bot/share/bumper_bot/models/aws_robomaker_warehouse_ClutteringA_01/materials/textures/aws_robomaker_warehouse_ClutteringA_03.png
[1.184s] -- Installing: /home/unknown/ROS2_Workspaces/bumperbot_ws/install/bumper_bot/share/bumper_bot/models/aws_robomaker_warehouse_ClutteringA_01/materials/.DS_Store
[1.185s] -- Installing: /home/unknown/ROS2_Workspaces/bumperbot_ws/install/bumper_bot/share/bumper_bot/models/aws_robomaker_warehouse_ClutteringA_01/model.config
[1.185s] -- Installing: /home/unknown/ROS2_Workspaces/bumperbot_ws/install/bumper_bot/share/bumper_bot/models/aws_robomaker_warehouse_ClutteringA_01/meshes
[1.185s] -- Installing: /home/unknown/ROS2_Workspaces/bumperbot_ws/install/bumper_bot/share/bumper_bot/models/aws_robomaker_warehouse_ClutteringA_01/meshes/aws_robomaker_warehouse_ClutteringA_01_collision.DAE
[1.185s] -- Installing: /home/unknown/ROS2_Workspaces/bumperbot_ws/install/bumper_bot/share/bumper_bot/models/aws_robomaker_warehouse_ClutteringA_01/meshes/aws_robomaker_warehouse_ClutteringA_01_visual.DAE
[1.185s] -- Installing: /home/unknown/ROS2_Workspaces/bumperbot_ws/install/bumper_bot/share/bumper_bot/models/aws_robomaker_residential_PortraitE_02
[1.185s] -- Installing: /home/unknown/ROS2_Workspaces/bumperbot_ws/install/bumper_bot/share/bumper_bot/models/aws_robomaker_residential_PortraitE_02/model.sdf
[1.186s] -- Installing: /home/unknown/ROS2_Workspaces/bumperbot_ws/install/bumper_bot/share/bumper_bot/models/aws_robomaker_residential_PortraitE_02/materials
[1.186s] -- Installing: /home/unknown/ROS2_Workspaces/bumperbot_ws/install/bumper_bot/share/bumper_bot/models/aws_robomaker_residential_PortraitE_02/materials/textures
[1.186s] -- Installing: /home/unknown/ROS2_Workspaces/bumperbot_ws/install/bumper_bot/share/bumper_bot/models/aws_robomaker_residential_PortraitE_02/materials/textures/aws_PortraitE_02.png
[1.186s] -- Installing: /home/unknown/ROS2_Workspaces/bumperbot_ws/install/bumper_bot/share/bumper_bot/models/aws_robomaker_residential_PortraitE_02/materials/textures/aws_PortraitE_01.png
[1.186s] -- Installing: /home/unknown/ROS2_Workspaces/bumperbot_ws/install/bumper_bot/share/bumper_bot/models/aws_robomaker_residential_PortraitE_02/model.config
[1.190s] -- Installing: /home/unknown/ROS2_Workspaces/bumperbot_ws/install/bumper_bot/share/bumper_bot/models/aws_robomaker_residential_PortraitE_02/meshes
[1.190s] -- Installing: /home/unknown/ROS2_Workspaces/bumperbot_ws/install/bumper_bot/share/bumper_bot/models/aws_robomaker_residential_PortraitE_02/meshes/aws_PortraitE_01_visual.DAE
[1.190s] -- Installing: /home/unknown/ROS2_Workspaces/bumperbot_ws/install/bumper_bot/share/bumper_bot/models/aws_robomaker_residential_PortraitE_02/meshes/aws_PortraitE_01_collision.DAE
[1.190s] -- Installing: /home/unknown/ROS2_Workspaces/bumperbot_ws/install/bumper_bot/share/bumper_bot/models/aws_robomaker_residential_Door_01
[1.190s] -- Installing: /home/unknown/ROS2_Workspaces/bumperbot_ws/install/bumper_bot/share/bumper_bot/models/aws_robomaker_residential_Door_01/model.sdf
[1.190s] -- Installing: /home/unknown/ROS2_Workspaces/bumperbot_ws/install/bumper_bot/share/bumper_bot/models/aws_robomaker_residential_Door_01/materials
[1.191s] -- Installing: /home/unknown/ROS2_Workspaces/bumperbot_ws/install/bumper_bot/share/bumper_bot/models/aws_robomaker_residential_Door_01/materials/textures
[1.191s] -- Installing: /home/unknown/ROS2_Workspaces/bumperbot_ws/install/bumper_bot/share/bumper_bot/models/aws_robomaker_residential_Door_01/materials/textures/aws_Door_01.png
[1.191s] -- Installing: /home/unknown/ROS2_Workspaces/bumperbot_ws/install/bumper_bot/share/bumper_bot/models/aws_robomaker_residential_Door_01/model.config
[1.191s] -- Installing: /home/unknown/ROS2_Workspaces/bumperbot_ws/install/bumper_bot/share/bumper_bot/models/aws_robomaker_residential_Door_01/meshes
[1.191s] -- Installing: /home/unknown/ROS2_Workspaces/bumperbot_ws/install/bumper_bot/share/bumper_bot/models/aws_robomaker_residential_Door_01/meshes/aws_Door_01_visual.DAE
[1.191s] -- Installing: /home/unknown/ROS2_Workspaces/bumperbot_ws/install/bumper_bot/share/bumper_bot/models/aws_robomaker_residential_Door_01/meshes/aws_Door_01_collision.DAE
[1.191s] -- Installing: /home/unknown/ROS2_Workspaces/bumperbot_ws/install/bumper_bot/share/bumper_bot/models/aws_robomaker_residential_DeskPortraitA_01
[1.192s] -- Installing: /home/unknown/ROS2_Workspaces/bumperbot_ws/install/bumper_bot/share/bumper_bot/models/aws_robomaker_residential_DeskPortraitA_01/model.sdf
[1.192s] -- Installing: /home/unknown/ROS2_Workspaces/bumperbot_ws/install/bumper_bot/share/bumper_bot/models/aws_robomaker_residential_DeskPortraitA_01/materials
[1.192s] -- Installing: /home/unknown/ROS2_Workspaces/bumperbot_ws/install/bumper_bot/share/bumper_bot/models/aws_robomaker_residential_DeskPortraitA_01/materials/textures
[1.192s] -- Installing: /home/unknown/ROS2_Workspaces/bumperbot_ws/install/bumper_bot/share/bumper_bot/models/aws_robomaker_residential_DeskPortraitA_01/materials/textures/aws_DeskPortraitA_02.png
[1.192s] -- Installing: /home/unknown/ROS2_Workspaces/bumperbot_ws/install/bumper_bot/share/bumper_bot/models/aws_robomaker_residential_DeskPortraitA_01/materials/textures/aws_DeskPortraitA_01.png
[1.193s] -- Installing: /home/unknown/ROS2_Workspaces/bumperbot_ws/install/bumper_bot/share/bumper_bot/models/aws_robomaker_residential_DeskPortraitA_01/model.config
[1.193s] -- Installing: /home/unknown/ROS2_Workspaces/bumperbot_ws/install/bumper_bot/share/bumper_bot/models/aws_robomaker_residential_DeskPortraitA_01/meshes
[1.193s] -- Installing: /home/unknown/ROS2_Workspaces/bumperbot_ws/install/bumper_bot/share/bumper_bot/models/aws_robomaker_residential_DeskPortraitA_01/meshes/aws_DeskPortraitA_01_collision.DAE
[1.193s] -- Installing: /home/unknown/ROS2_Workspaces/bumperbot_ws/install/bumper_bot/share/bumper_bot/models/aws_robomaker_residential_DeskPortraitA_01/meshes/aws_DeskPortraitA_01_visual.DAE
[1.194s] -- Installing: /home/unknown/ROS2_Workspaces/bumperbot_ws/install/bumper_bot/share/bumper_bot/models/aws_robomaker_residential_FloorB_01
[1.194s] -- Installing: /home/unknown/ROS2_Workspaces/bumperbot_ws/install/bumper_bot/share/bumper_bot/models/aws_robomaker_residential_FloorB_01/model.sdf
[1.194s] -- Installing: /home/unknown/ROS2_Workspaces/bumperbot_ws/install/bumper_bot/share/bumper_bot/models/aws_robomaker_residential_FloorB_01/materials
[1.194s] -- Installing: /home/unknown/ROS2_Workspaces/bumperbot_ws/install/bumper_bot/share/bumper_bot/models/aws_robomaker_residential_FloorB_01/materials/textures
[1.194s] -- Installing: /home/unknown/ROS2_Workspaces/bumperbot_ws/install/bumper_bot/share/bumper_bot/models/aws_robomaker_residential_FloorB_01/materials/textures/aws_FloorB_01.png
[1.195s] -- Installing: /home/unknown/ROS2_Workspaces/bumperbot_ws/install/bumper_bot/share/bumper_bot/models/aws_robomaker_residential_FloorB_01/model.config
[1.195s] -- Installing: /home/unknown/ROS2_Workspaces/bumperbot_ws/install/bumper_bot/share/bumper_bot/models/aws_robomaker_residential_FloorB_01/meshes
[1.195s] -- Installing: /home/unknown/ROS2_Workspaces/bumperbot_ws/install/bumper_bot/share/bumper_bot/models/aws_robomaker_residential_FloorB_01/meshes/aws_FloorB_01_visual.DAE
[1.195s] -- Installing: /home/unknown/ROS2_Workspaces/bumperbot_ws/install/bumper_bot/share/bumper_bot/models/aws_robomaker_residential_FloorB_01/meshes/aws_FloorB_01_collision.DAE
[1.195s] -- Installing: /home/unknown/ROS2_Workspaces/bumperbot_ws/install/bumper_bot/share/bumper_bot/photos
[1.196s] -- Installing: /home/unknown/ROS2_Workspaces/bumperbot_ws/install/bumper_bot/share/bumper_bot/photos/DeskPortraitC_02.jpg
[1.199s] -- Installing: /home/unknown/ROS2_Workspaces/bumperbot_ws/install/bumper_bot/share/bumper_bot/photos/DeskPortraitB_02.jpg
[1.207s] -- Installing: /home/unknown/ROS2_Workspaces/bumperbot_ws/install/bumper_bot/share/bumper_bot/photos/PortraitD_01.jpg
[1.208s] -- Installing: /home/unknown/ROS2_Workspaces/bumperbot_ws/install/bumper_bot/share/bumper_bot/photos/PortraitB_02.jpg
[1.212s] -- Installing: /home/unknown/ROS2_Workspaces/bumperbot_ws/install/bumper_bot/share/bumper_bot/photos/PortraitB_01.jpg
[1.213s] -- Installing: /home/unknown/ROS2_Workspaces/bumperbot_ws/install/bumper_bot/share/bumper_bot/photos/PortraitC_01.jpg
[1.214s] -- Installing: /home/unknown/ROS2_Workspaces/bumperbot_ws/install/bumper_bot/share/bumper_bot/photos/PortraitB_03.jpg
[1.214s] -- Installing: /home/unknown/ROS2_Workspaces/bumperbot_ws/install/bumper_bot/share/bumper_bot/photos/PortraitD_02.jpg
[1.215s] -- Installing: /home/unknown/ROS2_Workspaces/bumperbot_ws/install/bumper_bot/share/bumper_bot/photos/DeskPortraitD_04.jpg
[1.216s] -- Installing: /home/unknown/ROS2_Workspaces/bumperbot_ws/install/bumper_bot/share/bumper_bot/photos/DeskPortraitD_03.jpg
[1.217s] -- Installing: /home/unknown/ROS2_Workspaces/bumperbot_ws/install/bumper_bot/share/bumper_bot/photos/DeskPortraitD_01.jpg
[1.218s] -- Installing: /home/unknown/ROS2_Workspaces/bumperbot_ws/install/bumper_bot/share/bumper_bot/photos/DeskPortraitB_01.jpg
[1.219s] -- Installing: /home/unknown/ROS2_Workspaces/bumperbot_ws/install/bumper_bot/share/bumper_bot/photos/PortraitA_02.jpg
[1.221s] -- Installing: /home/unknown/ROS2_Workspaces/bumperbot_ws/install/bumper_bot/share/bumper_bot/photos/DeskPortraitD_02.jpg
[1.221s] -- Installing: /home/unknown/ROS2_Workspaces/bumperbot_ws/install/bumper_bot/share/bumper_bot/photos/DeskPortraitC_01.jpg
[1.230s] -- Installing: /home/unknown/ROS2_Workspaces/bumperbot_ws/install/bumper_bot/share/bumper_bot/photos/DeskPortraitA_02.jpg
[1.235s] -- Installing: /home/unknown/ROS2_Workspaces/bumperbot_ws/install/bumper_bot/share/bumper_bot/photos/DeskPortraitA_01.jpg
[1.236s] -- Installing: /home/unknown/ROS2_Workspaces/bumperbot_ws/install/bumper_bot/share/bumper_bot/photos/PortraitA_01.jpg
[1.236s] -- Installing: /home/unknown/ROS2_Workspaces/bumperbot_ws/install/bumper_bot/share/bumper_bot/photos/PortraitE_01.jpg
[1.236s] -- Installing: /home/unknown/ROS2_Workspaces/bumperbot_ws/install/bumper_bot/share/bumper_bot/photos/PortraitE_02.jpg
[1.236s] -- Installing: /home/unknown/ROS2_Workspaces/bumperbot_ws/install/bumper_bot/share/ament_index/resource_index/package_run_dependencies/bumper_bot
[1.237s] -- Installing: /home/unknown/ROS2_Workspaces/bumperbot_ws/install/bumper_bot/share/ament_index/resource_index/parent_prefix_path/bumper_bot
[1.240s] -- Installing: /home/unknown/ROS2_Workspaces/bumperbot_ws/install/bumper_bot/share/bumper_bot/environment/ament_prefix_path.sh
[1.240s] -- Installing: /home/unknown/ROS2_Workspaces/bumperbot_ws/install/bumper_bot/share/bumper_bot/environment/ament_prefix_path.dsv
[1.240s] -- Installing: /home/unknown/ROS2_Workspaces/bumperbot_ws/install/bumper_bot/share/bumper_bot/environment/path.sh
[1.240s] -- Installing: /home/unknown/ROS2_Workspaces/bumperbot_ws/install/bumper_bot/share/bumper_bot/environment/path.dsv
[1.241s] -- Installing: /home/unknown/ROS2_Workspaces/bumperbot_ws/install/bumper_bot/share/bumper_bot/local_setup.bash
[1.241s] -- Installing: /home/unknown/ROS2_Workspaces/bumperbot_ws/install/bumper_bot/share/bumper_bot/local_setup.sh
[1.241s] -- Installing: /home/unknown/ROS2_Workspaces/bumperbot_ws/install/bumper_bot/share/bumper_bot/local_setup.zsh
[1.241s] -- Installing: /home/unknown/ROS2_Workspaces/bumperbot_ws/install/bumper_bot/share/bumper_bot/local_setup.dsv
[1.241s] -- Installing: /home/unknown/ROS2_Workspaces/bumperbot_ws/install/bumper_bot/share/bumper_bot/package.dsv
[1.241s] -- Installing: /home/unknown/ROS2_Workspaces/bumperbot_ws/install/bumper_bot/share/ament_index/resource_index/packages/bumper_bot
[1.242s] -- Installing: /home/unknown/ROS2_Workspaces/bumperbot_ws/install/bumper_bot/share/bumper_bot/cmake/bumper_botConfig.cmake
[1.242s] -- Installing: /home/unknown/ROS2_Workspaces/bumperbot_ws/install/bumper_bot/share/bumper_bot/cmake/bumper_botConfig-version.cmake
[1.246s] -- Installing: /home/unknown/ROS2_Workspaces/bumperbot_ws/install/bumper_bot/share/bumper_bot/package.xml
[1.247s] Invoked command in '/home/unknown/ROS2_Workspaces/bumperbot_ws/build/bumper_bot' returned '0': CMAKE_PREFIX_PATH=/home/unknown/ROS2_Workspaces/bumperbot_ws/install/ign_ros2_control:/home/unknown/ROS2_Workspaces/bumperbot_ws/install/gz_ros2_control:/home/unknown/ROS2_Workspaces/bumperbot_ws/install/ign_ros2_control_demos:/home/unknown/ROS2_Workspaces/bumperbot_ws/install/bumper_bot:/home/unknown/ROS2_Workspaces/bumperbot_ws/install/gz_ros2_control_tests:/home/unknown/ROS2_Workspaces/bumperbot_ws/install/gz_ros2_control_demos:/home/unknown/ROS2_Workspaces/bumperbot_ws/install/cpp_folder:/home/unknown/ROS2_Workspaces/bumperbot_ws/install/bumperbot_utils:/home/unknown/ROS2_Workspaces/bumperbot_ws/install/bumperbot_msgs:/home/unknown/ROS2_Workspaces/bumperbot_ws/install/bumperbot_localisation:/home/unknown/ROS2_Workspaces/bumperbot_ws/install/bumperbot_firmware:/home/unknown/ROS2_Workspaces/bumperbot_ws/install/bumperbot_controller:/home/unknown/bumperbot_ws/install/ign_ros2_control_demos:/home/unknown/bumperbot_ws/install/bumper_bot:/home/unknown/bumperbot_ws/install/ign_ros2_control:/home/unknown/bumperbot_ws/install/gz_ros2_control_tests:/home/unknown/bumperbot_ws/install/gz_ros2_control_demos:/home/unknown/bumperbot_ws/install/gz_ros2_control:/home/unknown/bumperbot_ws/install/cpp_folder:/home/unknown/bumperbot_ws/install/bumperbot_utils:/home/unknown/bumperbot_ws/install/bumperbot_msgs:/home/unknown/bumperbot_ws/install/bumperbot_localisation:/home/unknown/bumperbot_ws/install/bumperbot_firmware:/home/unknown/bumperbot_ws/install/bumperbot_controller:/home/unknown/ros2_ws/install/rc_plane:/home/unknown/ros2_ws/install/ign_ros2_control_demos:/home/unknown/ros2_ws/install/bumper_bot:/home/unknown/ros2_ws/install/ign_ros2_control:/home/unknown/ros2_ws/install/gz_ros2_control_tests:/home/unknown/ros2_ws/install/gz_ros2_control_demos:/home/unknown/ros2_ws/install/gz_ros2_control:/home/unknown/ros2_ws/install/cpp_folder:/home/unknown/ros2_ws/install/bumperbot_utils:/home/unknown/ros2_ws/install/bumperbot_msgs:/home/unknown/ros2_ws/install/bumperbot_localisation:/home/unknown/ros2_ws/install/bumperbot_firmware:/home/unknown/ros2_ws/install/bumperbot_controller:/home/unknown/ROS2_Workspaces/bumperbot_ws/install/my_robot_controller:/home/unknown/ROS2_Workspaces/bumperbot_ws/install/bumper_bot_py:/home/unknown/bumperbot_ws/install/my_robot_controller:/home/unknown/bumperbot_ws/install/bumper_bot_py:/home/unknown/ros2_ws/install/my_robot_controller:/home/unknown/ros2_ws/install/bumper_bot_py:/opt/ros/humble /usr/bin/cmake --install /home/unknown/ROS2_Workspaces/bumperbot_ws/build/bumper_bot
